time,temperature_2m_max,temperature_2m_min,temperature_2m_mean,relative_humidity_2m_mean,cloud_cover_mean,pressure_msl_mean,precipitation_sum,precipitation_hours,wind_speed_10m_max,shortwave_radiation_sum,sunshine_duration
2015-01-01,31.5,21.8,26.3,72,74,1012.4,0.3,1.0,19.9,29.6,47560.45
2015-01-02,30.9,22.2,25.9,75,65,1012.8,7.8,6.0,20.9,26.71,47593.65
2015-01-03,25.0,21.4,22.8,92,93,1015.6,5.7,11.0,16.3,18.41,34175.66
2015-01-04,25.6,21.2,22.7,89,95,1016.7,20.9,12.0,14.6,16.83,28601.84
2015-01-05,25.1,20.3,22.1,90,92,1017.1,5.9,7.0,14.6,13.23,26341.95
2015-01-06,27.7,20.2,23.0,86,66,1017.4,10.3,8.0,9.8,22.07,44011.99
2015-01-07,30.3,20.2,24.6,78,23,1015.4,7.6,8.0,11.1,26.56,47202.56
2015-01-08,30.1,19.9,25.0,76,21,1015.3,1.5,4.0,9.2,28.29,46958.54
2015-01-09,31.0,21.0,26.1,73,21,1014.3,0.5,1.0,13.8,27.07,46714.01
2015-01-10,31.6,21.6,26.0,76,30,1014.6,1.4,5.0,10.8,27.11,47013.27
2015-01-11,31.9,22.2,26.2,81,47,1014.5,2.4,3.0,11.4,25.98,44111.02
2015-01-12,33.2,22.7,27.1,77,47,1014.3,2.9,2.0,11.5,27.37,45760.39
2015-01-13,29.3,23.4,26.1,83,20,1014.3,3.1,5.0,11.2,25.51,46814.7
2015-01-14,31.4,22.9,26.3,77,59,1014.9,3.3,5.0,7.9,24.66,43651.33
2015-01-15,29.1,21.4,24.8,85,61,1015.8,3.1,6.0,16.5,23.62,45554.75
2015-01-16,29.3,21.3,24.8,82,66,1016.1,0.4,2.0,12.6,27.16,46308.28
2015-01-17,32.4,21.5,26.9,75,39,1013.8,0.0,0.0,8.9,27.93,46459.89
2015-01-18,31.4,22.3,26.7,78,65,1013.9,0.3,1.0,13.8,26.49,46454.79
2015-01-19,32.0,21.1,26.1,77,25,1014.2,0.3,1.0,13.7,28.16,46448.06
2015-01-20,32.1,20.9,25.8,74,27,1012.5,0.0,0.0,16.0,28.42,46439.71
2015-01-21,29.4,20.8,24.1,78,99,1013.9,1.2,4.0,18.7,21.32,36371.76
2015-01-22,25.0,19.4,21.2,86,77,1016.2,3.0,10.0,21.3,21.41,44185.94
2015-01-23,24.2,18.6,20.8,88,76,1016.8,3.2,4.0,18.1,20.48,43347.64
2015-01-24,26.0,18.7,21.8,84,62,1015.0,3.2,6.0,12.2,22.29,44633.64
2015-01-25,28.8,18.4,23.3,78,62,1013.9,2.3,7.0,18.5,25.86,45590.67
2015-01-26,28.2,20.1,23.5,81,99,1014.4,3.5,3.0,16.1,22.35,34386.99
2015-01-27,27.8,20.9,24.1,80,97,1014.8,3.4,8.0,14.6,20.14,35279.77
2015-01-28,29.4,21.2,25.0,75,95,1014.1,1.0,3.0,16.8,20.69,41118.83
2015-01-29,28.0,21.6,24.4,76,88,1013.6,2.0,4.0,25.0,21.01,43200.0
2015-01-30,23.4,20.1,21.5,88,97,1015.7,1.8,11.0,20.5,11.19,6381.67
2015-01-31,22.8,18.9,20.7,90,96,1018.0,0.5,3.0,18.8,11.4,12190.3
2015-02-01,25.5,19.7,22.0,89,92,1016.8,7.1,9.0,13.9,18.21,39779.21
2015-02-02,26.4,20.1,22.0,87,80,1015.8,15.2,10.0,14.9,20.58,41463.37
2015-02-03,26.0,18.8,21.9,89,61,1013.5,5.3,8.0,12.9,22.95,44346.11
2015-02-04,25.8,20.1,22.0,88,96,1011.1,4.4,13.0,13.4,11.38,9240.86
2015-02-05,25.2,18.9,20.9,90,93,1007.8,12.3,16.0,24.8,12.98,15589.11
2015-02-06,23.9,17.0,19.8,90,74,1008.1,13.6,9.0,15.5,15.21,35817.28
2015-02-07,25.8,18.3,21.1,86,60,1009.7,3.1,3.0,10.6,23.55,46058.94
2015-02-08,25.9,17.8,21.4,88,31,1012.2,2.6,6.0,14.3,23.37,45365.58
2015-02-09,27.1,18.5,22.4,86,45,1012.9,7.1,6.0,11.5,21.93,45383.18
2015-02-10,27.8,19.7,23.3,83,67,1014.2,3.9,4.0,19.8,19.48,42938.18
2015-02-11,28.6,20.1,24.2,81,58,1015.3,1.0,5.0,17.6,21.7,42889.47
2015-02-12,30.8,21.0,25.4,78,66,1015.9,0.8,1.0,18.0,25.53,44175.65
2015-02-13,30.3,21.3,25.0,80,91,1016.3,2.6,4.0,10.3,22.4,38733.0
2015-02-14,28.8,20.9,23.4,86,96,1015.3,6.1,11.0,10.8,20.78,34317.54
2015-02-15,24.4,19.1,21.4,92,82,1014.4,9.5,9.0,19.8,15.08,35282.27
2015-02-16,23.2,18.3,19.9,94,96,1014.9,16.8,23.0,9.0,7.38,9477.31
2015-02-17,24.4,19.4,21.2,92,99,1013.4,20.3,20.0,15.9,9.49,7584.62
2015-02-18,24.3,19.9,21.2,90,97,1011.5,18.5,22.0,21.3,9.0,12029.74
2015-02-19,26.7,20.9,23.3,79,76,1011.6,5.3,6.0,26.6,19.63,44540.23
2015-02-20,27.5,21.1,23.8,76,90,1014.5,0.8,2.0,19.0,19.96,34411.92
2015-02-21,28.6,20.4,23.7,82,82,1017.6,0.7,3.0,15.3,23.7,44075.65
2015-02-22,27.8,19.6,22.9,84,56,1018.1,0.0,0.0,17.8,26.23,42578.88
2015-02-23,28.9,20.2,23.7,82,73,1017.0,0.6,2.0,12.1,24.42,44237.6
2015-02-24,29.4,21.2,23.9,83,64,1016.7,6.1,6.0,14.5,23.06,43720.7
2015-02-25,29.0,19.4,23.4,83,70,1017.1,5.2,5.0,14.8,24.07,41800.69
2015-02-26,28.1,19.6,23.3,83,45,1014.2,3.0,8.0,10.7,22.05,42435.99
2015-02-27,29.5,19.5,24.3,78,66,1011.7,0.1,1.0,12.6,22.2,41957.54
2015-02-28,24.8,19.1,21.5,89,80,1015.1,4.3,9.0,22.4,18.93,40254.83
2015-03-01,23.3,17.9,20.2,85,73,1018.1,0.4,3.0,22.2,16.76,39077.11
2015-03-02,26.7,16.0,20.9,80,43,1017.6,0.0,0.0,17.6,27.04,44434.98
2015-03-03,27.1,17.3,21.9,81,52,1016.1,0.0,0.0,18.6,25.0,43644.91
2015-03-04,26.8,18.0,22.0,85,33,1015.6,0.2,1.0,14.1,22.32,43420.96
2015-03-05,28.1,19.4,23.2,85,71,1014.1,1.4,7.0,11.2,21.12,39472.97
2015-03-06,27.1,20.3,22.6,88,94,1013.5,11.3,12.0,10.5,13.83,19881.78
2015-03-07,24.1,20.1,21.6,91,93,1013.5,15.9,21.0,12.5,8.92,20288.97
2015-03-08,24.6,19.8,21.3,91,97,1013.5,23.1,14.0,9.5,11.48,15522.58
2015-03-09,24.3,19.3,21.1,91,98,1012.5,22.5,13.0,16.3,8.87,10676.96
2015-03-10,25.3,19.0,21.6,86,67,1010.8,2.4,7.0,18.6,15.19,32945.26
2015-03-11,26.5,19.7,22.3,85,55,1010.5,2.8,8.0,23.2,18.13,32475.49
2015-03-12,26.3,18.6,22.0,86,74,1012.2,3.3,5.0,14.3,16.33,34721.28
2015-03-13,26.6,19.6,22.2,86,97,1013.6,9.3,8.0,13.4,16.88,29512.68
2015-03-14,25.9,19.9,22.5,86,96,1014.5,6.0,14.0,4.7,16.91,37466.54
2015-03-15,26.8,20.3,22.5,88,94,1014.8,7.0,12.0,13.8,13.97,23708.71
2015-03-16,27.0,18.8,21.8,88,77,1014.1,10.5,7.0,11.1,18.55,30831.2
2015-03-17,24.1,19.3,21.0,91,99,1015.7,5.7,6.0,13.1,15.13,24450.15
2015-03-18,22.6,18.5,20.2,92,100,1017.1,5.6,16.0,12.0,10.67,4467.72
2015-03-19,24.1,18.9,20.4,94,100,1017.0,19.5,21.0,11.8,10.85,12542.24
2015-03-20,26.4,19.0,21.3,88,99,1014.3,9.5,11.0,10.0,15.8,26002.71
2015-03-21,24.4,19.3,21.1,84,95,1012.1,3.3,10.0,15.6,11.69,22896.89
2015-03-22,21.5,18.1,19.3,93,95,1013.2,23.7,18.0,16.6,8.86,17090.09
2015-03-23,22.5,17.0,19.2,88,73,1017.8,0.7,3.0,18.4,15.04,40334.45
2015-03-24,24.1,16.0,19.3,87,59,1020.2,0.0,0.0,17.1,19.83,40264.58
2015-03-25,24.2,16.2,19.8,85,58,1019.1,0.0,0.0,15.3,18.19,40276.84
2015-03-26,27.7,16.9,21.8,81,80,1014.9,0.0,0.0,15.9,20.81,39786.76
2015-03-27,26.5,18.0,21.5,85,76,1016.8,0.0,0.0,11.8,22.0,37018.65
2015-03-28,26.2,18.8,21.7,84,57,1018.1,0.0,0.0,14.3,20.85,42073.76
2015-03-29,26.6,18.8,21.3,90,89,1015.8,12.2,8.0,14.2,13.9,29483.46
2015-03-30,27.2,19.5,22.6,85,88,1014.0,0.0,0.0,14.8,14.98,34062.18
2015-03-31,27.0,20.2,22.8,84,67,1013.8,1.4,7.0,20.3,17.48,36000.0
2015-04-01,24.7,18.6,21.2,86,86,1016.2,0.0,0.0,15.9,17.28,36781.45
2015-04-02,23.7,16.8,19.7,84,41,1018.0,0.0,0.0,17.6,20.24,40124.45
2015-04-03,24.2,15.2,19.0,85,58,1016.2,0.0,0.0,17.1,18.34,39420.35
2015-04-04,26.2,17.1,20.9,83,66,1013.1,0.5,4.0,12.6,17.86,41111.26
2015-04-05,26.1,19.3,22.0,86,92,1010.4,5.2,7.0,22.7,11.43,29489.91
2015-04-06,23.0,17.1,20.1,89,75,1011.1,2.5,9.0,23.6,13.32,31130.08
2015-04-07,18.3,14.9,16.9,86,79,1016.9,0.9,9.0,24.0,12.0,22482.58
2015-04-08,22.4,14.0,17.3,80,23,1018.6,0.0,0.0,18.3,18.08,41448.97
2015-04-09,23.1,14.6,18.4,87,57,1019.2,0.2,2.0,13.7,15.58,36972.06
2015-04-10,23.3,16.9,19.3,86,77,1020.0,0.2,1.0,13.5,14.84,36501.17
2015-04-11,25.8,15.7,20.0,84,75,1018.4,0.0,0.0,12.7,17.11,40060.26
2015-04-12,24.8,16.6,19.9,86,78,1017.2,0.0,0.0,14.7,19.02,38140.28
2015-04-13,23.0,16.6,19.3,87,94,1018.6,0.0,0.0,15.0,14.21,34166.75
2015-04-14,23.8,17.2,20.0,87,79,1017.3,0.8,3.0,13.7,13.74,37478.05
2015-04-15,25.9,17.8,21.1,87,59,1015.0,4.0,6.0,14.8,13.79,36785.24
2015-04-16,24.8,18.2,20.5,90,63,1015.3,6.5,7.0,15.1,14.7,35569.93
2015-04-17,24.3,18.0,20.2,87,91,1017.2,0.0,0.0,14.8,13.58,33445.61
2015-04-18,27.8,17.5,22.0,84,69,1014.7,0.0,0.0,16.4,17.92,38599.85
2015-04-19,25.7,19.7,22.0,91,97,1014.5,2.8,8.0,10.2,10.71,28503.66
2015-04-20,27.6,19.9,23.3,85,88,1013.2,1.5,5.0,10.5,15.75,36298.27
2015-04-21,27.4,19.4,22.3,87,92,1013.8,5.0,4.0,17.1,14.64,26387.84
2015-04-22,22.3,18.2,19.7,94,100,1016.7,4.1,7.0,14.7,8.69,13349.96
2015-04-23,22.6,17.8,19.8,91,80,1017.5,4.5,11.0,14.5,9.37,27397.79
2015-04-24,25.2,18.4,20.8,89,74,1017.5,1.8,6.0,14.7,14.87,36403.56
2015-04-25,20.7,15.9,18.0,88,74,1019.6,0.2,2.0,18.3,13.47,36104.89
2015-04-26,21.9,15.6,18.0,87,77,1019.9,0.0,0.0,17.6,13.31,36922.9
2015-04-27,23.4,15.9,18.9,85,60,1018.4,0.0,0.0,14.9,16.18,34627.97
2015-04-28,24.2,16.7,19.4,85,74,1016.7,0.0,0.0,17.6,15.89,35619.66
2015-04-29,20.2,15.4,17.4,91,70,1018.2,0.4,3.0,17.8,14.98,35008.51
2015-04-30,18.5,14.3,16.1,91,72,1019.3,1.7,6.0,19.9,11.98,35432.68
2015-05-01,20.2,12.4,16.1,87,48,1017.9,0.0,0.0,16.1,14.23,37697.97
2015-05-02,24.1,14.4,18.3,84,71,1015.9,0.0,0.0,12.2,16.69,38018.6
2015-05-03,25.8,16.1,20.8,77,76,1014.1,0.0,0.0,21.5,15.2,36458.37
2015-05-04,20.8,17.4,19.7,82,97,1014.4,13.7,14.0,22.4,3.77,2780.19
2015-05-05,18.7,15.6,17.2,93,98,1018.8,1.4,11.0,16.3,6.0,2591.38
2015-05-06,19.1,15.1,16.9,89,86,1018.8,0.8,5.0,15.0,6.54,7183.92
2015-05-07,20.3,14.2,16.2,90,79,1019.2,0.1,1.0,17.9,14.97,31011.45
2015-05-08,16.7,13.5,15.1,87,91,1022.9,0.2,1.0,22.4,7.31,7863.38
2015-05-09,23.8,11.7,17.0,84,26,1020.0,0.0,0.0,12.2,17.29,37475.27
2015-05-10,23.6,13.6,18.3,87,90,1015.8,20.0,10.0,11.4,12.02,31633.04
2015-05-11,21.7,16.0,18.8,89,84,1012.9,1.1,8.0,20.5,9.34,27292.53
2015-05-12,19.7,13.5,16.6,87,50,1017.4,0.6,6.0,15.6,13.2,36243.48
2015-05-13,19.0,14.6,16.3,88,99,1022.1,0.0,0.0,18.8,10.62,30688.78
2015-05-14,19.0,14.5,16.4,89,93,1022.1,0.0,0.0,19.2,10.47,27775.4
2015-05-15,20.6,14.0,16.6,86,88,1022.5,0.0,0.0,13.4,12.46,27811.48
2015-05-16,21.7,12.9,16.8,86,56,1023.6,0.0,0.0,12.7,16.95,36508.79
2015-05-17,21.8,13.9,17.7,86,95,1023.6,0.0,0.0,10.1,13.47,36253.52
2015-05-18,21.5,16.1,18.1,89,97,1022.7,0.8,4.0,12.4,10.38,22013.5
2015-05-19,20.3,16.5,17.6,93,91,1021.8,2.9,8.0,12.3,8.56,21600.0
2015-05-20,22.0,15.3,17.8,89,71,1021.5,0.2,1.0,10.6,13.29,32594.13
2015-05-21,23.3,15.7,18.7,87,69,1023.0,0.0,0.0,10.6,13.83,31086.73
2015-05-22,24.4,15.8,19.6,84,46,1022.2,0.0,0.0,7.2,14.11,33435.1
2015-05-23,25.3,14.8,19.8,79,61,1019.4,0.0,0.0,11.8,15.53,33458.63
2015-05-24,25.8,16.3,20.4,74,52,1016.7,0.0,0.0,21.2,16.08,36000.0
2015-05-25,26.7,16.1,21.0,81,82,1017.2,0.0,0.0,11.0,14.95,36000.0
2015-05-26,23.8,18.7,20.5,91,93,1018.5,0.0,0.0,12.0,9.91,29001.76
2015-05-27,26.8,18.6,21.7,79,57,1015.2,0.1,1.0,18.0,13.95,35479.61
2015-05-28,19.7,17.0,18.5,88,83,1014.8,8.7,13.0,20.7,3.88,4124.95
2015-05-29,20.3,15.3,17.0,86,69,1014.3,1.7,8.0,20.1,9.53,24763.77
2015-05-30,21.5,12.0,16.5,80,91,1016.5,2.7,3.0,12.4,13.22,32553.16
2015-05-31,20.1,15.2,17.1,93,99,1018.5,23.1,15.0,15.5,5.98,6410.04
2015-06-01,18.2,14.4,16.3,94,94,1021.5,0.6,4.0,15.1,5.05,800.53
2015-06-02,17.9,14.2,15.9,92,100,1021.6,0.0,0.0,15.6,5.11,3317.05
2015-06-03,21.5,15.3,17.7,88,68,1021.0,0.2,2.0,12.7,11.12,33089.58
2015-06-04,23.7,13.4,17.9,89,41,1022.3,0.0,0.0,10.3,14.16,34276.49
2015-06-05,23.9,14.9,18.8,84,46,1021.8,0.0,0.0,8.6,15.02,36133.08
2015-06-06,25.1,13.5,19.1,78,13,1018.8,0.0,0.0,16.4,15.19,36000.0
2015-06-07,24.9,15.0,19.5,73,9,1019.5,0.0,0.0,17.3,14.42,36136.95
2015-06-08,24.9,14.7,19.6,71,6,1018.9,0.0,0.0,10.5,15.29,36138.11
2015-06-09,24.6,14.3,19.3,70,3,1017.8,0.0,0.0,8.4,15.31,36138.67
2015-06-10,24.6,14.8,19.2,70,18,1017.5,0.0,0.0,15.3,14.5,36062.48
2015-06-11,25.6,14.1,19.5,68,0,1016.5,0.0,0.0,19.4,15.19,36137.5
2015-06-12,18.8,16.0,17.2,89,76,1018.6,0.0,0.0,17.1,4.86,7810.75
2015-06-13,26.3,15.1,19.9,76,24,1015.1,0.0,0.0,21.3,14.87,36133.55
2015-06-14,26.5,15.9,21.0,66,23,1011.9,0.0,0.0,33.9,14.91,36000.0
2015-06-15,20.3,12.1,15.5,90,87,1016.6,14.3,15.0,22.1,1.35,0.0
2015-06-16,16.4,10.9,13.6,90,95,1020.7,0.0,0.0,14.2,7.6,19332.6
2015-06-17,24.9,13.4,18.6,85,43,1018.7,0.0,0.0,12.3,12.75,36000.0
2015-06-18,26.1,15.2,19.7,82,29,1017.0,9.6,6.0,27.1,13.98,36000.0
2015-06-19,15.0,12.7,13.5,93,100,1025.7,3.9,12.0,25.5,3.2,0.0
2015-06-20,18.8,12.0,14.7,86,51,1026.8,0.0,0.0,22.0,10.92,32400.0
2015-06-21,22.9,11.4,16.4,82,25,1025.1,0.0,0.0,8.1,15.04,36094.63
2015-06-22,24.0,13.1,17.7,82,50,1023.6,0.0,0.0,9.0,14.11,33377.82
2015-06-23,23.2,13.9,17.7,83,43,1023.7,0.0,0.0,16.6,13.27,36000.0
2015-06-24,15.3,12.5,14.0,92,97,1028.9,1.1,8.0,24.0,5.3,1749.99
2015-06-25,16.8,12.4,13.9,89,86,1030.3,0.0,0.0,21.5,6.92,16965.48
2015-06-26,17.6,12.2,14.3,87,67,1030.4,0.0,0.0,18.9,9.65,33166.56
2015-06-27,19.7,9.4,14.2,84,22,1028.0,0.0,0.0,13.3,15.37,36327.49
2015-06-28,20.5,9.4,14.6,78,31,1024.2,0.0,0.0,10.0,15.47,36318.77
2015-06-29,23.2,9.8,16.2,76,35,1020.8,0.0,0.0,13.4,12.98,36030.49
2015-06-30,24.2,14.7,18.6,70,53,1018.5,0.0,0.0,26.2,14.55,36020.95
2015-07-01,20.8,15.7,17.5,85,78,1019.6,11.1,9.0,16.9,6.92,21949.45
2015-07-02,19.5,15.3,16.6,93,100,1019.6,2.2,2.0,12.4,5.52,3212.46
2015-07-03,20.3,15.2,17.6,90,99,1015.3,14.5,18.0,18.4,4.47,3816.58
2015-07-04,20.6,10.9,16.5,88,100,1016.7,11.6,12.0,19.1,5.71,3136.7
2015-07-05,14.1,10.5,12.2,87,99,1022.7,0.2,1.0,18.2,4.5,962.41
2015-07-06,20.2,12.7,15.7,88,92,1020.5,0.0,0.0,15.5,10.38,22258.15
2015-07-07,20.7,14.1,17.0,92,97,1018.8,9.0,15.0,14.4,6.23,13242.22
2015-07-08,19.9,15.1,17.4,89,100,1016.6,9.5,12.0,27.3,4.85,2350.12
2015-07-09,21.0,13.1,17.4,80,51,1017.7,0.2,1.0,30.2,12.08,33783.66
2015-07-10,22.9,12.2,16.9,84,34,1020.2,0.0,0.0,9.2,13.75,36456.13
2015-07-11,25.1,14.3,18.9,79,96,1019.7,0.7,2.0,17.7,12.53,30607.54
2015-07-12,26.3,13.8,19.7,77,34,1017.5,0.0,0.0,16.2,14.88,36428.02
2015-07-13,26.8,16.6,20.7,69,79,1016.0,0.0,0.0,19.9,14.31,36413.76
2015-07-14,26.8,17.0,21.0,62,57,1017.3,0.0,0.0,21.6,15.15,36950.77
2015-07-15,25.6,15.7,20.0,76,90,1021.3,0.0,0.0,14.0,13.91,36000.0
2015-07-16,25.1,15.6,19.3,85,99,1022.1,0.0,0.0,9.9,13.68,31989.54
2015-07-17,24.4,15.6,19.2,79,92,1022.9,0.0,0.0,15.6,13.78,33638.34
2015-07-18,23.7,15.0,18.4,77,66,1022.3,0.0,0.0,10.0,14.25,32579.44
2015-07-19,24.5,13.3,18.5,71,9,1020.9,0.0,0.0,14.2,16.02,37423.15
2015-07-20,24.8,12.6,18.5,67,30,1018.2,0.0,0.0,21.0,15.86,37133.55
2015-07-21,20.9,12.9,16.2,82,76,1018.1,1.3,4.0,21.9,5.25,14400.0
2015-07-22,15.2,12.6,13.8,90,100,1023.3,0.3,3.0,18.9,4.09,200.94
2015-07-23,20.1,14.0,16.4,89,89,1023.6,2.2,9.0,14.1,8.97,27697.08
2015-07-24,24.5,13.2,18.0,81,49,1019.9,8.1,7.0,17.0,14.82,36796.78
2015-07-25,17.3,13.7,15.4,98,89,1019.1,13.0,16.0,10.8,4.71,10178.12
2015-07-26,20.8,12.3,15.6,85,46,1019.0,0.0,0.0,12.7,14.77,32521.33
2015-07-27,21.6,11.5,15.2,86,52,1019.4,0.0,0.0,7.1,14.46,35630.73
2015-07-28,22.5,11.9,16.1,81,40,1020.5,0.0,0.0,7.5,17.18,37353.65
2015-07-29,22.0,11.7,15.8,84,47,1022.4,0.0,0.0,7.1,16.32,36169.27
2015-07-30,23.1,11.7,16.4,85,61,1022.3,0.0,0.0,9.7,16.38,35788.17
2015-07-31,25.2,15.2,18.9,83,48,1021.4,0.0,0.0,9.0,16.45,34639.07
2015-08-01,25.1,14.5,19.1,77,33,1020.5,0.0,0.0,7.7,16.95,37592.15
2015-08-02,25.2,12.8,19.3,65,1,1018.3,0.0,0.0,14.0,17.71,38448.71
2015-08-03,25.8,12.5,19.1,65,0,1018.3,0.0,0.0,17.0,17.87,38474.45
2015-08-04,26.1,15.0,19.7,69,2,1019.9,0.0,0.0,10.7,17.83,38499.94
2015-08-05,25.4,13.2,18.8,72,20,1018.9,0.0,0.0,11.8,16.96,38466.9
2015-08-06,26.2,15.8,20.1,68,46,1017.0,0.0,0.0,12.8,14.58,34782.04
2015-08-07,27.1,13.8,20.0,64,2,1016.7,0.0,0.0,13.0,18.12,38574.65
2015-08-08,26.7,14.5,19.8,72,3,1018.7,0.0,0.0,12.8,18.17,38598.92
2015-08-09,24.8,14.7,19.1,84,54,1020.2,0.0,0.0,12.8,16.55,38623.04
2015-08-10,25.5,14.3,19.7,79,19,1022.0,0.0,0.0,12.0,18.49,38646.97
2015-08-11,25.5,15.7,19.4,84,57,1022.8,0.0,0.0,13.6,17.47,37370.28
2015-08-12,24.4,15.2,18.9,81,21,1022.4,0.0,0.0,9.7,18.77,38694.3
2015-08-13,25.9,14.7,19.5,77,45,1022.0,0.0,0.0,10.8,18.87,38717.69
2015-08-14,25.7,13.9,19.2,78,37,1021.1,0.0,0.0,10.7,18.62,38740.9
2015-08-15,26.6,14.2,20.4,64,19,1020.4,0.0,0.0,16.9,18.14,38084.74
2015-08-16,27.2,15.3,20.4,69,20,1021.6,0.0,0.0,16.5,18.26,38824.72
2015-08-17,26.1,14.2,19.6,74,38,1021.0,0.0,0.0,11.3,19.09,38809.44
2015-08-18,26.4,15.3,20.7,60,83,1018.2,0.0,0.0,20.4,14.45,28643.65
2015-08-19,28.2,15.5,21.3,57,20,1014.3,0.7,1.0,29.5,17.33,38854.22
2015-08-20,18.3,12.5,15.4,84,62,1019.7,0.0,0.0,19.4,10.2,25250.1
2015-08-21,20.8,13.5,16.2,81,68,1019.9,0.0,0.0,17.5,16.17,35313.14
2015-08-22,24.4,13.9,18.1,80,45,1016.9,0.0,0.0,12.6,19.42,38920.06
2015-08-23,29.4,14.3,20.7,71,74,1014.9,0.0,0.0,16.0,19.85,38616.73
2015-08-24,18.1,14.1,16.7,85,100,1018.6,6.1,6.0,21.9,8.18,10385.84
2015-08-25,18.9,14.1,16.2,96,97,1018.8,15.3,20.0,15.8,8.62,11445.54
2015-08-26,23.2,15.3,18.2,87,57,1017.4,0.0,0.0,13.8,15.07,35079.64
2015-08-27,22.1,14.4,17.9,87,83,1017.5,8.5,6.0,14.4,8.2,18767.82
2015-08-28,20.1,13.9,16.5,85,75,1021.9,0.0,0.0,16.1,15.33,39047.17
2015-08-29,24.3,13.8,17.9,82,42,1021.5,0.0,0.0,12.1,20.89,39776.92
2015-08-30,28.8,13.2,21.0,72,2,1019.1,0.0,0.0,8.5,21.65,41043.18
2015-08-31,30.3,16.2,23.1,64,0,1017.8,0.0,0.0,11.2,21.69,41286.29
2015-09-01,29.2,16.0,20.2,72,31,1019.4,0.0,0.0,25.6,21.29,40849.11
2015-09-02,18.0,14.1,15.6,85,89,1021.1,0.0,0.0,18.6,11.33,29707.15
2015-09-03,24.2,14.2,17.6,84,65,1016.8,0.6,4.0,13.3,17.43,39214.21
2015-09-04,18.9,14.7,16.2,95,82,1017.1,2.8,11.0,16.1,9.43,20106.49
2015-09-05,17.7,13.8,15.4,88,86,1019.0,0.1,1.0,22.2,8.57,9909.92
2015-09-06,20.5,13.0,16.4,92,81,1015.6,3.8,7.0,13.0,11.3,28307.02
2015-09-07,24.8,15.3,19.8,86,67,1012.0,13.5,10.0,22.0,14.78,37796.12
2015-09-08,25.1,17.6,20.5,86,100,1009.5,42.3,16.0,21.1,8.4,8811.74
2015-09-09,21.7,15.7,18.6,82,66,1013.4,22.1,12.0,16.7,15.45,33843.54
2015-09-10,23.5,15.4,19.2,85,90,1013.3,4.4,8.0,22.3,11.19,18327.57
2015-09-11,21.6,14.9,18.6,91,97,1013.0,67.7,21.0,21.1,5.17,1236.64
2015-09-12,15.1,12.6,14.1,92,100,1019.8,4.0,14.0,16.4,4.68,510.18
2015-09-13,16.7,12.6,14.0,89,100,1022.0,0.6,4.0,17.2,9.39,5653.06
2015-09-14,20.0,13.3,15.8,84,77,1022.3,0.0,0.0,18.1,18.46,35422.38
2015-09-15,27.1,14.4,19.9,81,41,1018.6,0.1,1.0,16.2,21.06,40073.97
2015-09-16,30.6,17.2,23.5,69,16,1014.4,0.0,0.0,22.6,23.32,42647.93
2015-09-17,31.5,17.8,24.7,62,24,1013.7,0.0,0.0,19.3,23.62,42727.48
2015-09-18,32.1,18.8,25.6,59,20,1014.7,0.0,0.0,14.9,23.13,42807.35
2015-09-19,31.5,19.3,25.3,69,18,1015.8,0.0,0.0,15.0,24.09,42887.68
2015-09-20,29.6,18.5,22.9,82,43,1016.5,0.0,0.0,14.7,23.37,42968.42
2015-09-21,29.7,17.1,22.4,79,22,1015.4,0.0,0.0,10.7,24.46,43049.5
2015-09-22,31.1,17.2,23.0,75,15,1014.2,0.0,0.0,11.2,24.83,43129.52
2015-09-23,31.8,17.0,23.7,70,7,1012.7,0.0,0.0,11.3,25.14,43148.87
2015-09-24,33.9,18.1,26.1,59,0,1010.7,0.0,0.0,15.7,25.57,43168.31
2015-09-25,31.9,19.6,24.9,64,40,1013.2,1.6,2.0,11.2,20.98,43187.87
2015-09-26,24.7,19.1,20.8,91,98,1016.7,19.4,12.0,15.0,6.66,5589.99
2015-09-27,28.7,19.2,23.1,84,61,1013.2,6.8,10.0,17.1,20.93,36632.38
2015-09-28,25.0,17.7,20.6,88,89,1012.3,19.6,15.0,22.9,13.78,30985.3
2015-09-29,25.1,17.1,19.9,90,100,1013.8,2.3,9.0,13.6,11.85,16639.84
2015-09-30,26.1,18.5,20.8,88,88,1014.5,16.7,10.0,13.8,17.97,27429.54
2015-10-01,23.2,18.1,20.1,91,90,1016.1,2.2,5.0,15.6,15.29,34160.16
2015-10-02,28.2,18.7,22.9,82,73,1013.4,0.6,2.0,14.1,23.15,39288.93
2015-10-03,26.1,18.9,21.6,87,100,1015.0,6.3,15.0,15.3,10.94,13248.62
2015-10-04,19.3,16.1,17.7,94,99,1017.3,0.7,5.0,14.6,6.54,4652.97
2015-10-05,19.6,14.6,16.9,86,93,1019.2,0.0,0.0,19.2,14.09,34294.13
2015-10-06,23.0,13.6,17.5,86,54,1018.9,0.0,0.0,16.6,24.41,43200.0
2015-10-07,28.6,15.5,21.7,80,40,1015.5,0.0,0.0,12.4,25.95,43200.0
2015-10-08,31.7,17.8,24.7,69,44,1012.6,0.0,0.0,15.2,26.83,43200.0
2015-10-09,31.3,18.8,23.9,73,98,1013.5,0.0,0.0,18.8,22.55,37464.4
2015-10-10,27.7,19.4,22.5,82,97,1016.2,1.9,9.0,17.9,14.41,21399.43
2015-10-11,27.3,19.0,22.0,87,96,1015.8,0.0,0.0,13.6,16.8,31122.0
2015-10-12,28.2,18.9,22.8,80,81,1016.1,0.2,2.0,12.7,21.98,40242.95
2015-10-13,25.2,17.6,20.7,86,57,1017.4,6.1,6.0,14.0,21.72,41716.14
2015-10-14,29.1,17.8,22.7,79,36,1014.5,0.0,0.0,14.2,24.47,43200.0
2015-10-15,33.7,21.0,27.7,51,16,1012.1,0.0,0.0,22.0,25.21,43284.28
2015-10-16,32.6,19.3,25.1,69,64,1015.2,0.0,0.0,16.6,20.38,43200.0
2015-10-17,24.6,16.9,20.2,88,82,1019.3,0.0,0.0,22.5,21.3,36419.65
2015-10-18,18.4,15.3,16.5,86,100,1022.3,0.0,0.0,21.3,12.57,24161.68
2015-10-19,23.7,15.1,18.7,85,83,1018.5,0.0,0.0,17.6,23.01,41220.68
2015-10-20,34.1,17.1,25.0,70,36,1012.8,0.0,0.0,18.7,24.36,43666.94
2015-10-21,34.6,21.2,26.5,69,84,1012.4,4.1,5.0,17.3,25.59,43141.49
2015-10-22,28.4,19.8,22.9,86,88,1013.2,11.9,4.0,13.9,14.96,19974.21
2015-10-23,27.5,17.9,21.7,85,94,1015.8,0.5,2.0,18.7,22.81,36745.0
2015-10-24,21.5,15.4,18.4,85,95,1019.8,0.1,1.0,21.7,14.29,28043.61
2015-10-25,20.6,15.1,17.4,85,94,1019.8,0.0,0.0,20.7,16.57,34324.63
2015-10-26,27.1,16.4,20.4,86,99,1016.9,8.2,11.0,17.3,17.92,34499.33
2015-10-27,24.3,18.6,20.9,91,98,1015.0,9.9,13.0,13.4,15.43,30237.74
2015-10-28,23.6,18.5,20.2,90,96,1015.3,0.8,4.0,16.4,13.28,22403.92
2015-10-29,22.8,17.9,19.8,88,84,1017.5,0.9,5.0,21.4,20.9,39750.77
2015-10-30,27.2,16.9,21.2,79,60,1015.5,0.0,0.0,18.8,25.26,43462.97
2015-10-31,29.9,18.5,23.1,77,93,1012.9,0.8,2.0,18.1,22.32,32903.71
2015-11-01,21.8,18.9,20.1,93,99,1014.5,25.5,24.0,15.8,7.25,1773.49
2015-11-02,24.3,18.7,20.7,94,95,1013.3,32.3,24.0,14.3,8.25,10433.93
2015-11-03,24.9,19.4,21.4,93,100,1013.9,6.4,19.0,18.3,9.06,7402.65
2015-11-04,25.3,19.0,21.1,94,98,1014.2,16.5,20.0,16.9,10.44,8890.23
2015-11-05,26.2,18.6,21.4,87,87,1013.7,1.5,6.0,12.2,13.28,23265.41
2015-11-06,22.7,17.8,20.1,93,100,1016.2,4.9,14.0,17.7,12.27,21431.42
2015-11-07,20.1,17.3,18.3,94,100,1018.1,0.8,3.0,19.8,8.66,1355.95
2015-11-08,23.7,17.3,20.1,92,97,1016.5,5.4,12.0,16.5,17.2,38723.92
2015-11-09,26.0,18.6,21.7,91,81,1016.9,16.6,15.0,9.2,19.85,39680.6
2015-11-10,28.0,19.3,23.1,88,84,1017.3,0.1,1.0,13.8,25.56,41720.75
2015-11-11,30.9,20.5,24.9,82,99,1014.5,2.3,5.0,10.1,25.42,37913.87
2015-11-12,27.9,19.8,22.9,87,94,1013.1,0.5,1.0,14.3,26.61,40726.41
2015-11-13,29.2,19.7,24.3,82,94,1011.5,0.6,2.0,10.2,25.88,39050.63
2015-11-14,30.4,20.7,25.5,77,76,1011.0,0.0,0.0,20.0,26.19,41074.64
2015-11-15,26.1,18.8,22.0,91,100,1012.8,6.7,4.0,15.6,17.14,29240.85
2015-11-16,21.9,18.3,19.6,92,100,1013.1,0.0,0.0,17.2,11.47,11286.59
2015-11-17,27.7,18.5,22.4,84,93,1010.5,4.8,4.0,13.6,20.65,39917.91
2015-11-18,28.8,19.8,24.2,81,80,1008.1,2.0,5.0,15.3,23.68,42727.54
2015-11-19,29.5,21.3,25.0,79,88,1006.6,5.4,7.0,20.2,25.82,39847.24
2015-11-20,24.6,20.3,22.0,88,99,1007.5,14.7,15.0,27.7,7.71,2308.75
2015-11-21,20.3,16.6,18.3,89,85,1014.2,2.8,10.0,19.9,9.64,6401.18
2015-11-22,24.3,15.6,20.0,85,60,1013.6,0.4,2.0,13.9,16.68,35046.74
2015-11-23,23.6,18.9,20.5,94,98,1010.3,15.1,14.0,11.9,12.62,14493.94
2015-11-24,23.8,19.1,20.4,93,100,1008.8,26.7,19.0,19.4,7.79,3583.15
2015-11-25,24.0,19.4,21.1,90,100,1011.9,3.3,12.0,12.2,12.68,15277.14
2015-11-26,24.4,18.6,21.0,89,91,1015.1,1.5,5.0,16.3,20.65,40061.95
2015-11-27,27.0,17.2,21.2,82,72,1013.7,0.0,0.0,17.8,27.7,46779.96
2015-11-28,28.2,18.6,23.1,84,96,1011.1,7.3,10.0,27.1,21.55,40199.88
2015-11-29,26.4,19.5,21.8,90,90,1013.8,17.9,13.0,18.4,16.5,35665.15
2015-11-30,20.1,16.8,19.0,91,100,1018.2,0.2,2.0,21.0,10.93,8759.23
2015-12-01,22.8,16.9,19.2,88,98,1018.6,0.0,0.0,16.9,13.22,9480.93
2015-12-02,25.3,18.3,20.8,90,96,1016.0,3.0,5.0,16.4,17.36,35674.87
2015-12-03,22.9,18.6,20.3,92,98,1014.7,3.8,8.0,17.4,13.2,20713.58
2015-12-04,25.2,18.0,21.1,87,99,1012.7,12.6,8.0,12.6,20.37,39932.69
2015-12-05,28.4,18.8,23.0,85,89,1010.6,17.5,11.0,16.0,23.9,38413.35
2015-12-06,26.0,19.5,21.7,90,97,1011.7,31.0,19.0,8.7,15.44,35865.69
2015-12-07,21.7,17.5,19.5,94,100,1014.1,4.9,13.0,16.0,9.15,9101.69
2015-12-08,25.0,17.3,20.6,87,91,1015.7,0.6,2.0,15.5,18.16,39317.57
2015-12-09,27.8,18.4,23.4,83,98,1014.7,4.1,4.0,16.8,22.08,44352.11
2015-12-10,26.3,21.1,23.1,85,99,1012.0,4.7,12.0,29.2,12.97,14559.71
2015-12-11,25.5,20.3,22.3,87,79,1014.1,2.0,12.0,13.4,17.96,38994.3
2015-12-12,28.0,19.5,22.9,86,66,1014.2,19.8,13.0,11.5,20.94,35506.76
2015-12-13,28.7,20.1,23.7,83,80,1013.7,8.1,7.0,19.0,23.46,43200.0
2015-12-14,30.0,20.7,24.9,78,88,1013.2,1.4,2.0,15.9,27.17,46781.81
2015-12-15,30.3,21.2,25.1,77,78,1013.9,3.7,4.0,19.3,24.87,46277.64
2015-12-16,21.8,19.0,20.8,94,99,1016.6,9.8,17.0,17.7,9.98,7442.76
2015-12-17,27.1,19.0,22.5,85,69,1015.1,3.3,4.0,13.8,24.57,43974.16
2015-12-18,31.0,20.2,25.8,75,35,1012.8,0.1,1.0,15.9,29.48,48419.27
2015-12-19,30.5,20.7,24.4,81,90,1014.9,9.8,7.0,15.7,23.59,32649.7
2015-12-20,26.1,20.6,22.3,89,99,1016.3,6.4,15.0,14.9,16.3,20497.78
2015-12-21,26.6,20.2,22.2,89,89,1015.4,8.4,6.0,15.1,17.23,22577.65
2015-12-22,29.6,20.3,24.0,83,86,1014.5,8.0,8.0,13.6,25.79,45862.03
2015-12-23,30.4,21.8,25.8,76,89,1014.3,0.6,2.0,19.5,27.33,48026.82
2015-12-24,30.7,21.7,26.0,77,95,1015.0,1.2,2.0,16.0,26.54,46574.4
2015-12-25,27.6,22.2,24.1,87,95,1015.2,11.6,17.0,11.6,12.89,20969.57
2015-12-26,26.3,20.8,23.4,85,99,1013.2,2.9,11.0,10.7,14.15,21541.93
2015-12-27,27.0,20.2,22.9,85,96,1011.9,7.8,8.0,21.6,18.31,28892.3
2015-12-28,23.7,20.5,22.1,89,100,1013.2,10.2,20.0,23.4,7.53,858.86
2015-12-29,22.4,20.7,21.4,90,100,1016.0,15.7,21.0,20.9,3.88,0.0
2015-12-30,21.5,19.8,20.7,86,100,1016.3,23.8,24.0,23.1,4.71,140.63
2015-12-31,27.2,19.8,23.5,76,84,1012.8,1.1,5.0,31.8,22.66,43279.31
2016-01-01,27.8,21.1,23.3,87,78,1012.0,8.8,12.0,18.3,17.94,29730.18
2016-01-02,24.6,19.9,21.9,94,98,1013.2,26.0,19.0,15.8,12.18,19138.47
2016-01-03,23.3,19.0,20.8,90,97,1014.3,4.4,8.0,21.4,11.71,20698.91
2016-01-04,25.5,18.1,20.9,84,97,1015.5,0.0,0.0,21.9,23.61,45064.21
2016-01-05,26.5,16.9,21.3,80,63,1016.0,0.0,0.0,16.9,26.73,47413.13
2016-01-06,28.5,18.6,22.7,80,73,1014.1,0.0,0.0,16.8,27.5,46420.19
2016-01-07,28.7,18.8,23.3,81,87,1011.1,0.3,1.0,11.7,24.7,46431.55
2016-01-08,28.4,20.2,23.3,87,87,1011.5,0.9,5.0,15.9,24.27,46198.59
2016-01-09,29.0,20.6,23.6,88,99,1013.3,30.1,11.0,11.9,18.42,29581.02
2016-01-10,27.4,21.6,23.7,86,100,1013.1,14.2,22.0,16.2,13.02,15757.16
2016-01-11,22.9,21.5,22.3,91,100,1011.5,30.8,24.0,25.3,4.79,0.0
2016-01-12,25.3,21.6,22.8,90,100,1009.3,35.4,21.0,21.1,8.63,3726.02
2016-01-13,25.5,21.3,22.8,92,100,1009.1,14.6,20.0,11.9,9.27,10925.0
2016-01-14,24.4,21.2,22.3,93,99,1010.1,4.4,9.0,16.7,10.39,14921.74
2016-01-15,22.8,19.5,21.1,97,100,1009.9,43.7,19.0,18.8,5.14,0.0
2016-01-16,23.2,17.4,20.3,86,78,1011.9,0.0,0.0,24.4,19.3,45105.15
2016-01-17,23.7,16.1,19.4,80,31,1013.8,0.0,0.0,22.2,30.18,46460.59
2016-01-18,22.9,16.3,19.3,85,83,1013.6,0.0,0.0,22.1,15.09,33899.75
2016-01-19,21.8,17.0,19.2,85,55,1013.3,1.0,4.0,22.7,15.76,38822.29
2016-01-20,21.7,16.3,18.8,87,84,1013.7,0.0,0.0,22.0,12.4,18560.19
2016-01-21,23.7,17.2,19.6,82,55,1015.0,0.0,0.0,25.6,23.55,45972.95
2016-01-22,22.7,16.0,19.2,87,59,1016.0,0.2,1.0,22.0,21.65,46418.96
2016-01-23,24.6,16.7,20.2,85,71,1015.8,0.9,4.0,16.9,23.71,45213.6
2016-01-24,26.3,17.6,21.5,86,59,1014.0,5.5,5.0,13.5,24.02,38541.24
2016-01-25,28.7,19.1,24.1,81,33,1013.3,1.1,4.0,14.1,26.73,46378.0
2016-01-26,29.9,20.1,25.4,78,34,1011.2,1.1,3.0,18.9,27.47,46361.78
2016-01-27,26.1,21.2,23.5,89,99,1012.5,12.2,11.0,13.4,16.77,32002.42
2016-01-28,26.5,19.9,22.7,86,78,1014.9,0.0,0.0,17.2,17.6,33147.11
2016-01-29,27.8,20.2,23.6,84,85,1015.3,3.9,7.0,13.3,20.35,36496.11
2016-01-30,30.2,21.1,25.5,75,90,1015.5,0.9,3.0,20.3,25.72,46284.54
2016-01-31,31.4,21.0,26.5,64,93,1015.4,0.0,0.0,19.0,29.61,46262.2
2016-02-01,31.6,21.1,26.5,65,66,1015.8,0.0,0.0,14.0,28.47,46238.69
2016-02-02,29.3,20.4,24.2,82,71,1015.4,0.2,1.0,16.5,24.28,44581.29
2016-02-03,28.5,20.5,23.7,81,89,1014.6,0.3,1.0,16.1,25.15,46188.15
2016-02-04,30.2,19.8,24.2,81,98,1014.9,3.3,2.0,12.6,23.72,43446.71
2016-02-05,30.0,21.4,25.0,82,89,1015.8,4.8,5.0,10.4,22.0,42463.26
2016-02-06,27.1,21.2,23.5,88,72,1017.8,7.4,5.0,14.1,22.64,44842.64
2016-02-07,26.5,20.1,22.8,89,58,1017.1,2.3,6.0,13.1,21.79,43373.98
2016-02-08,28.7,20.4,24.0,84,53,1016.5,2.3,6.0,10.4,22.85,46036.91
2016-02-09,30.2,20.6,25.6,77,26,1016.2,0.3,1.0,16.5,26.07,46002.44
2016-02-10,30.0,21.7,25.1,80,87,1015.1,3.2,7.0,15.1,21.07,33818.42
2016-02-11,23.5,19.5,22.1,97,94,1015.0,16.1,23.0,17.3,7.74,5960.03
2016-02-12,25.2,18.1,20.8,84,39,1014.8,0.2,1.0,18.5,25.05,45891.85
2016-02-13,26.9,16.6,21.4,83,41,1013.1,0.0,0.0,16.3,23.01,45852.81
2016-02-14,30.6,19.1,24.8,78,92,1011.5,0.0,0.0,18.1,24.8,43946.45
2016-02-15,27.4,21.4,23.7,90,99,1013.0,15.4,16.0,17.9,11.41,18597.46
2016-02-16,24.9,20.8,22.5,90,99,1014.7,14.2,24.0,17.1,7.72,1498.83
2016-02-17,29.1,21.1,23.9,83,78,1014.0,11.4,9.0,19.2,18.99,34789.87
2016-02-18,28.2,20.9,23.9,86,91,1013.9,16.6,10.0,16.9,22.45,42078.05
2016-02-19,28.3,20.6,23.8,85,60,1013.2,2.7,6.0,11.4,21.34,44032.35
2016-02-20,28.4,20.3,23.6,85,68,1013.4,5.4,8.0,17.2,22.31,44273.33
2016-02-21,24.4,20.4,21.9,91,99,1014.3,12.3,17.0,9.2,7.93,5417.27
2016-02-22,24.3,20.5,22.2,90,100,1014.5,14.5,19.0,19.4,7.07,3792.69
2016-02-23,24.5,21.2,22.3,88,100,1017.1,12.2,21.0,16.5,6.28,0.0
2016-02-24,27.0,20.7,23.1,84,99,1015.3,1.3,3.0,15.1,12.54,24436.5
2016-02-25,27.8,20.1,23.1,80,81,1012.7,0.0,0.0,14.2,12.63,23026.49
2016-02-26,28.6,21.2,24.5,80,77,1011.8,0.8,4.0,21.0,22.42,43700.84
2016-02-27,28.5,22.3,24.7,80,86,1013.8,0.1,1.0,27.0,20.45,33621.81
2016-02-28,27.7,21.0,23.9,85,98,1015.1,13.7,12.0,21.8,17.97,34050.94
2016-02-29,20.9,18.4,19.8,93,99,1018.8,10.0,24.0,18.7,8.44,5322.04
2016-03-01,20.2,18.1,18.8,96,100,1019.6,19.3,22.0,15.3,6.18,3600.0
2016-03-02,23.5,18.1,20.1,94,97,1016.6,22.4,20.0,12.1,10.17,10595.75
2016-03-03,25.1,19.1,20.9,91,85,1011.4,5.9,15.0,30.6,9.4,7200.0
2016-03-04,26.2,19.7,21.7,86,51,1010.1,5.2,9.0,22.3,14.35,28563.65
2016-03-05,26.4,18.6,21.7,86,40,1013.2,4.5,4.0,19.7,17.69,43170.53
2016-03-06,27.6,18.6,22.4,87,33,1015.1,11.1,9.0,13.0,20.83,42919.75
2016-03-07,27.0,19.2,22.3,91,57,1015.8,4.9,6.0,13.3,20.55,34971.26
2016-03-08,26.9,19.5,22.6,88,66,1016.2,0.7,2.0,13.6,19.47,40834.38
2016-03-09,28.7,20.5,24.3,81,91,1013.6,1.0,2.0,12.6,21.48,36666.07
2016-03-10,27.6,21.7,24.3,78,83,1011.0,1.5,5.0,22.6,17.33,37475.42
2016-03-11,25.0,20.7,22.5,88,66,1010.8,3.3,12.0,23.8,10.7,21151.38
2016-03-12,26.0,18.4,21.5,86,45,1015.6,0.0,0.0,18.4,21.98,40945.77
2016-03-13,23.6,17.4,19.9,86,67,1020.2,0.1,1.0,17.4,15.04,33219.01
2016-03-14,24.8,18.0,20.8,88,61,1020.5,0.5,2.0,19.0,18.69,40423.27
2016-03-15,26.1,18.2,21.4,86,54,1020.6,1.0,3.0,18.6,21.63,42113.42
2016-03-16,23.7,19.3,21.1,92,94,1021.2,3.7,7.0,15.8,12.2,22623.33
2016-03-17,25.9,18.4,21.3,90,53,1019.4,2.5,6.0,13.5,19.77,39143.35
2016-03-18,26.7,17.6,22.2,84,26,1017.7,0.5,4.0,13.7,21.28,42408.23
2016-03-19,28.1,18.8,22.4,83,42,1017.1,0.0,0.0,15.1,24.52,39963.06
2016-03-20,26.7,17.8,21.7,84,63,1017.4,0.0,0.0,15.4,24.27,42361.05
2016-03-21,28.8,18.8,23.2,81,43,1016.2,0.3,1.0,12.8,23.66,42244.46
2016-03-22,29.3,20.1,24.1,80,93,1014.9,3.1,2.0,19.8,18.87,31456.94
2016-03-23,25.2,19.5,21.6,90,72,1014.9,8.8,14.0,12.4,13.5,27253.67
2016-03-24,25.9,19.1,21.5,89,93,1015.8,6.2,6.0,15.9,18.64,39771.74
2016-03-25,26.9,19.5,22.3,88,95,1015.1,20.4,15.0,13.6,13.58,28468.49
2016-03-26,26.7,21.0,23.0,85,72,1015.1,2.9,10.0,23.4,16.14,34798.35
2016-03-27,27.7,20.6,23.6,82,36,1016.2,0.4,3.0,19.8,17.85,42070.24
2016-03-28,28.5,20.4,23.6,85,34,1016.2,4.6,9.0,9.9,20.03,42179.01
2016-03-29,26.7,19.4,22.6,90,89,1017.9,2.3,4.0,12.0,17.91,32813.48
2016-03-30,26.8,20.1,22.6,88,96,1019.2,3.4,5.0,13.8,18.67,32043.68
2016-03-31,26.7,19.2,22.7,88,71,1019.0,0.3,2.0,11.6,20.74,41872.92
2016-04-01,26.8,20.2,22.3,89,59,1018.1,0.6,2.0,13.0,19.09,37658.13
2016-04-02,27.0,19.4,22.6,84,41,1016.0,0.0,0.0,9.0,21.95,39629.42
2016-04-03,28.4,20.2,23.6,83,58,1016.0,0.2,1.0,9.6,19.41,40367.82
2016-04-04,26.2,19.8,22.6,85,61,1019.3,0.0,0.0,16.4,20.24,40831.16
2016-04-05,26.7,19.3,22.1,85,56,1020.0,0.0,0.0,14.3,20.55,40283.01
2016-04-06,27.8,18.3,22.4,81,39,1016.3,0.0,0.0,12.1,20.87,39470.39
2016-04-07,29.3,18.6,23.3,81,42,1013.8,0.0,0.0,8.6,22.0,39437.44
2016-04-08,27.4,18.9,22.6,87,51,1013.8,0.2,1.0,10.3,18.9,37283.97
2016-04-09,28.8,19.8,23.9,83,45,1014.0,0.0,0.0,8.0,20.04,39605.83
2016-04-10,27.4,20.5,23.5,85,50,1014.8,0.5,3.0,14.2,18.68,39176.44
2016-04-11,27.1,19.8,22.8,85,44,1016.4,0.6,4.0,12.3,18.84,40795.63
2016-04-12,27.5,20.3,23.1,86,66,1017.6,0.6,3.0,14.7,17.88,39066.02
2016-04-13,27.8,20.2,23.3,83,65,1017.2,0.0,0.0,12.7,17.27,37365.45
2016-04-14,29.4,19.3,24.3,76,37,1016.5,0.0,0.0,13.5,18.43,40678.12
2016-04-15,28.9,21.3,24.5,79,24,1017.1,0.0,0.0,9.4,17.47,40896.38
2016-04-16,30.4,20.0,24.8,76,23,1017.5,0.0,0.0,9.4,19.83,40859.76
2016-04-17,30.4,20.0,24.5,75,40,1018.7,0.0,0.0,8.7,19.93,38798.55
2016-04-18,31.1,19.8,25.1,71,20,1018.4,0.0,0.0,10.4,19.96,40789.19
2016-04-19,31.0,19.7,25.1,67,16,1016.9,0.0,0.0,13.7,19.09,40071.58
2016-04-20,29.9,20.5,25.1,68,27,1016.0,0.0,0.0,9.0,17.89,39433.01
2016-04-21,30.6,19.8,25.1,61,14,1015.1,0.0,0.0,17.6,19.23,40174.65
2016-04-22,30.4,19.6,23.8,70,29,1016.4,0.0,0.0,15.0,15.95,37872.51
2016-04-23,30.7,19.0,24.5,70,27,1014.8,0.0,0.0,14.1,17.58,38958.97
2016-04-24,31.3,19.8,25.5,62,35,1012.4,0.0,0.0,14.8,18.73,33507.45
2016-04-25,31.6,20.6,25.8,56,62,1009.3,0.0,0.0,22.9,19.44,39277.69
2016-04-26,28.9,21.0,23.9,63,96,1009.2,1.3,3.0,26.8,10.98,22476.1
2016-04-27,20.9,15.3,17.8,89,98,1014.6,21.2,21.0,27.0,4.17,0.0
2016-04-28,17.3,12.2,14.8,83,74,1020.0,0.1,1.0,17.2,12.72,34555.47
2016-04-29,17.5,12.5,14.7,81,99,1019.2,0.0,0.0,15.5,9.17,19846.39
2016-04-30,20.3,13.3,16.0,80,57,1017.2,0.0,0.0,14.0,15.73,36899.24
2016-05-01,17.3,11.3,14.0,79,33,1020.9,0.0,0.0,12.5,18.29,38157.39
2016-05-02,20.7,10.4,15.0,82,24,1021.5,0.0,0.0,13.4,19.55,38822.56
2016-05-03,22.5,13.4,17.1,82,51,1020.0,0.0,0.0,14.0,18.81,37867.42
2016-05-04,22.3,13.9,17.5,85,57,1019.3,0.0,0.0,13.9,17.06,36520.9
2016-05-05,22.3,13.5,17.6,83,35,1020.2,0.0,0.0,11.7,16.19,37356.78
2016-05-06,25.8,14.9,19.0,82,51,1019.2,0.8,2.0,14.2,17.46,37141.93
2016-05-07,22.9,16.4,18.7,89,79,1018.8,1.4,6.0,10.9,12.19,26275.17
2016-05-08,23.2,16.7,19.1,88,98,1017.9,0.2,1.0,10.5,14.1,31719.85
2016-05-09,26.0,16.6,20.3,87,83,1016.7,1.0,3.0,9.7,15.11,34239.22
2016-05-10,24.1,17.7,20.0,87,96,1016.4,5.4,10.0,21.7,9.35,19753.98
2016-05-11,21.4,17.1,18.6,91,81,1018.3,1.4,5.0,12.3,10.58,33150.53
2016-05-12,19.9,15.4,17.3,92,85,1020.3,0.8,3.0,16.3,8.51,23951.84
2016-05-13,19.2,15.0,16.5,90,92,1022.0,0.2,1.0,15.1,8.19,20703.89
2016-05-14,19.5,13.8,16.3,87,51,1022.5,0.0,0.0,17.7,9.46,28128.18
2016-05-15,25.6,12.0,18.6,78,26,1017.6,0.0,0.0,21.3,17.37,36899.15
2016-05-16,24.7,18.2,20.8,79,92,1013.9,13.9,10.0,33.1,9.24,22009.53
2016-05-17,21.6,15.3,18.1,88,66,1015.4,3.4,6.0,13.5,11.93,32734.99
2016-05-18,18.1,14.1,15.9,96,96,1018.1,8.0,15.0,11.8,7.14,15389.58
2016-05-19,15.9,14.3,14.9,94,100,1021.7,0.7,5.0,14.9,2.69,0.0
2016-05-20,21.5,14.4,17.4,90,94,1021.2,0.0,0.0,16.3,8.42,15934.66
2016-05-21,24.1,17.3,20.0,85,86,1019.6,5.9,5.0,26.0,10.11,25180.11
2016-05-22,25.0,16.1,20.0,86,65,1017.3,1.8,2.0,20.4,12.91,28800.0
2016-05-23,18.6,10.8,15.7,85,77,1021.7,9.1,11.0,18.3,9.9,25234.37
2016-05-24,16.3,9.6,13.1,87,64,1026.7,0.3,3.0,19.3,8.51,19210.64
2016-05-25,19.6,12.1,15.2,87,55,1024.5,0.0,0.0,15.9,14.67,35518.67
2016-05-26,22.0,14.0,17.1,88,80,1020.5,0.0,0.0,11.8,11.4,33472.91
2016-05-27,20.2,14.7,16.7,91,96,1020.8,0.0,0.0,13.5,9.03,18762.2
2016-05-28,21.2,14.3,17.0,89,88,1022.3,0.0,0.0,15.5,13.35,34765.55
2016-05-29,22.2,14.3,17.5,85,95,1019.2,1.5,5.0,19.2,11.29,27710.45
2016-05-30,21.2,15.2,17.4,86,92,1016.1,7.1,6.0,17.6,9.83,23968.66
2016-05-31,21.7,16.3,18.3,86,72,1015.0,1.1,4.0,22.1,8.75,22197.7
2016-06-01,21.6,16.3,18.3,89,77,1014.5,4.2,13.0,17.0,8.04,18604.91
2016-06-02,22.5,16.0,18.4,87,83,1012.7,9.1,14.0,23.5,9.26,25200.0
2016-06-03,20.3,15.4,17.4,90,98,1013.2,6.4,11.0,15.0,6.06,8549.68
2016-06-04,20.5,16.2,17.6,93,100,1014.0,5.7,12.0,14.1,6.79,14167.3
2016-06-05,19.6,17.4,18.4,98,100,1013.5,10.9,19.0,22.7,1.86,0.0
2016-06-06,21.7,15.7,19.3,96,99,1012.9,27.0,21.0,23.1,3.55,2247.16
2016-06-07,15.3,13.0,13.9,93,100,1017.4,28.5,13.0,18.4,3.24,975.06
2016-06-08,17.8,11.6,14.1,80,35,1020.3,0.0,0.0,6.6,15.05,36138.36
2016-06-09,14.7,7.9,11.0,85,82,1022.5,0.0,0.0,10.5,13.64,36137.76
2016-06-10,18.3,6.2,11.3,82,77,1021.6,0.0,0.0,9.9,15.07,36000.0
2016-06-11,13.9,7.2,9.9,81,37,1023.6,0.0,0.0,8.5,14.61,36134.79
2016-06-12,14.0,5.3,8.6,84,42,1027.2,0.0,0.0,11.3,14.5,31482.18
2016-06-13,14.0,3.2,8.3,81,7,1029.4,0.0,0.0,18.7,16.05,36129.59
2016-06-14,17.1,5.7,10.9,86,17,1028.0,0.0,0.0,15.1,15.73,36126.22
2016-06-15,20.2,7.8,13.2,87,35,1025.3,0.0,0.0,7.7,14.55,35027.23
2016-06-16,21.8,10.8,15.2,85,44,1022.8,0.0,0.0,4.8,13.95,30648.41
2016-06-17,23.8,11.5,17.2,77,1,1020.3,0.0,0.0,13.0,15.04,36113.38
2016-06-18,19.6,11.8,15.1,89,34,1021.9,0.0,0.0,13.8,13.77,36000.0
2016-06-19,19.7,13.0,15.2,89,66,1022.6,0.0,0.0,11.5,13.04,31531.01
2016-06-20,16.5,12.5,13.7,92,100,1023.7,0.0,0.0,17.9,6.0,4235.72
2016-06-21,13.5,11.6,12.5,91,99,1025.6,0.0,0.0,20.1,3.81,353.92
2016-06-22,21.3,12.3,15.1,89,87,1022.5,10.2,9.0,18.0,11.52,29474.09
2016-06-23,20.1,12.7,15.2,92,61,1021.5,9.2,5.0,13.5,11.98,36000.0
2016-06-24,17.4,10.2,13.3,88,38,1024.4,0.0,0.0,15.0,14.71,36069.95
2016-06-25,19.4,10.8,14.4,88,73,1025.9,0.0,0.0,14.6,14.77,36000.0
2016-06-26,20.1,10.7,15.1,86,66,1026.2,0.0,0.0,12.7,14.72,36332.54
2016-06-27,19.7,11.8,15.1,87,60,1026.9,0.0,0.0,10.2,14.78,35039.76
2016-06-28,21.4,11.1,15.8,84,53,1025.4,0.0,0.0,7.3,14.86,36000.0
2016-06-29,22.6,12.5,16.7,86,95,1023.8,0.0,0.0,8.7,12.95,33584.46
2016-06-30,21.0,13.6,16.5,90,99,1024.6,0.0,0.0,10.5,11.34,31318.12
2016-07-01,22.3,13.2,16.9,89,56,1024.6,0.0,0.0,10.9,13.26,36000.0
2016-07-02,23.6,14.9,18.2,86,56,1024.3,0.0,0.0,9.4,14.14,33630.6
2016-07-03,24.7,14.6,18.9,83,51,1023.7,0.0,0.0,8.7,14.37,34280.35
2016-07-04,24.4,14.0,18.8,78,33,1022.7,0.0,0.0,8.2,14.96,36523.76
2016-07-05,24.7,12.2,18.4,74,41,1020.8,0.0,0.0,13.2,14.77,36000.0
2016-07-06,25.0,15.7,20.0,69,65,1016.8,0.1,1.0,27.1,14.29,31335.32
2016-07-07,20.0,10.0,15.6,67,11,1019.9,0.1,1.0,14.9,16.08,36762.74
2016-07-08,17.7,7.3,12.5,76,42,1023.8,0.0,0.0,11.0,16.0,36000.0
2016-07-09,23.1,9.1,14.7,81,60,1020.9,0.0,0.0,11.3,15.54,36735.68
2016-07-10,26.6,10.5,17.9,75,36,1017.1,0.0,0.0,14.8,15.26,36292.69
2016-07-11,27.5,13.6,20.1,66,0,1015.0,0.0,0.0,20.6,15.49,36708.28
2016-07-12,27.5,15.1,20.6,63,2,1014.7,0.0,0.0,19.5,15.57,36970.62
2016-07-13,26.0,14.2,18.9,79,50,1017.6,0.0,0.0,11.2,14.12,33555.75
2016-07-14,27.5,14.5,20.4,66,49,1015.2,0.0,0.0,18.2,15.3,36941.9
2016-07-15,28.2,14.8,20.9,57,25,1013.0,0.0,0.0,22.5,15.77,36927.06
2016-07-16,24.1,13.4,18.7,71,89,1012.7,7.5,9.0,25.3,7.71,16212.57
2016-07-17,17.2,8.2,12.6,74,28,1018.7,0.0,0.0,14.1,16.17,34415.13
2016-07-18,14.3,6.9,9.8,84,32,1022.7,0.0,0.0,13.5,14.9,33137.97
2016-07-19,15.2,6.2,10.2,86,60,1022.9,0.0,0.0,11.5,8.6,27894.36
2016-07-20,14.8,9.1,11.2,87,65,1022.3,0.0,0.0,13.1,13.05,32935.68
2016-07-21,15.3,8.7,11.6,87,85,1022.4,0.0,0.0,12.2,12.13,30494.98
2016-07-22,15.2,10.2,11.8,84,89,1023.2,0.0,0.0,15.7,10.48,34635.61
2016-07-23,21.8,10.1,14.9,84,31,1021.6,0.0,0.0,15.2,16.35,37616.02
2016-07-24,26.2,12.2,18.2,77,7,1020.2,0.0,0.0,14.5,16.53,37055.37
2016-07-25,22.8,13.7,17.1,88,46,1020.9,0.0,0.0,12.1,15.21,34251.67
2016-07-26,26.4,13.4,19.5,67,16,1017.7,0.0,0.0,21.1,16.89,38104.12
2016-07-27,25.7,11.3,17.9,66,17,1018.2,0.0,0.0,17.2,14.04,36734.65
2016-07-28,16.7,9.9,12.6,82,23,1023.6,0.0,0.0,17.6,15.71,37797.25
2016-07-29,17.8,10.9,13.7,87,79,1024.1,0.0,0.0,18.0,10.41,30629.7
2016-07-30,21.8,13.7,16.7,83,62,1023.7,0.0,0.0,14.9,15.02,37363.5
2016-07-31,23.7,13.7,17.8,82,59,1022.3,0.0,0.0,11.2,15.65,36938.43
2016-08-01,25.7,13.6,19.2,67,11,1019.7,0.0,0.0,20.8,17.41,38442.26
2016-08-02,18.9,13.2,15.5,85,68,1023.1,0.0,0.0,17.9,9.12,27222.63
2016-08-03,20.5,13.1,15.7,84,84,1024.0,0.0,0.0,16.0,11.74,31976.58
2016-08-04,22.8,14.3,17.6,82,64,1022.4,0.0,0.0,15.2,15.12,37939.98
2016-08-05,26.5,14.2,19.7,73,56,1019.9,0.0,0.0,9.1,16.65,36731.6
2016-08-06,28.0,14.7,21.1,56,35,1017.8,0.0,0.0,20.1,18.0,38566.1
2016-08-07,25.9,14.1,18.8,66,70,1017.9,0.0,0.0,16.4,15.48,38302.36
2016-08-08,18.8,13.7,15.3,88,82,1019.0,0.0,0.0,16.8,10.71,27551.14
2016-08-09,22.5,14.9,17.7,85,97,1018.6,1.2,3.0,13.6,10.39,14667.19
2016-08-10,17.9,11.3,14.5,83,90,1021.1,1.0,3.0,16.2,13.94,30544.84
2016-08-11,15.0,8.4,11.7,83,56,1022.9,0.0,0.0,17.4,11.07,30008.13
2016-08-12,17.4,10.9,13.3,81,60,1022.4,0.0,0.0,14.5,16.15,38710.5
2016-08-13,24.1,9.5,15.6,73,17,1018.2,0.0,0.0,10.4,19.69,38734.0
2016-08-14,28.6,11.5,19.2,60,10,1014.6,0.0,0.0,14.7,18.38,38824.17
2016-08-15,30.2,13.9,19.8,64,61,1012.2,1.1,3.0,22.7,15.83,29801.35
2016-08-16,24.3,14.3,19.3,73,68,1014.0,0.2,1.0,17.5,12.78,36132.94
2016-08-17,29.1,14.9,21.5,64,8,1014.5,0.0,0.0,24.0,19.27,39077.31
2016-08-18,22.1,14.6,17.8,85,60,1019.2,0.6,3.0,23.1,14.36,35373.99
2016-08-19,26.5,14.4,19.1,81,81,1016.8,0.0,0.0,18.7,16.8,32238.03
2016-08-20,23.6,16.3,19.7,88,98,1014.1,17.4,20.0,17.7,9.31,23322.11
2016-08-21,19.4,9.6,15.0,91,100,1016.7,51.6,20.0,32.1,2.69,0.0
2016-08-22,13.1,9.1,10.9,87,82,1025.1,0.3,3.0,18.4,7.57,11836.61
2016-08-23,17.9,8.6,12.6,87,46,1024.2,0.0,0.0,15.5,19.77,39307.31
2016-08-24,20.8,11.4,15.3,84,50,1023.0,0.0,0.0,16.8,19.96,39043.44
2016-08-25,23.9,12.3,17.4,85,37,1021.2,0.0,0.0,10.9,20.81,39549.06
2016-08-26,24.3,13.4,17.8,84,46,1019.0,0.0,0.0,8.4,19.7,39020.16
2016-08-27,26.1,13.8,18.9,77,36,1017.7,0.0,0.0,10.9,20.58,37028.0
2016-08-28,28.5,13.2,21.1,62,3,1015.6,0.0,0.0,17.7,21.35,40798.99
2016-08-29,28.9,15.6,21.6,68,49,1015.7,0.0,0.0,10.0,20.65,40787.15
2016-08-30,27.6,16.6,21.6,71,90,1015.6,0.0,0.0,12.4,17.12,39500.06
2016-08-31,20.2,15.3,18.3,88,70,1017.1,8.2,8.0,17.6,8.01,17999.41
2016-09-01,22.6,12.3,16.8,84,40,1020.8,0.0,0.0,17.7,20.21,40240.89
2016-09-02,21.8,14.4,17.5,89,86,1021.9,0.0,0.0,18.1,13.34,33156.82
2016-09-03,23.6,16.9,19.3,89,100,1020.8,1.0,6.0,15.6,10.11,11763.69
2016-09-04,25.2,17.4,20.2,81,97,1020.1,0.3,1.0,14.7,12.88,26666.77
2016-09-05,22.3,15.9,19.0,89,85,1019.8,0.4,2.0,13.0,16.68,35122.61
2016-09-06,21.6,16.9,19.0,86,77,1018.7,18.7,10.0,28.2,7.8,5803.15
2016-09-07,21.2,14.0,17.8,80,52,1018.5,1.3,6.0,23.1,14.33,39912.61
2016-09-08,21.8,10.9,15.9,72,30,1019.2,0.1,1.0,10.0,23.57,40954.71
2016-09-09,19.3,13.1,15.8,88,77,1022.1,0.0,0.0,18.4,14.13,35706.8
2016-09-10,23.2,14.8,18.2,85,72,1023.0,0.0,0.0,16.3,18.85,39898.22
2016-09-11,25.4,16.4,20.0,85,67,1019.7,0.0,0.0,13.4,19.65,38799.16
2016-09-12,29.7,17.6,22.6,72,43,1014.2,0.0,0.0,17.1,21.93,41619.29
2016-09-13,31.1,18.9,24.4,48,33,1011.3,0.0,0.0,30.5,22.46,42464.03
2016-09-14,25.3,17.2,21.9,60,57,1012.6,0.0,0.0,17.0,12.85,28395.68
2016-09-15,20.8,12.4,16.1,73,1,1017.0,0.0,0.0,16.6,24.18,42624.65
2016-09-16,19.6,11.2,15.0,85,56,1020.1,0.2,1.0,19.1,16.41,42599.99
2016-09-17,25.8,14.4,18.9,83,58,1017.5,0.1,1.0,13.8,19.9,37184.75
2016-09-18,31.2,16.8,22.1,78,48,1016.5,0.0,0.0,20.2,22.09,35802.58
2016-09-19,25.6,16.7,19.8,84,66,1015.9,1.8,2.0,15.4,20.83,33854.9
2016-09-20,16.3,11.7,14.3,88,89,1019.2,1.7,10.0,16.5,6.87,259.7
2016-09-21,19.0,10.8,14.4,83,65,1021.7,0.0,0.0,21.7,15.84,33383.29
2016-09-22,21.4,12.5,16.1,80,55,1020.8,0.0,0.0,19.7,23.95,43141.69
2016-09-23,26.0,13.6,18.3,77,49,1018.8,0.0,0.0,17.7,24.97,43161.09
2016-09-24,21.7,14.0,16.9,84,88,1018.6,0.0,0.0,18.3,18.26,38859.98
2016-09-25,18.2,12.9,15.2,89,93,1018.4,3.2,11.0,19.9,11.19,25599.59
2016-09-26,19.5,11.8,14.8,80,60,1018.4,0.0,0.0,16.7,22.61,43200.0
2016-09-27,20.9,10.2,15.0,77,22,1019.6,0.0,0.0,19.1,26.32,43200.0
2016-09-28,25.5,11.3,17.1,79,26,1018.0,0.0,0.0,14.0,24.81,43200.0
2016-09-29,24.0,12.6,17.4,78,55,1015.8,0.0,0.0,23.0,25.46,42759.6
2016-09-30,20.0,13.3,15.4,83,82,1017.5,0.0,0.0,22.5,18.32,41600.56
2016-10-01,17.7,13.3,15.1,83,94,1021.2,0.0,0.0,22.0,10.03,17678.76
2016-10-02,20.6,14.0,16.8,82,87,1021.1,0.0,0.0,20.4,15.97,33020.58
2016-10-03,19.7,15.0,16.8,90,99,1016.8,22.8,13.0,17.1,8.35,7580.78
2016-10-04,21.5,15.1,17.2,90,87,1013.8,6.1,12.0,16.4,17.03,32400.0
2016-10-05,19.9,13.8,16.1,87,87,1014.2,0.0,0.0,18.0,18.11,38851.57
2016-10-06,21.4,14.1,16.7,85,58,1007.4,8.0,11.0,20.3,18.5,43200.0
2016-10-07,18.9,12.4,15.1,86,79,1012.5,1.1,4.0,15.1,11.49,20896.9
2016-10-08,24.1,12.4,17.9,79,29,1015.3,0.0,0.0,8.9,27.12,43200.0
2016-10-09,22.0,13.5,17.3,85,62,1019.1,0.0,0.0,20.0,22.09,39738.55
2016-10-10,20.1,14.1,16.5,85,85,1021.6,0.0,0.0,20.9,18.81,40996.7
2016-10-11,22.6,14.9,17.9,86,92,1018.4,1.5,3.0,17.4,18.91,36186.04
2016-10-12,25.4,15.8,20.0,87,79,1016.0,1.0,4.0,15.8,22.06,41972.55
2016-10-13,29.1,18.6,22.5,78,99,1015.3,16.6,10.0,21.9,18.03,29523.17
2016-10-14,27.4,19.1,21.8,84,88,1017.8,15.6,16.0,18.5,20.51,42577.44
2016-10-15,25.9,18.5,21.3,90,96,1017.1,5.3,9.0,11.2,17.49,41236.24
2016-10-16,30.1,19.0,24.4,79,59,1013.5,0.0,0.0,12.9,25.71,43200.0
2016-10-17,31.7,20.5,25.5,79,74,1013.1,0.1,1.0,13.7,26.73,41766.56
2016-10-18,30.1,19.8,24.3,83,97,1013.4,0.2,1.0,14.0,23.62,42820.09
2016-10-19,31.8,19.9,25.4,79,54,1011.1,0.1,1.0,12.6,26.29,43200.0
2016-10-20,31.4,20.8,25.3,82,79,1011.2,11.2,8.0,16.3,23.74,35204.72
2016-10-21,22.7,17.2,20.2,92,100,1014.9,3.3,8.0,18.8,10.86,9721.16
2016-10-22,20.2,16.5,17.7,88,100,1018.9,0.0,0.0,20.9,10.88,9440.28
2016-10-23,24.5,16.5,19.5,87,89,1018.5,0.0,0.0,18.5,18.03,36020.24
2016-10-24,25.7,17.9,21.0,89,88,1015.5,18.8,5.0,14.5,18.98,29359.26
2016-10-25,23.2,18.8,20.2,95,100,1014.8,23.5,20.0,12.6,9.28,10875.5
2016-10-26,27.4,19.1,22.4,88,100,1011.1,3.2,5.0,11.8,18.94,30256.54
2016-10-27,27.4,19.3,22.1,82,68,1007.7,7.9,7.0,32.6,17.13,29128.55
2016-10-28,20.5,11.7,16.2,76,33,1015.0,0.0,0.0,21.9,21.83,44515.12
2016-10-29,19.3,11.1,14.8,81,35,1022.4,0.0,0.0,22.0,24.87,44050.21
2016-10-30,20.9,13.7,16.6,83,64,1020.8,0.0,0.0,21.2,24.8,43448.95
2016-10-31,24.7,14.8,19.6,82,52,1016.3,1.5,4.0,17.1,24.03,44982.7
2016-11-01,28.6,17.2,22.6,75,68,1014.0,0.3,2.0,18.0,25.98,42284.24
2016-11-02,28.6,19.0,23.6,71,47,1013.2,1.8,3.0,23.0,21.98,45213.59
2016-11-03,20.6,16.1,18.6,94,100,1019.1,30.9,20.0,16.1,6.25,505.55
2016-11-04,18.7,16.0,17.1,92,100,1023.2,1.5,7.0,16.1,8.03,146.67
2016-11-05,19.7,15.3,17.2,89,99,1022.9,0.0,0.0,18.7,13.39,20110.49
2016-11-06,23.4,15.8,19.2,87,69,1019.1,5.5,5.0,14.2,20.4,41970.08
2016-11-07,24.3,16.3,19.8,88,55,1016.3,5.4,6.0,12.7,22.59,42718.32
2016-11-08,25.1,16.5,20.3,87,60,1014.5,0.8,5.0,12.3,23.88,42644.89
2016-11-09,29.0,17.5,22.1,81,71,1012.7,19.0,9.0,17.4,24.84,39201.83
2016-11-10,28.7,18.8,22.7,81,23,1012.2,1.7,5.0,19.1,26.13,45645.78
2016-11-11,29.1,17.2,23.0,82,60,1011.2,4.8,6.0,14.4,25.6,42958.16
2016-11-12,19.5,16.2,18.2,95,100,1015.2,25.4,24.0,21.0,13.28,21997.29
2016-11-13,19.0,16.5,17.6,94,100,1014.6,18.7,24.0,17.3,5.34,0.0
2016-11-14,19.6,17.4,18.3,94,99,1009.7,12.1,19.0,18.1,9.2,6205.51
2016-11-15,22.2,17.3,19.3,90,87,1006.5,0.9,5.0,13.2,17.67,34800.33
2016-11-16,26.1,16.7,21.1,85,66,1007.0,6.5,9.0,16.9,25.09,42173.37
2016-11-17,26.0,18.3,21.5,88,66,1009.2,1.5,7.0,12.1,24.71,45626.48
2016-11-18,19.2,12.9,16.4,91,90,1013.4,5.5,15.0,21.7,8.46,3633.2
2016-11-19,18.3,12.4,14.9,78,65,1016.7,0.0,0.0,21.3,22.65,44101.96
2016-11-20,21.6,11.0,15.8,79,29,1015.9,0.0,0.0,17.4,31.24,46847.14
2016-11-21,26.6,12.2,19.2,77,50,1013.8,0.0,0.0,11.2,28.56,45843.63
2016-11-22,23.7,16.7,19.4,81,93,1013.4,0.6,3.0,17.1,23.21,38547.85
2016-11-23,24.0,15.7,19.3,92,89,1012.4,20.7,22.0,14.4,18.8,36529.3
2016-11-24,24.5,17.2,20.1,87,85,1015.6,1.0,5.0,15.8,22.64,42476.24
2016-11-25,26.5,15.9,20.5,85,95,1016.8,0.3,2.0,15.5,28.38,43207.99
2016-11-26,26.3,18.3,21.6,87,94,1015.6,0.5,2.0,13.7,20.68,31121.24
2016-11-27,28.1,18.8,23.3,84,94,1014.0,0.4,3.0,10.5,27.13,43547.26
2016-11-28,29.8,20.2,24.5,83,93,1013.2,8.6,4.0,15.1,22.65,32340.94
2016-11-29,22.8,16.7,20.5,93,95,1014.8,15.5,16.0,22.1,12.42,18843.6
2016-11-30,18.0,14.2,16.2,88,93,1019.3,0.1,1.0,21.8,10.88,16742.25
2016-12-01,20.2,14.4,17.0,88,95,1019.9,0.1,1.0,19.6,12.5,17205.82
2016-12-02,24.7,15.8,19.8,86,91,1017.6,0.4,2.0,14.3,20.97,42816.01
2016-12-03,28.8,17.8,22.3,85,98,1011.5,12.8,9.0,21.4,21.02,31641.5
2016-12-04,25.6,16.5,21.4,84,69,1006.1,3.3,13.0,26.5,22.7,38612.97
2016-12-05,25.0,15.3,19.0,81,57,1008.7,0.5,4.0,27.8,21.47,46659.08
2016-12-06,27.4,15.5,20.9,74,3,1012.0,0.0,0.0,9.4,31.58,48215.51
2016-12-07,29.8,17.1,23.3,74,76,1011.0,0.0,0.0,12.9,27.57,41076.85
2016-12-08,29.1,18.8,23.8,82,94,1010.3,6.3,5.0,15.5,23.16,41095.14
2016-12-09,26.6,19.5,22.1,90,100,1010.7,7.3,7.0,12.3,17.05,27180.96
2016-12-10,28.5,19.7,23.4,83,95,1009.9,5.2,7.0,14.1,20.2,35646.74
2016-12-11,26.2,21.1,22.9,89,99,1008.9,3.5,8.0,23.0,13.07,18793.48
2016-12-12,25.7,19.8,21.7,93,99,1008.7,18.1,16.0,12.0,14.9,22613.94
2016-12-13,28.9,20.3,24.1,83,97,1008.6,1.4,5.0,13.8,22.62,42092.56
2016-12-14,23.0,17.5,21.1,92,98,1013.4,3.5,10.0,20.7,14.16,19941.72
2016-12-15,18.0,15.0,16.6,85,93,1021.3,0.0,0.0,25.4,10.29,5556.0
2016-12-16,20.4,14.6,17.4,86,60,1022.4,0.0,0.0,20.3,13.18,29308.34
2016-12-17,24.6,15.5,19.8,83,43,1019.8,0.0,0.0,15.5,26.85,45260.42
2016-12-18,26.6,17.2,21.1,86,55,1016.2,2.4,4.0,12.6,26.66,43665.98
2016-12-19,28.3,17.9,22.5,79,44,1014.4,11.4,4.0,12.4,27.69,48430.06
2016-12-20,28.9,18.4,22.9,79,96,1013.6,7.0,6.0,16.2,21.4,36127.27
2016-12-21,28.7,18.7,23.0,81,83,1014.1,6.1,7.0,13.0,25.22,37761.47
2016-12-22,27.6,19.3,23.7,81,93,1016.5,3.9,6.0,16.3,22.27,37353.43
2016-12-23,29.6,19.2,24.7,76,80,1015.1,0.9,3.0,14.5,22.77,46671.13
2016-12-24,29.9,19.9,24.7,77,57,1013.5,2.0,2.0,12.0,25.89,46357.83
2016-12-25,27.6,19.6,23.5,85,41,1012.3,3.8,2.0,14.6,28.52,46480.8
2016-12-26,32.5,19.8,26.0,75,18,1011.1,0.0,0.0,9.7,30.24,48405.36
2016-12-27,32.3,21.3,27.0,71,41,1012.5,0.0,0.0,14.0,29.68,47938.49
2016-12-28,31.3,22.2,25.9,76,57,1013.7,3.3,5.0,14.7,26.79,45549.26
2016-12-29,29.9,21.3,25.3,79,50,1013.6,0.0,0.0,11.5,27.67,46370.73
2016-12-30,30.3,21.7,25.8,76,91,1013.3,0.0,0.0,15.5,25.24,43827.88
2016-12-31,31.4,21.2,25.7,73,85,1013.2,4.7,3.0,16.4,24.0,46343.58
2017-01-01,30.2,21.1,24.8,71,83,1012.9,2.0,2.0,21.3,25.28,38541.42
2017-01-02,29.5,20.6,23.9,77,87,1012.5,5.1,7.0,16.0,24.02,41031.61
2017-01-03,28.4,19.9,23.1,86,92,1013.1,5.0,5.0,15.2,20.99,25192.22
2017-01-04,28.8,20.3,23.5,80,92,1013.2,7.3,3.0,28.3,18.92,21022.45
2017-01-05,29.8,21.2,24.7,75,71,1013.9,3.0,6.0,19.0,24.0,46421.36
2017-01-06,28.9,20.0,23.0,83,91,1015.4,2.7,9.0,20.5,21.2,42056.19
2017-01-07,27.6,19.9,22.7,87,85,1015.3,8.5,8.0,19.0,20.22,34863.98
2017-01-08,29.3,20.5,24.1,83,82,1012.6,3.3,4.0,11.3,25.67,46981.49
2017-01-09,29.8,20.4,24.0,81,94,1011.0,8.0,8.0,14.3,23.96,43263.9
2017-01-10,28.9,20.1,23.9,78,95,1010.2,5.2,7.0,16.3,23.91,42859.05
2017-01-11,28.0,19.8,22.8,83,89,1011.9,10.8,8.0,14.6,19.78,32989.7
2017-01-12,23.0,18.8,20.8,95,98,1014.1,39.8,17.0,17.7,8.05,8018.12
2017-01-13,26.0,18.2,21.4,86,83,1013.5,4.7,13.0,15.1,20.25,41263.76
2017-01-14,27.8,18.4,22.3,83,53,1010.9,0.6,5.0,22.1,23.84,40127.52
2017-01-15,27.4,19.1,22.9,83,63,1010.7,6.5,6.0,13.2,24.66,43477.72
2017-01-16,27.5,19.4,22.4,86,97,1011.2,21.0,17.0,13.6,16.23,21642.51
2017-01-17,22.8,20.7,21.5,86,100,1010.2,24.5,19.0,21.8,8.62,5238.22
2017-01-18,24.3,20.0,21.2,89,99,1011.7,22.0,24.0,17.4,8.52,7384.2
2017-01-19,24.7,18.8,20.6,90,99,1015.5,24.0,23.0,16.1,11.75,15767.25
2017-01-20,22.3,18.0,19.7,91,99,1017.8,13.0,18.0,10.8,8.42,2918.98
2017-01-21,20.7,18.0,19.3,95,99,1017.1,34.1,24.0,12.6,4.85,0.0
2017-01-22,23.0,17.3,19.4,90,97,1015.2,18.2,17.0,13.4,10.37,14235.34
2017-01-23,24.8,18.0,20.9,86,99,1014.4,10.8,12.0,11.0,14.84,24054.03
2017-01-24,27.6,17.8,22.3,81,66,1014.0,13.6,10.0,16.8,23.59,42783.78
2017-01-25,26.6,20.5,23.2,80,89,1013.0,6.4,8.0,23.9,21.15,44321.67
2017-01-26,24.6,19.8,21.6,88,99,1014.2,19.8,18.0,21.3,9.71,11550.9
2017-01-27,25.1,19.1,21.4,89,97,1016.8,11.8,7.0,15.3,15.07,23414.16
2017-01-28,27.0,18.8,21.9,88,96,1018.7,3.2,11.0,20.1,21.19,36689.53
2017-01-29,27.6,19.9,22.5,86,88,1018.8,1.0,4.0,19.5,21.91,37957.84
2017-01-30,27.9,18.6,22.3,87,97,1018.0,3.7,4.0,17.4,21.38,26940.1
2017-01-31,26.1,18.7,21.6,86,91,1016.7,4.7,6.0,14.9,17.73,25608.43
2017-02-01,25.4,17.7,20.6,90,88,1013.7,12.1,11.0,12.3,15.78,26307.64
2017-02-02,24.9,17.3,21.1,86,85,1012.0,10.2,10.0,17.6,19.7,40085.83
2017-02-03,25.8,18.9,22.0,84,93,1012.3,2.7,7.0,23.0,19.32,42466.5
2017-02-04,25.9,18.9,22.3,84,66,1012.3,10.1,11.0,17.1,18.59,45285.91
2017-02-05,27.9,18.8,23.3,82,22,1011.6,3.0,3.0,11.9,25.7,46106.21
2017-02-06,29.0,19.7,23.6,79,47,1010.0,1.0,2.0,13.1,24.07,36000.0
2017-02-07,27.2,19.8,22.0,90,83,1011.9,2.0,8.0,22.6,22.04,36250.13
2017-02-08,26.2,19.7,21.8,85,72,1014.5,0.8,6.0,21.7,20.14,40999.63
2017-02-09,25.9,17.5,20.9,82,51,1015.3,0.0,0.0,21.9,25.95,45971.4
2017-02-10,26.9,17.7,21.5,82,88,1014.7,1.0,6.0,18.1,20.62,39932.82
2017-02-11,28.2,19.1,23.3,79,92,1012.5,0.1,1.0,16.5,23.72,45897.98
2017-02-12,28.8,20.0,24.2,76,71,1011.0,0.8,4.0,13.6,24.11,44186.4
2017-02-13,28.1,20.4,24.0,71,68,1012.4,0.2,1.0,15.5,23.43,45230.35
2017-02-14,29.3,18.6,23.8,75,55,1016.7,0.0,0.0,15.5,25.6,45781.53
2017-02-15,29.5,18.8,23.9,75,30,1019.4,0.0,0.0,15.0,25.41,45741.24
2017-02-16,30.2,17.3,23.3,79,29,1017.6,0.7,2.0,17.5,25.56,45700.31
2017-02-17,31.5,17.9,23.9,71,15,1014.8,0.0,0.0,20.3,27.75,45658.8
2017-02-18,32.1,16.4,24.0,63,9,1014.5,0.0,0.0,19.2,29.81,45615.43
2017-02-19,31.3,17.8,24.3,66,22,1016.0,0.0,0.0,18.5,25.74,45538.4
2017-02-20,31.7,19.6,23.7,78,60,1017.7,0.2,2.0,25.6,26.59,42454.94
2017-02-21,30.3,17.6,23.1,77,59,1017.7,0.5,2.0,19.5,26.51,44503.03
2017-02-22,30.1,18.8,24.2,70,62,1015.9,0.0,0.0,16.7,23.32,44492.0
2017-02-23,30.5,20.5,24.7,68,31,1014.5,4.3,2.0,16.0,24.25,45222.97
2017-02-24,29.5,19.4,23.9,75,96,1013.4,2.6,2.0,21.8,20.6,35485.0
2017-02-25,23.0,19.3,21.0,83,99,1013.2,5.5,7.0,20.9,9.67,12019.02
2017-02-26,25.5,18.0,21.2,82,64,1013.6,1.5,6.0,11.7,18.75,40207.39
2017-02-27,26.5,17.5,21.6,84,68,1012.9,0.9,7.0,16.2,21.23,43694.16
2017-02-28,27.7,18.5,23.0,79,28,1010.1,6.1,10.0,14.6,22.32,43689.49
2017-03-01,28.6,19.6,23.5,76,53,1009.9,4.7,2.0,16.1,24.23,44189.78
2017-03-02,27.1,20.5,23.0,82,94,1013.1,12.3,10.0,18.5,19.24,38852.12
2017-03-03,26.9,20.9,22.3,88,99,1014.7,34.7,24.0,15.5,12.85,19211.29
2017-03-04,25.9,20.0,22.5,86,81,1011.8,5.8,16.0,17.7,16.19,41168.42
2017-03-05,26.5,19.9,22.4,87,79,1010.3,4.5,14.0,17.4,18.0,36117.34
2017-03-06,26.0,20.1,21.8,92,99,1012.9,22.1,19.0,14.6,12.32,16243.81
2017-03-07,26.8,20.2,22.3,88,86,1015.0,12.7,11.0,15.1,17.75,28962.39
2017-03-08,26.7,19.4,21.7,89,76,1015.6,8.2,15.0,16.8,17.63,38521.86
2017-03-09,27.9,19.3,22.7,85,64,1013.6,2.3,5.0,17.7,20.03,42921.2
2017-03-10,30.2,19.1,24.6,77,87,1013.6,0.0,0.0,11.2,24.53,42613.05
2017-03-11,26.9,20.5,23.0,89,86,1015.4,2.2,5.0,14.3,18.89,39163.67
2017-03-12,29.6,20.4,24.5,77,67,1013.4,0.0,0.0,19.2,23.21,42561.56
2017-03-13,24.9,19.6,21.4,89,78,1014.7,6.8,13.0,22.7,12.51,25691.04
2017-03-14,25.5,19.3,21.1,89,95,1016.4,2.9,9.0,18.4,13.71,22079.26
2017-03-15,25.4,18.9,21.7,87,79,1016.5,3.2,3.0,18.1,17.02,34867.08
2017-03-16,28.2,18.0,23.2,76,38,1014.5,0.0,0.0,12.0,21.91,42463.03
2017-03-17,27.7,19.6,21.9,84,96,1014.6,10.4,7.0,19.1,18.4,40299.4
2017-03-18,21.4,17.1,19.1,93,98,1018.0,6.5,15.0,23.7,8.33,9498.25
2017-03-19,20.0,16.0,17.6,93,98,1018.7,2.5,9.0,20.5,6.72,851.2
2017-03-20,21.2,16.0,18.1,87,73,1019.8,1.7,11.0,21.2,13.64,26994.17
2017-03-21,22.8,14.1,18.2,87,62,1020.9,0.6,6.0,18.6,14.0,29586.3
2017-03-22,25.0,15.4,19.2,86,44,1020.6,0.2,1.0,19.5,24.75,42322.6
2017-03-23,25.0,15.4,19.2,86,47,1018.0,1.1,4.0,18.3,21.25,42299.64
2017-03-24,26.7,16.5,20.4,84,57,1015.0,0.0,0.0,17.4,21.78,36000.0
2017-03-25,26.2,15.5,19.8,88,64,1014.6,2.0,4.0,17.9,18.66,39166.07
2017-03-26,24.8,16.3,19.3,85,55,1015.7,0.0,0.0,20.3,21.27,36000.0
2017-03-27,24.2,16.7,19.1,88,96,1016.2,1.1,4.0,19.7,11.93,14458.09
2017-03-28,23.0,16.9,18.8,88,75,1017.5,3.1,13.0,20.8,16.06,39139.08
2017-03-29,22.5,15.7,18.1,83,55,1018.1,0.3,2.0,21.7,19.85,42161.71
2017-03-30,21.9,15.2,17.9,86,64,1017.2,1.1,6.0,18.1,16.25,41626.22
2017-03-31,20.7,14.2,17.0,85,56,1019.6,0.4,4.0,20.3,17.56,38061.45
2017-04-01,21.0,14.7,17.1,86,57,1020.3,1.1,10.0,22.6,16.63,37136.92
2017-04-02,22.3,15.6,18.1,86,68,1017.8,1.5,5.0,16.9,14.82,35614.23
2017-04-03,24.8,16.2,19.5,85,57,1016.4,0.2,2.0,16.8,19.77,39625.94
2017-04-04,27.5,17.1,20.8,82,74,1015.5,0.0,0.0,17.7,19.61,39528.42
2017-04-05,29.6,17.2,23.0,71,85,1014.0,0.1,1.0,16.2,20.21,35870.67
2017-04-06,24.6,19.5,21.7,81,98,1014.3,8.2,10.0,21.3,8.26,20970.72
2017-04-07,22.4,18.2,19.9,91,94,1016.0,12.1,16.0,16.6,7.14,11605.24
2017-04-08,25.7,18.4,20.8,90,94,1017.3,0.9,4.0,20.8,15.08,34913.49
2017-04-09,24.7,19.1,21.2,89,97,1017.3,1.6,8.0,17.3,13.92,34916.49
2017-04-10,26.2,19.2,22.0,87,66,1016.2,1.7,6.0,13.4,16.32,40332.03
2017-04-11,28.5,20.0,23.1,84,76,1014.5,0.0,0.0,13.9,18.14,34231.56
2017-04-12,21.6,16.9,19.1,88,93,1017.7,3.4,8.0,22.3,7.8,7425.62
2017-04-13,20.2,16.5,17.6,89,96,1019.5,1.5,8.0,21.0,6.79,2153.35
2017-04-14,22.8,16.4,18.5,89,82,1019.2,0.0,0.0,19.3,10.63,19082.1
2017-04-15,25.1,16.0,19.5,88,54,1018.7,0.0,0.0,16.4,19.64,33375.83
2017-04-16,28.3,17.4,21.4,79,92,1015.6,0.0,0.0,15.9,19.93,37715.78
2017-04-17,22.3,16.4,18.8,88,93,1016.8,1.5,4.0,23.8,11.12,20725.15
2017-04-18,20.6,14.7,17.3,84,88,1019.4,0.0,0.0,19.8,9.35,25966.31
2017-04-19,22.1,13.2,16.7,83,79,1019.2,0.0,0.0,18.7,12.29,27049.67
2017-04-20,25.4,15.0,19.3,83,82,1015.3,0.3,3.0,15.2,14.87,38680.47
2017-04-21,25.7,17.7,20.3,81,96,1012.7,17.9,14.0,26.1,10.72,18105.29
2017-04-22,21.0,15.4,17.8,86,74,1016.2,4.8,12.0,17.3,11.6,22999.98
2017-04-23,20.4,16.1,17.2,90,94,1020.0,1.3,7.0,19.2,6.78,8312.01
2017-04-24,24.9,13.8,18.4,84,57,1018.5,0.0,0.0,15.9,18.39,39249.22
2017-04-25,27.3,16.3,21.0,80,59,1013.8,0.1,1.0,19.7,17.32,38426.29
2017-04-26,24.7,18.1,20.6,84,75,1011.3,11.9,10.0,30.5,6.12,13994.6
2017-04-27,19.1,13.8,16.8,89,100,1017.2,8.0,13.0,19.5,3.47,11.84
2017-04-28,16.0,12.9,14.2,88,100,1022.3,1.0,10.0,15.8,5.51,0.0
2017-04-29,18.5,13.5,15.5,88,100,1022.7,1.2,11.0,18.3,5.19,1261.4
2017-04-30,20.0,14.1,16.6,88,78,1023.3,0.4,3.0,16.7,10.72,24114.64
2017-05-01,22.0,14.1,16.9,87,67,1022.4,0.0,0.0,18.7,16.75,35040.42
2017-05-02,22.0,13.8,17.1,88,75,1020.7,0.1,1.0,17.6,13.3,31912.65
2017-05-03,23.4,14.4,17.5,89,65,1020.7,0.0,0.0,14.8,17.52,33987.24
2017-05-04,25.3,14.9,18.8,84,87,1018.0,0.4,3.0,12.0,15.14,29979.8
2017-05-05,22.0,16.5,18.4,88,95,1017.2,16.5,13.0,12.7,8.32,19807.48
2017-05-06,20.3,14.6,17.0,91,85,1018.2,1.3,7.0,15.3,9.1,18652.9
2017-05-07,21.0,15.7,17.6,89,73,1017.9,0.5,5.0,15.7,10.55,28952.96
2017-05-08,23.7,13.5,17.4,88,68,1015.6,0.1,1.0,13.3,15.76,33579.59
2017-05-09,23.9,15.0,18.6,81,61,1015.3,0.0,0.0,15.2,17.34,31436.69
2017-05-10,21.7,15.3,17.9,88,70,1018.5,0.1,1.0,16.0,9.0,20884.32
2017-05-11,19.5,14.2,16.6,89,80,1019.9,2.4,5.0,15.5,6.56,8481.25
2017-05-12,21.4,13.8,16.3,86,62,1019.3,0.0,0.0,16.5,15.11,33148.23
2017-05-13,26.1,13.2,19.2,78,41,1015.2,0.0,0.0,18.6,14.88,32400.0
2017-05-14,24.1,17.5,20.4,73,60,1010.6,0.8,2.0,33.7,9.5,22508.34
2017-05-15,21.4,14.4,17.2,87,57,1015.3,0.0,0.0,17.6,15.54,36621.34
2017-05-16,20.4,14.1,16.2,86,64,1017.7,0.0,0.0,16.4,10.9,36099.22
2017-05-17,19.7,14.8,16.5,86,94,1018.5,0.1,1.0,18.1,7.03,6124.91
2017-05-18,19.9,15.0,16.8,88,94,1017.2,14.1,13.0,20.0,7.67,14081.24
2017-05-19,19.6,15.1,16.4,93,100,1012.5,18.5,16.0,20.5,4.32,3777.18
2017-05-20,21.7,15.3,17.7,89,98,1015.2,0.6,5.0,21.2,7.87,12039.82
2017-05-21,20.5,16.5,18.1,94,100,1016.3,22.9,22.0,16.1,4.36,0.0
2017-05-22,20.3,15.7,17.3,91,99,1018.3,7.1,13.0,20.9,7.29,14864.16
2017-05-23,21.0,13.6,16.3,88,76,1020.8,0.0,0.0,13.9,14.4,30914.82
2017-05-24,21.4,14.4,17.3,91,70,1020.2,1.9,2.0,12.6,10.52,29156.18
2017-05-25,25.3,14.0,19.2,84,18,1019.2,0.0,0.0,11.9,15.7,36077.17
2017-05-26,26.2,15.2,20.5,79,20,1018.4,0.0,0.0,8.7,15.77,36085.64
2017-05-27,23.6,16.7,18.8,91,89,1020.1,0.0,0.0,14.2,9.31,24715.01
2017-05-28,22.4,16.3,18.6,90,99,1020.8,0.1,1.0,12.3,8.66,21794.01
2017-05-29,24.2,15.5,18.8,85,84,1019.6,0.0,0.0,14.6,14.99,33517.63
2017-05-30,21.1,15.6,17.7,92,98,1019.7,0.9,7.0,17.2,6.23,16620.76
2017-05-31,23.7,15.9,18.6,82,55,1016.2,0.0,0.0,14.9,12.34,29450.62
2017-06-01,20.1,15.9,17.5,81,66,1014.9,0.9,5.0,26.0,8.42,30290.84
2017-06-02,18.9,10.0,14.5,81,19,1019.9,0.0,0.0,21.0,15.92,36126.67
2017-06-03,22.4,13.0,16.1,86,48,1020.4,0.0,0.0,15.8,14.69,36129.83
2017-06-04,26.4,13.8,19.0,82,40,1017.5,0.0,0.0,15.6,13.46,34420.96
2017-06-05,20.5,17.3,18.7,86,89,1016.6,10.8,6.0,19.0,5.32,12654.88
2017-06-06,22.9,17.5,19.2,84,98,1016.0,7.9,3.0,14.0,6.46,19253.01
2017-06-07,25.8,18.0,21.1,80,75,1015.1,0.0,0.0,14.0,12.75,32400.0
2017-06-08,25.8,17.5,21.3,68,77,1012.5,0.0,0.0,29.7,14.49,32535.08
2017-06-09,22.3,13.0,18.0,79,77,1015.0,0.4,2.0,27.2,6.66,15301.69
2017-06-10,17.6,7.9,12.3,75,9,1019.1,0.0,0.0,12.4,15.82,36135.31
2017-06-11,20.6,6.2,12.2,78,0,1018.7,0.0,0.0,11.8,15.82,36133.93
2017-06-12,21.7,9.7,15.0,78,42,1018.5,0.1,1.0,13.2,11.72,31632.61
2017-06-13,19.5,12.8,15.4,93,95,1020.1,9.2,12.0,15.0,3.91,3557.28
2017-06-14,19.2,12.4,15.3,89,65,1022.8,0.8,3.0,14.2,10.21,28128.96
2017-06-15,20.6,14.4,16.3,89,72,1024.1,0.0,0.0,16.5,9.53,28345.23
2017-06-16,21.8,13.2,16.1,84,50,1021.6,0.0,0.0,14.2,12.86,31471.41
2017-06-17,23.5,11.2,16.7,74,2,1018.1,0.0,0.0,16.9,15.04,36116.34
2017-06-18,22.9,12.4,17.1,75,33,1017.6,0.0,0.0,18.6,11.91,34437.52
2017-06-19,23.0,12.8,16.7,80,38,1018.3,0.6,5.0,21.3,13.19,36000.0
2017-06-20,16.3,13.2,14.5,96,100,1023.5,1.0,8.0,17.7,2.47,0.0
2017-06-21,18.7,13.7,15.6,91,94,1025.4,0.6,6.0,18.9,6.26,11440.34
2017-06-22,21.2,13.4,16.3,88,56,1024.3,0.0,0.0,21.2,13.2,32487.37
2017-06-23,20.8,12.8,15.8,87,39,1024.8,0.0,0.0,19.3,13.99,28879.75
2017-06-24,20.8,12.9,16.1,88,58,1025.8,0.0,0.0,13.8,13.29,29553.89
2017-06-25,19.9,13.9,15.8,86,55,1025.8,0.0,0.0,18.1,13.38,31854.26
2017-06-26,20.5,11.5,15.3,88,50,1024.3,0.0,0.0,14.5,14.18,35441.49
2017-06-27,21.9,12.5,15.6,86,48,1023.6,0.0,0.0,12.4,13.48,25523.65
2017-06-28,22.6,11.6,16.7,83,29,1023.3,0.0,0.0,10.5,13.99,36034.43
2017-06-29,23.3,13.3,17.2,81,67,1021.8,0.0,0.0,7.4,13.7,31947.57
2017-06-30,22.5,11.2,16.9,75,42,1021.2,0.0,0.0,14.3,12.03,32587.99
2017-07-01,18.3,12.9,15.1,89,78,1024.3,0.8,5.0,18.4,8.53,25050.91
2017-07-02,14.7,10.9,12.5,86,93,1029.2,0.3,3.0,20.3,6.15,5333.09
2017-07-03,15.4,8.9,11.9,81,82,1030.8,0.5,5.0,20.0,7.89,19921.08
2017-07-04,16.9,6.7,11.2,80,67,1029.9,0.0,0.0,19.4,15.2,36000.0
2017-07-05,17.4,8.0,12.1,79,7,1029.0,0.0,0.0,15.1,15.49,36513.6
2017-07-06,19.1,8.2,13.0,83,7,1027.0,0.0,0.0,18.2,14.31,36223.66
2017-07-07,19.2,9.4,14.1,84,24,1027.1,0.0,0.0,14.5,13.02,36489.34
2017-07-08,20.2,11.4,15.0,84,62,1026.5,0.0,0.0,15.9,13.53,36000.0
2017-07-09,21.8,10.9,15.6,79,42,1025.5,0.0,0.0,12.8,13.54,36000.0
2017-07-10,21.4,11.0,15.8,80,34,1024.5,0.1,1.0,11.2,13.65,36000.0
2017-07-11,22.6,11.4,16.2,83,12,1024.2,0.0,0.0,11.1,15.6,37266.92
2017-07-12,21.8,10.6,14.7,86,48,1025.6,0.0,0.0,17.8,15.61,33260.29
2017-07-13,22.0,12.1,15.5,87,62,1025.3,0.0,0.0,14.0,14.42,30575.38
2017-07-14,22.8,12.4,16.3,82,43,1024.0,0.0,0.0,11.1,15.49,37772.43
2017-07-15,23.5,11.8,16.8,68,45,1021.1,0.0,0.0,21.1,16.35,37480.88
2017-07-16,23.4,13.0,17.7,59,42,1020.4,0.0,0.0,21.6,15.71,37739.33
2017-07-17,24.7,13.2,18.2,65,28,1020.7,0.2,2.0,17.1,16.55,37722.41
2017-07-18,16.2,7.7,10.8,87,100,1025.6,3.0,12.0,23.1,1.97,0.0
2017-07-19,12.6,8.0,10.3,89,94,1026.5,0.1,1.0,16.6,3.86,0.0
2017-07-20,21.9,10.4,14.6,85,67,1023.1,0.2,1.0,15.0,13.03,33030.9
2017-07-21,24.0,11.2,16.7,76,48,1021.4,0.0,0.0,19.5,13.86,35723.49
2017-07-22,21.3,10.5,15.1,83,42,1023.2,0.0,0.0,18.4,15.01,27305.62
2017-07-23,23.9,13.2,17.2,76,33,1024.0,0.0,0.0,19.7,15.95,34798.47
2017-07-24,23.8,10.3,16.7,69,3,1025.4,0.0,0.0,12.3,17.12,38144.04
2017-07-25,24.1,10.5,17.0,71,4,1025.6,0.0,0.0,14.5,17.15,38125.8
2017-07-26,23.2,11.4,16.6,71,2,1024.6,0.0,0.0,16.6,17.13,38282.43
2017-07-27,22.7,10.3,15.5,78,4,1024.8,0.0,0.0,19.2,17.47,38308.02
2017-07-28,21.2,10.4,14.7,82,13,1026.2,0.0,0.0,15.5,16.7,37775.12
2017-07-29,22.5,10.7,16.0,76,3,1027.3,0.0,0.0,17.2,17.45,38358.77
2017-07-30,22.1,11.6,16.1,82,32,1027.0,0.0,0.0,16.3,13.59,36994.15
2017-07-31,21.4,10.1,15.9,65,21,1023.5,0.0,0.0,12.0,16.16,35627.73
2017-08-01,20.8,8.8,15.2,65,40,1020.2,0.0,0.0,17.9,10.97,22198.95
2017-08-02,25.0,11.2,17.3,58,42,1018.5,0.0,0.0,22.3,13.6,38460.3
2017-08-03,21.1,15.4,18.0,57,40,1015.0,0.6,4.0,32.3,10.23,34605.47
2017-08-04,15.9,12.3,13.8,84,80,1022.6,0.6,3.0,21.5,6.0,11012.49
2017-08-05,15.7,10.9,13.3,84,79,1024.4,1.8,5.0,21.6,6.44,6621.63
2017-08-06,19.2,10.2,13.4,81,36,1023.4,0.0,0.0,18.9,16.03,38560.78
2017-08-07,25.6,8.9,15.6,75,16,1019.4,0.0,0.0,15.0,17.81,38585.6
2017-08-08,26.6,11.3,18.7,64,74,1016.2,0.0,0.0,19.4,15.43,34784.43
2017-08-09,28.7,16.7,21.6,56,6,1014.4,0.0,0.0,24.4,17.81,38634.76
2017-08-10,20.7,13.2,15.8,83,80,1019.6,0.0,0.0,16.5,12.36,24924.71
2017-08-11,21.5,11.1,15.6,76,37,1020.7,0.0,0.0,19.7,18.69,38683.17
2017-08-12,25.5,12.9,17.5,79,86,1018.8,0.0,0.0,22.3,16.77,35920.26
2017-08-13,30.2,14.2,21.3,62,62,1015.0,0.0,0.0,18.9,18.56,38828.05
2017-08-14,24.7,13.7,18.7,69,88,1017.3,0.1,1.0,21.5,12.25,31486.11
2017-08-15,16.0,13.1,14.5,87,91,1019.8,3.4,8.0,18.1,4.4,1465.78
2017-08-16,17.7,13.9,15.2,94,100,1019.0,4.2,8.0,14.5,5.53,2330.31
2017-08-17,15.6,13.3,14.5,95,100,1019.4,6.9,7.0,16.1,2.6,0.0
2017-08-18,18.7,13.8,15.6,92,99,1018.3,4.0,10.0,11.4,4.43,0.0
2017-08-19,18.1,14.7,16.2,92,92,1015.9,4.2,6.0,15.6,3.59,3775.18
2017-08-20,20.4,14.1,16.6,87,94,1015.1,8.6,13.0,19.8,8.42,14964.86
2017-08-21,14.0,10.7,12.0,88,100,1026.7,3.0,9.0,28.1,3.64,0.0
2017-08-22,16.3,10.5,13.0,87,70,1026.3,0.0,0.0,24.1,7.49,11537.3
2017-08-23,22.1,11.7,15.4,89,51,1023.0,0.0,0.0,20.2,18.13,37424.16
2017-08-24,20.8,12.3,15.2,88,49,1022.7,0.0,0.0,17.4,19.02,33525.52
2017-08-25,22.9,11.7,15.7,88,30,1021.5,0.0,0.0,16.9,19.04,39036.55
2017-08-26,24.4,12.6,17.0,84,35,1019.8,0.0,0.0,12.5,19.62,35833.34
2017-08-27,25.0,11.9,17.2,77,1,1018.0,0.0,0.0,15.1,20.64,40299.05
2017-08-28,23.2,10.4,16.0,84,14,1018.8,0.0,0.0,16.0,20.8,40543.95
2017-08-29,25.5,11.9,17.2,86,56,1018.5,0.0,0.0,9.8,18.81,31875.54
2017-08-30,29.1,13.2,20.5,67,48,1016.4,0.0,0.0,13.1,20.51,40776.22
2017-08-31,18.1,14.3,15.9,89,93,1023.2,0.0,0.0,21.0,8.32,1656.98
2017-09-01,21.6,13.2,16.0,87,78,1025.9,0.0,0.0,23.7,11.91,24681.75
2017-09-02,23.2,11.5,16.0,83,36,1025.9,0.0,0.0,19.3,20.58,40486.17
2017-09-03,24.5,11.4,16.5,81,13,1023.8,0.0,0.0,14.7,21.29,41490.46
2017-09-04,27.0,10.4,18.2,69,2,1020.8,0.0,0.0,10.7,21.56,41733.23
2017-09-05,27.1,11.0,19.1,60,0,1019.4,0.0,0.0,12.1,21.63,41810.94
2017-09-06,26.1,12.9,17.9,80,36,1020.8,0.0,0.0,21.4,21.11,40946.58
2017-09-07,26.6,12.3,18.6,75,25,1020.3,0.0,0.0,16.0,21.56,41966.59
2017-09-08,28.4,13.4,20.0,66,15,1017.0,0.0,0.0,17.1,21.56,42045.22
2017-09-09,28.5,14.8,20.8,57,80,1017.2,0.0,0.0,14.5,20.5,39767.0
2017-09-10,29.1,14.7,21.4,58,24,1016.8,0.0,0.0,16.6,21.91,42204.01
2017-09-11,30.6,15.9,22.8,50,49,1017.6,0.0,0.0,17.5,21.26,42284.07
2017-09-12,30.0,16.0,21.5,59,5,1019.6,0.0,0.0,20.4,21.95,42364.49
2017-09-13,30.6,14.1,21.4,68,2,1019.4,0.0,0.0,17.6,22.15,42445.23
2017-09-14,32.2,16.9,23.9,45,0,1017.5,0.0,0.0,17.5,22.6,42526.23
2017-09-15,31.8,15.4,23.1,49,4,1019.4,0.0,0.0,17.1,22.22,42607.45
2017-09-16,30.4,14.0,20.7,71,11,1020.1,0.0,0.0,15.1,22.5,42688.82
2017-09-17,31.1,15.3,21.3,68,24,1018.8,0.0,0.0,19.8,21.42,42770.31
2017-09-18,27.8,15.9,19.7,80,58,1021.0,0.2,1.0,19.2,18.32,37228.49
2017-09-19,27.5,16.1,19.7,76,55,1021.2,0.0,0.0,18.7,21.57,42028.61
2017-09-20,26.3,14.0,18.8,77,11,1021.2,0.0,0.0,18.0,22.98,43014.93
2017-09-21,28.6,13.8,20.9,70,6,1019.8,0.0,0.0,14.8,23.22,43096.37
2017-09-22,29.5,15.4,22.6,48,40,1017.9,0.0,0.0,13.8,22.36,36627.63
2017-09-23,29.9,15.7,21.4,56,29,1018.3,0.2,2.0,25.0,22.57,43157.45
2017-09-24,23.0,16.9,19.2,79,87,1020.5,0.5,3.0,22.3,13.68,29141.44
2017-09-25,25.5,14.9,18.3,79,67,1021.1,0.0,0.0,21.8,16.9,33995.49
2017-09-26,26.8,13.3,18.2,76,47,1018.2,0.0,0.0,24.9,20.94,43200.0
2017-09-27,28.8,12.6,21.0,65,47,1015.0,0.1,1.0,22.7,21.29,37992.53
2017-09-28,26.5,16.1,19.9,71,37,1017.7,0.7,1.0,22.3,21.0,38938.68
2017-09-29,21.9,15.7,18.1,82,94,1018.6,8.3,7.0,22.7,11.85,11693.68
2017-09-30,21.7,16.1,18.1,87,99,1010.3,22.0,22.0,25.7,9.29,6625.87
2017-10-01,23.9,15.0,19.2,76,57,1007.9,0.3,1.0,26.9,19.98,42484.09
2017-10-02,23.1,17.5,19.9,77,99,1008.8,5.0,6.0,19.8,9.52,8649.79
2017-10-03,21.6,14.8,17.4,82,94,1016.4,2.2,7.0,18.4,11.49,18350.54
2017-10-04,22.9,11.8,16.3,73,76,1019.8,0.0,0.0,18.9,22.36,42582.78
2017-10-05,29.8,12.3,20.0,79,5,1016.6,0.1,1.0,13.8,24.78,43200.0
2017-10-06,31.3,16.6,23.0,71,38,1016.6,1.5,2.0,21.7,23.25,38523.83
2017-10-07,20.6,17.1,18.3,89,100,1019.3,9.4,11.0,15.6,6.72,5177.83
2017-10-08,25.2,16.3,20.1,86,68,1015.5,4.7,5.0,17.4,15.85,33920.99
2017-10-09,27.2,17.2,22.0,82,84,1013.6,2.7,3.0,12.6,21.01,34834.27
2017-10-10,31.4,19.2,23.0,79,58,1013.9,2.4,2.0,16.9,21.11,33603.11
2017-10-11,32.1,18.0,23.8,75,29,1013.3,0.3,1.0,14.8,23.52,43200.0
2017-10-12,32.5,18.1,24.0,76,63,1014.2,1.6,1.0,13.4,23.5,43200.0
2017-10-13,33.1,17.9,25.1,66,55,1012.8,0.2,1.0,14.5,22.83,41732.0
2017-10-14,29.2,18.3,22.2,80,79,1013.8,1.9,2.0,22.1,19.05,33678.38
2017-10-15,19.9,15.0,17.1,82,96,1020.5,0.2,1.0,25.6,8.27,1760.59
2017-10-16,22.8,14.5,17.6,81,87,1021.6,0.0,0.0,21.9,13.32,17602.74
2017-10-17,26.8,16.2,19.9,80,79,1020.6,0.0,0.0,18.7,16.03,32164.35
2017-10-18,31.2,16.5,23.6,63,28,1016.3,0.0,0.0,13.1,24.97,43200.0
2017-10-19,32.1,18.6,25.1,47,51,1013.6,0.0,0.0,20.3,25.07,43426.86
2017-10-20,27.0,18.3,20.5,80,88,1015.9,2.7,8.0,22.0,16.34,23356.89
2017-10-21,28.3,18.2,22.1,73,91,1015.6,1.1,7.0,13.1,17.73,25829.93
2017-10-22,22.8,17.9,20.2,79,97,1015.8,12.6,15.0,19.0,6.94,2382.52
2017-10-23,17.7,13.7,15.7,89,100,1019.6,1.6,7.0,21.1,5.53,128.43
2017-10-24,20.9,13.0,16.4,85,97,1019.3,0.4,2.0,19.0,14.57,27345.13
2017-10-25,25.6,15.7,19.8,83,91,1016.6,0.5,3.0,21.7,18.55,33128.12
2017-10-26,28.3,17.1,21.5,77,90,1012.6,1.4,4.0,18.7,20.02,32917.28
2017-10-27,25.1,17.5,20.9,78,87,1009.7,7.3,8.0,26.7,17.73,27790.65
2017-10-28,25.7,17.5,21.6,76,73,1008.6,0.4,2.0,29.3,19.18,41092.09
2017-10-29,24.7,17.9,20.4,86,97,1013.0,3.4,5.0,17.8,14.11,21681.03
2017-10-30,22.6,17.5,19.5,91,100,1010.2,5.1,13.0,13.4,8.78,0.0
2017-10-31,22.1,15.2,18.5,85,82,1012.1,2.4,7.0,27.8,16.01,26958.97
2017-11-01,19.7,13.5,16.1,83,85,1018.6,0.3,3.0,23.0,16.06,22955.86
2017-11-02,23.3,13.1,16.7,82,32,1019.7,0.0,0.0,24.0,28.49,44697.13
2017-11-03,28.5,13.2,20.6,78,35,1014.8,0.0,0.0,12.2,26.72,44943.35
2017-11-04,27.0,19.2,22.8,74,99,1010.7,4.3,4.0,30.6,20.29,42139.41
2017-11-05,21.7,15.8,18.4,91,100,1014.8,2.7,9.0,16.3,5.71,5805.54
2017-11-06,18.2,15.0,16.4,89,99,1017.5,0.6,1.0,22.2,6.99,0.0
2017-11-07,21.4,12.6,16.6,82,71,1016.5,0.0,0.0,21.7,19.67,36757.44
2017-11-08,23.8,14.9,18.4,84,95,1014.4,0.0,0.0,20.4,15.15,29394.39
2017-11-09,25.8,16.2,19.7,88,82,1013.4,18.5,12.0,12.3,18.71,38924.16
2017-11-10,28.1,16.6,21.8,80,72,1009.6,9.2,7.0,14.0,24.22,37671.6
2017-11-11,21.4,14.0,18.0,90,82,1008.7,6.1,10.0,20.5,7.23,181.38
2017-11-12,26.0,11.2,18.9,66,1,1008.4,0.0,0.0,21.0,30.61,46049.28
2017-11-13,24.3,13.2,17.6,79,19,1013.4,0.0,0.0,20.4,29.89,45789.15
2017-11-14,25.7,12.2,17.6,78,14,1015.8,0.0,0.0,22.1,30.33,46057.11
2017-11-15,29.5,13.7,21.5,66,12,1013.3,0.0,0.0,16.4,26.68,46058.87
2017-11-16,28.2,17.5,22.9,67,31,1012.6,0.8,3.0,18.0,25.05,45793.25
2017-11-17,27.3,18.0,22.0,76,87,1010.7,2.4,6.0,13.5,19.98,34829.86
2017-11-18,27.4,17.6,21.6,82,70,1008.8,14.2,10.0,20.2,20.75,37099.79
2017-11-19,24.9,18.0,20.4,88,90,1010.1,10.1,14.0,21.6,16.66,30694.0
2017-11-20,21.9,17.5,19.2,93,100,1013.3,2.5,11.0,19.6,7.67,2163.7
2017-11-21,26.5,17.7,21.4,84,90,1011.3,4.2,11.0,12.7,18.37,31399.81
2017-11-22,22.7,15.9,19.3,89,99,1010.6,2.1,11.0,25.2,15.01,23166.48
2017-11-23,20.7,14.8,17.1,88,95,1015.4,0.6,4.0,22.1,12.47,15150.44
2017-11-24,26.2,14.8,19.4,84,38,1015.9,0.2,2.0,17.2,25.08,38664.1
2017-11-25,29.0,15.2,21.4,80,43,1014.0,0.1,1.0,17.6,26.75,45876.9
2017-11-26,25.3,20.1,21.6,84,91,1010.8,10.5,16.0,26.9,16.51,33135.11
2017-11-27,25.4,18.9,21.2,85,82,1013.7,12.9,14.0,27.4,17.36,35511.74
2017-11-28,23.4,16.9,19.4,91,75,1017.0,0.4,4.0,24.5,18.49,32464.32
2017-11-29,23.2,15.2,18.2,82,51,1015.6,0.1,1.0,21.0,29.04,45692.6
2017-11-30,23.3,13.5,17.7,87,99,1012.3,0.3,2.0,20.9,19.43,27777.63
2017-12-01,23.1,16.4,18.6,90,83,1011.6,14.0,10.0,19.1,15.03,27455.74
2017-12-02,22.9,17.0,19.0,89,91,1013.1,0.9,9.0,21.1,14.77,25154.44
2017-12-03,25.7,17.6,20.6,85,86,1011.5,0.7,4.0,20.4,18.58,41051.7
2017-12-04,28.1,17.8,21.5,85,77,1011.0,0.1,1.0,17.7,24.7,32106.4
2017-12-05,26.7,18.5,21.4,85,97,1013.9,0.8,4.0,21.7,25.11,40644.95
2017-12-06,25.8,18.3,21.0,85,79,1013.6,1.1,6.0,19.0,18.59,41809.05
2017-12-07,26.0,18.3,21.3,86,95,1009.9,9.8,12.0,12.7,11.85,15994.59
2017-12-08,26.3,18.2,21.1,91,88,1007.7,9.0,9.0,20.6,21.4,41467.86
2017-12-09,23.7,17.6,20.3,86,69,1009.0,2.2,9.0,16.1,20.76,43803.83
2017-12-10,26.8,16.2,20.9,81,90,1006.7,0.6,4.0,13.2,24.78,43707.08
2017-12-11,28.2,17.2,20.9,83,74,1008.7,6.0,6.0,26.1,22.92,37805.88
2017-12-12,19.8,16.3,17.5,89,89,1016.5,0.9,6.0,22.5,7.55,4891.81
2017-12-13,22.6,16.0,18.5,87,84,1018.0,0.0,0.0,19.3,16.35,24640.55
2017-12-14,28.0,16.1,21.1,83,47,1016.2,0.0,0.0,15.5,26.44,43721.17
2017-12-15,29.2,16.8,21.9,80,69,1013.7,0.0,0.0,19.1,26.52,41270.76
2017-12-16,28.5,17.2,22.8,77,29,1013.1,0.0,0.0,14.2,26.92,48148.12
2017-12-17,29.7,19.5,24.1,72,29,1013.9,3.4,4.0,15.5,26.31,45911.88
2017-12-18,27.0,19.4,22.3,80,84,1016.5,4.2,10.0,20.3,22.11,45535.06
2017-12-19,26.5,19.3,21.9,86,85,1017.7,2.3,5.0,16.8,20.83,40268.05
2017-12-20,28.7,19.5,22.5,83,99,1014.5,4.1,10.0,11.3,18.31,23405.33
2017-12-21,21.1,19.0,20.1,89,100,1013.4,10.0,19.0,12.6,4.75,0.0
2017-12-22,23.6,18.6,20.9,82,83,1013.3,6.2,11.0,18.8,13.86,27915.76
2017-12-23,27.1,19.0,22.8,78,81,1012.4,0.0,0.0,25.5,23.87,45532.54
2017-12-24,27.2,20.4,23.6,77,75,1010.4,0.1,1.0,23.9,18.67,41472.02
2017-12-25,27.1,19.6,21.6,89,96,1012.5,7.8,9.0,18.0,14.8,17682.75
2017-12-26,26.5,19.8,22.0,88,85,1014.3,9.7,9.0,15.3,19.57,36712.95
2017-12-27,26.4,19.9,22.2,89,93,1014.6,9.3,6.0,19.2,19.98,41060.55
2017-12-28,22.7,19.9,21.1,93,95,1014.1,10.6,11.0,13.4,7.0,7132.0
2017-12-29,24.0,19.2,21.0,90,99,1011.9,13.6,19.0,14.1,6.3,0.0
2017-12-30,24.0,19.7,21.4,88,95,1009.8,22.4,22.0,28.2,12.92,16240.11
2017-12-31,23.7,18.9,21.1,89,79,1010.5,13.4,18.0,32.7,15.92,34526.5
2018-01-01,25.7,19.9,22.5,84,75,1011.0,1.6,6.0,20.2,19.78,43287.9
2018-01-02,25.2,20.1,22.2,85,97,1008.0,1.1,9.0,28.8,15.8,27355.78
2018-01-03,23.8,19.3,21.2,88,89,1008.2,3.4,11.0,24.5,12.23,24073.73
2018-01-04,26.3,16.5,20.9,80,80,1013.9,0.0,0.0,20.6,28.75,46578.73
2018-01-05,25.9,15.4,20.3,87,75,1014.4,3.0,9.0,17.7,22.73,43065.89
2018-01-06,24.5,18.7,21.3,85,98,1013.8,9.4,15.0,16.6,15.66,24743.65
2018-01-07,19.8,16.4,18.2,85,100,1015.8,12.0,19.0,15.8,5.66,2467.81
2018-01-08,20.8,17.6,18.8,92,100,1018.1,25.5,24.0,16.6,6.24,0.0
2018-01-09,23.6,16.6,19.5,92,97,1019.6,11.7,14.0,14.2,11.29,9199.65
2018-01-10,27.5,16.9,21.5,84,92,1019.3,0.6,3.0,16.1,21.98,45672.34
2018-01-11,27.3,18.7,21.8,86,99,1017.4,5.3,7.0,18.0,20.67,28470.67
2018-01-12,24.6,18.7,20.9,83,97,1014.1,1.3,5.0,22.8,16.85,28611.36
2018-01-13,24.4,18.0,20.9,85,96,1012.7,2.3,6.0,18.1,15.27,26538.94
2018-01-14,27.7,19.8,22.8,78,77,1013.2,11.2,7.0,16.7,22.01,35663.82
2018-01-15,26.7,19.6,22.8,78,90,1014.1,7.2,3.0,21.0,21.64,42731.46
2018-01-16,26.3,19.5,22.3,83,98,1015.9,12.3,14.0,17.7,17.47,29851.33
2018-01-17,28.6,19.1,22.8,87,93,1015.5,6.0,4.0,10.1,20.62,40288.24
2018-01-18,28.7,20.0,23.9,82,84,1014.4,7.5,7.0,19.2,23.36,46451.89
2018-01-19,28.8,19.5,22.5,84,98,1015.4,8.6,11.0,18.6,16.55,18018.58
2018-01-20,27.7,18.9,21.7,90,92,1015.7,13.2,7.0,18.7,16.68,32462.44
2018-01-21,28.6,17.9,22.2,86,91,1014.3,4.3,6.0,14.3,22.37,35459.61
2018-01-22,29.6,19.1,23.7,81,81,1011.9,3.9,9.0,11.6,23.78,40911.58
2018-01-23,31.0,19.9,24.3,78,80,1011.9,1.6,2.0,11.9,26.57,45610.78
2018-01-24,28.9,19.4,23.2,84,92,1012.2,23.4,9.0,9.3,21.28,31301.95
2018-01-25,27.3,19.2,22.2,87,87,1012.8,3.5,9.0,22.0,22.47,40451.08
2018-01-26,22.5,19.2,20.3,90,87,1014.2,1.6,6.0,23.0,12.61,30039.2
2018-01-27,23.0,17.8,19.8,87,85,1014.5,0.3,3.0,22.9,15.08,32919.54
2018-01-28,28.1,17.6,22.1,86,68,1011.6,7.0,6.0,15.0,23.18,46002.99
2018-01-29,26.0,19.7,22.3,88,98,1009.2,14.5,13.0,18.9,14.25,22939.61
2018-01-30,21.0,17.6,19.0,92,90,1010.4,8.5,13.0,15.3,8.25,6870.55
2018-01-31,23.0,16.5,19.5,86,62,1011.9,0.8,5.0,20.2,22.24,46250.26
2018-02-01,24.6,16.1,19.8,86,61,1012.4,0.4,3.0,22.7,24.37,45264.92
2018-02-02,26.2,17.6,20.3,86,78,1010.7,0.4,2.0,20.3,18.08,30942.46
2018-02-03,23.3,16.1,19.7,86,80,1011.0,1.2,6.0,25.4,18.49,41873.22
2018-02-04,24.1,14.5,18.4,86,87,1013.8,0.5,3.0,22.9,17.64,30212.2
2018-02-05,23.6,16.3,19.3,86,98,1012.3,0.7,6.0,22.0,19.54,33003.55
2018-02-06,22.7,17.4,19.4,88,96,1011.1,2.3,13.0,16.1,11.81,20090.9
2018-02-07,26.3,16.9,20.4,83,58,1011.7,0.1,1.0,17.6,23.66,45525.16
2018-02-08,27.7,16.3,21.5,80,48,1012.8,0.0,0.0,14.8,25.85,41046.22
2018-02-09,29.8,16.5,23.4,70,42,1013.2,0.0,0.0,16.6,26.32,44396.14
2018-02-10,28.0,19.6,23.7,76,80,1013.5,4.0,5.0,15.5,24.58,43634.83
2018-02-11,29.0,19.2,23.8,81,96,1013.2,0.6,4.0,9.4,23.81,38961.56
2018-02-12,28.6,20.4,23.5,82,96,1013.0,4.2,8.0,19.8,21.84,39600.0
2018-02-13,20.2,17.8,19.0,94,99,1018.2,3.2,10.0,23.0,6.87,1634.53
2018-02-14,21.1,17.2,18.7,94,99,1020.4,7.0,15.0,18.9,7.89,2708.95
2018-02-15,23.8,17.6,19.5,89,96,1020.9,2.5,9.0,21.8,14.27,20419.95
2018-02-16,22.8,17.2,19.4,89,86,1020.8,0.9,2.0,20.1,17.09,34669.83
2018-02-17,24.1,16.9,19.6,89,97,1017.9,1.7,5.0,18.2,14.54,18227.83
2018-02-18,22.9,18.6,20.5,89,99,1014.3,5.0,14.0,14.3,9.61,11931.71
2018-02-19,25.7,17.9,21.5,84,95,1011.2,1.9,7.0,19.1,17.94,30030.99
2018-02-20,25.9,19.8,22.4,82,99,1009.4,1.1,3.0,26.5,17.72,31313.05
2018-02-21,27.0,20.0,22.9,79,64,1009.2,1.5,8.0,22.7,23.67,40647.77
2018-02-22,27.1,17.4,22.1,77,53,1010.4,1.3,10.0,14.9,21.66,44752.07
2018-02-23,24.1,18.2,20.5,86,70,1014.6,4.6,9.0,20.4,19.68,41941.7
2018-02-24,25.3,16.6,19.7,86,47,1016.7,1.2,4.0,23.2,23.85,42785.46
2018-02-25,24.3,16.0,19.6,88,64,1016.5,0.6,5.0,21.4,19.84,40914.8
2018-02-26,24.3,16.5,20.2,89,87,1015.3,15.9,13.0,13.2,14.24,30781.13
2018-02-27,25.1,18.0,21.2,86,86,1014.0,2.3,9.0,16.6,17.76,42306.05
2018-02-28,28.4,17.7,21.9,86,72,1013.4,0.1,1.0,20.0,24.51,36685.63
2018-03-01,28.0,18.4,22.4,87,74,1015.0,3.6,6.0,13.9,22.51,41819.55
2018-03-02,29.2,19.6,22.9,87,89,1015.1,1.8,6.0,14.4,21.61,28594.68
2018-03-03,26.4,18.6,21.9,88,84,1013.1,1.6,6.0,14.9,19.22,36403.16
2018-03-04,27.2,19.3,22.0,89,85,1011.0,8.1,6.0,14.2,17.95,28787.78
2018-03-05,27.9,19.6,22.7,87,74,1010.1,3.1,2.0,16.4,21.83,37638.14
2018-03-06,28.3,18.6,22.4,87,87,1010.9,1.5,4.0,18.4,20.41,36289.92
2018-03-07,26.6,20.0,22.0,91,96,1011.2,12.8,10.0,22.4,14.25,31424.1
2018-03-08,23.5,18.8,20.7,89,89,1013.2,1.3,9.0,22.1,13.89,28163.72
2018-03-09,24.6,18.3,20.5,89,88,1013.7,0.8,5.0,19.2,14.76,24952.62
2018-03-10,25.6,17.7,20.7,91,84,1011.9,17.6,6.0,18.0,12.06,22113.0
2018-03-11,27.1,18.5,21.9,86,50,1010.3,0.0,0.0,12.4,22.04,34229.0
2018-03-12,28.7,17.0,22.9,81,34,1009.0,0.0,0.0,17.1,21.05,42568.67
2018-03-13,26.4,20.8,22.8,90,76,1012.2,1.8,9.0,13.8,17.23,38730.5
2018-03-14,30.0,19.3,23.5,85,79,1013.6,14.0,4.0,18.0,20.31,29367.0
2018-03-15,29.1,18.8,23.6,81,89,1013.5,3.8,8.0,21.1,18.09,36488.63
2018-03-16,28.2,21.5,23.8,82,69,1013.7,0.8,4.0,15.8,21.24,42470.77
2018-03-17,26.2,18.8,22.3,87,63,1013.8,1.5,7.0,18.6,18.41,36275.76
2018-03-18,28.3,16.6,21.6,87,62,1012.0,0.0,0.0,18.5,17.84,38549.05
2018-03-19,29.5,19.2,24.2,80,73,1010.5,0.1,1.0,13.8,21.35,40206.36
2018-03-20,28.9,20.5,23.3,86,95,1012.3,4.5,2.0,11.8,18.02,34065.86
2018-03-21,26.4,19.8,21.5,88,97,1013.4,2.4,8.0,22.7,13.77,24503.31
2018-03-22,24.3,18.6,20.4,90,92,1014.4,1.6,7.0,20.9,11.68,17498.19
2018-03-23,27.9,18.7,22.2,87,70,1014.3,0.6,2.0,16.3,19.86,41509.67
2018-03-24,28.2,18.4,22.6,84,50,1014.7,1.7,1.0,14.4,20.35,38926.33
2018-03-25,27.6,19.9,23.7,72,24,1014.5,0.0,0.0,14.3,21.06,42257.87
2018-03-26,27.4,19.0,21.6,85,64,1016.1,1.7,3.0,15.1,15.8,40043.62
2018-03-27,25.9,18.9,21.2,89,92,1017.7,6.7,12.0,13.4,14.41,28927.14
2018-03-28,26.8,18.4,21.3,88,84,1017.2,11.8,6.0,13.6,16.26,31465.52
2018-03-29,25.9,19.1,21.2,89,83,1016.6,2.3,3.0,13.3,15.79,32845.64
2018-03-30,26.5,18.1,21.1,89,83,1015.1,2.7,5.0,12.1,16.71,26446.34
2018-03-31,26.5,18.4,21.5,86,96,1013.8,6.6,6.0,11.3,14.78,28213.99
2018-04-01,25.5,19.5,21.8,85,97,1012.1,6.4,7.0,22.4,11.84,26163.5
2018-04-02,24.5,19.5,21.6,83,95,1011.4,1.3,5.0,20.6,11.73,23656.51
2018-04-03,25.1,18.4,20.8,85,71,1010.8,4.6,12.0,18.7,15.27,38420.48
2018-04-04,24.5,17.1,19.8,89,65,1012.1,0.6,4.0,14.7,15.63,34772.85
2018-04-05,25.9,17.1,20.2,87,61,1012.7,0.5,1.0,18.5,19.07,38944.6
2018-04-06,24.0,17.8,19.8,90,78,1014.1,2.8,7.0,17.9,17.07,39422.41
2018-04-07,25.0,17.2,20.1,88,67,1016.0,0.6,5.0,17.2,16.97,33948.3
2018-04-08,24.8,17.3,20.1,88,72,1017.6,0.2,2.0,17.5,13.67,30193.97
2018-04-09,24.7,16.6,19.9,89,61,1017.9,0.8,4.0,18.2,13.87,40564.45
2018-04-10,25.3,16.3,20.0,87,43,1018.5,0.1,1.0,17.1,19.73,41489.39
2018-04-11,25.2,16.4,19.7,85,38,1018.6,0.0,0.0,16.8,21.78,40553.51
2018-04-12,26.1,15.8,20.5,81,73,1018.5,0.1,1.0,13.7,18.87,40004.78
2018-04-13,27.1,16.1,21.5,77,14,1019.0,0.0,0.0,14.8,19.93,41257.47
2018-04-14,24.2,18.9,20.5,86,77,1022.1,1.5,10.0,22.4,16.69,36993.39
2018-04-15,19.7,17.3,18.4,93,99,1023.5,1.1,7.0,24.7,4.68,483.71
2018-04-16,19.7,15.7,17.5,89,92,1023.0,0.7,5.0,21.2,5.54,0.0
2018-04-17,21.1,14.5,17.1,85,63,1023.4,0.4,4.0,20.5,11.04,32362.42
2018-04-18,23.2,12.5,16.8,81,23,1023.6,0.0,0.0,16.1,21.47,40811.17
2018-04-19,24.4,11.6,17.0,83,46,1021.3,0.0,0.0,13.2,19.58,35126.78
2018-04-20,23.7,12.5,16.8,76,79,1019.4,0.0,0.0,15.5,20.5,38803.81
2018-04-21,23.8,11.7,16.8,81,33,1018.0,0.0,0.0,19.4,20.18,40652.35
2018-04-22,23.6,14.9,18.5,85,50,1017.8,0.3,3.0,19.4,15.18,38375.79
2018-04-23,24.7,15.8,19.1,85,62,1019.0,0.2,2.0,15.7,15.65,37904.85
2018-04-24,24.3,16.0,19.2,86,56,1020.0,0.6,3.0,17.2,16.02,34881.49
2018-04-25,25.7,16.5,19.8,85,68,1020.3,0.3,2.0,16.4,15.68,33294.26
2018-04-26,26.1,17.7,20.4,86,53,1019.0,0.0,0.0,15.3,17.18,37937.88
2018-04-27,25.9,18.2,21.0,84,63,1019.2,0.1,1.0,16.5,17.25,38342.91
2018-04-28,26.2,17.7,20.9,84,72,1019.5,1.0,1.0,12.7,16.17,36159.75
2018-04-29,26.2,16.8,20.6,82,54,1018.7,0.1,1.0,11.4,16.56,35152.44
2018-04-30,27.8,15.9,21.4,71,50,1017.5,0.0,0.0,12.9,18.14,37933.75
2018-05-01,25.3,15.3,20.1,81,39,1019.1,0.4,4.0,18.2,15.43,37446.46
2018-05-02,24.6,17.3,20.0,86,75,1020.4,0.7,3.0,16.1,12.35,30876.9
2018-05-03,27.2,16.9,21.0,78,46,1018.7,0.2,1.0,12.9,15.23,34493.04
2018-05-04,28.0,16.1,21.4,76,20,1018.0,0.0,0.0,14.8,18.6,38620.47
2018-05-05,26.8,16.2,20.8,77,34,1019.2,0.0,0.0,15.6,14.68,37070.79
2018-05-06,25.1,16.7,19.8,83,60,1021.4,1.6,6.0,19.2,15.55,34029.06
2018-05-07,23.2,17.0,19.1,84,67,1022.1,1.8,8.0,20.1,12.63,36886.47
2018-05-08,21.4,16.1,18.2,86,69,1021.8,0.6,6.0,20.5,7.92,21567.85
2018-05-09,23.6,15.1,18.1,82,49,1021.5,0.0,0.0,16.9,17.67,35288.99
2018-05-10,24.9,14.5,18.7,76,40,1019.0,0.0,0.0,15.8,16.79,35965.51
2018-05-11,26.4,12.6,19.5,65,41,1016.2,0.0,0.0,20.6,15.43,36751.83
2018-05-12,25.3,17.3,19.5,72,87,1015.1,0.8,3.0,19.5,11.29,31148.87
2018-05-13,21.3,16.3,17.6,85,89,1018.4,0.1,1.0,15.8,7.61,16195.48
2018-05-14,23.3,15.2,18.1,84,89,1019.1,0.0,0.0,17.0,10.76,31214.08
2018-05-15,22.9,14.7,18.6,86,60,1017.3,0.6,2.0,16.4,9.5,27013.65
2018-05-16,25.1,16.4,19.8,78,58,1016.2,2.3,6.0,18.2,13.8,36048.84
2018-05-17,22.5,16.2,18.6,86,87,1017.9,0.5,5.0,17.9,10.45,27740.4
2018-05-18,25.4,15.9,19.9,80,50,1014.8,1.8,3.0,21.1,12.57,33240.78
2018-05-19,21.8,14.8,18.8,82,88,1010.5,14.1,13.0,31.5,8.24,14992.83
2018-05-20,16.4,9.0,12.5,69,15,1014.6,0.0,0.0,30.0,16.56,37035.83
2018-05-21,19.1,7.0,12.5,74,16,1017.9,0.0,0.0,11.3,17.63,37063.8
2018-05-22,22.4,7.3,14.4,76,50,1018.9,0.0,0.0,11.1,16.96,35407.9
2018-05-23,20.7,10.8,14.6,87,74,1022.2,0.0,0.0,17.2,15.11,31729.37
2018-05-24,21.4,11.6,15.3,87,86,1024.1,0.0,0.0,19.0,14.61,33767.4
2018-05-25,20.9,13.3,16.2,86,69,1023.1,0.2,2.0,18.5,11.25,27180.26
2018-05-26,21.1,14.2,16.6,87,66,1022.5,1.1,1.0,15.5,12.64,32483.88
2018-05-27,21.7,13.6,16.5,86,55,1023.9,0.0,0.0,14.5,13.95,32765.85
2018-05-28,22.0,12.0,15.7,83,42,1024.7,0.0,0.0,18.0,15.94,32773.18
2018-05-29,22.1,11.5,15.9,77,18,1024.0,0.0,0.0,15.2,16.04,36104.81
2018-05-30,21.9,11.8,16.2,76,45,1022.0,0.0,0.0,17.0,16.24,36000.0
2018-05-31,23.3,11.3,17.1,73,41,1017.9,0.0,0.0,14.3,12.03,22784.56
2018-06-01,24.0,12.3,18.0,65,18,1016.1,0.0,0.0,16.7,16.11,36396.25
2018-06-02,25.4,14.9,19.6,60,70,1017.3,0.0,0.0,19.8,11.78,36000.0
2018-06-03,17.0,13.2,15.7,92,100,1023.6,1.7,10.0,17.8,2.92,0.0
2018-06-04,17.6,12.8,14.4,86,97,1024.7,0.4,4.0,16.9,4.92,1271.81
2018-06-05,19.2,13.1,15.6,88,93,1018.3,0.6,4.0,16.0,5.93,9208.96
2018-06-06,22.4,13.9,16.7,89,79,1014.2,2.6,15.0,15.5,10.02,33994.49
2018-06-07,22.4,14.0,17.4,90,83,1015.8,27.8,18.0,25.0,9.78,30673.47
2018-06-08,19.3,12.8,15.6,89,77,1019.7,1.7,9.0,17.5,10.05,24658.47
2018-06-09,22.7,12.4,16.1,87,99,1020.8,0.0,0.0,12.6,10.88,19576.41
2018-06-10,25.9,13.9,19.1,82,94,1017.4,0.0,0.0,15.5,12.69,28713.14
2018-06-11,26.4,15.3,20.2,78,73,1015.9,0.0,0.0,15.6,13.4,34470.93
2018-06-12,26.6,17.9,21.6,73,56,1015.6,0.5,1.0,18.4,14.59,32400.0
2018-06-13,24.6,17.3,19.7,87,89,1017.8,14.7,8.0,19.9,9.99,24753.35
2018-06-14,17.5,12.7,14.7,91,100,1023.1,6.9,17.0,18.5,3.23,0.0
2018-06-15,16.7,12.7,14.0,90,100,1024.7,1.1,9.0,15.1,4.85,0.0
2018-06-16,15.1,12.8,13.7,92,99,1026.1,0.6,5.0,19.8,6.02,12185.24
2018-06-17,18.7,12.9,14.5,92,92,1026.8,0.1,1.0,17.4,6.9,8777.4
2018-06-18,20.3,13.1,15.6,90,93,1026.6,0.1,1.0,19.4,9.48,28800.0
2018-06-19,21.9,13.7,16.5,87,86,1025.3,0.0,0.0,19.4,10.78,28448.46
2018-06-20,23.4,12.6,17.3,84,47,1023.6,0.0,0.0,8.8,14.51,33640.09
2018-06-21,24.0,12.1,17.6,79,65,1020.9,0.0,0.0,17.2,13.36,34167.09
2018-06-22,23.3,11.8,17.2,75,19,1019.8,0.0,0.0,12.0,13.73,36366.63
2018-06-23,25.1,13.3,18.7,72,43,1018.4,0.0,0.0,12.6,14.02,36358.92
2018-06-24,26.2,15.3,19.4,73,44,1018.5,0.0,0.0,13.0,12.44,36350.79
2018-06-25,25.9,13.1,18.9,70,15,1017.2,0.0,0.0,18.4,14.15,36342.27
2018-06-26,25.8,14.8,19.6,62,31,1016.2,0.0,0.0,15.3,13.24,36053.93
2018-06-27,22.2,13.1,17.0,87,85,1019.4,0.0,0.0,17.2,12.75,34308.14
2018-06-28,24.9,13.8,18.3,83,90,1019.8,0.0,0.0,10.5,12.49,30586.06
2018-06-29,24.4,12.5,18.1,75,27,1018.5,0.0,0.0,9.7,15.31,36584.04
2018-06-30,24.7,12.6,18.3,70,31,1016.2,0.0,0.0,9.7,14.57,36000.0
2018-07-01,24.0,12.4,17.3,82,42,1016.7,0.0,0.0,9.8,13.18,30884.24
2018-07-02,26.0,11.3,18.7,65,5,1015.9,0.0,0.0,15.2,15.47,36831.87
2018-07-03,23.1,12.7,17.1,76,39,1018.3,0.4,3.0,19.5,13.4,36000.0
2018-07-04,24.6,14.4,17.2,85,81,1019.6,0.0,0.0,17.8,12.24,27369.7
2018-07-05,25.7,14.6,19.1,76,50,1018.8,0.0,0.0,9.4,13.1,32679.06
2018-07-06,25.2,13.5,18.8,69,29,1019.4,0.0,0.0,11.3,13.5,36784.91
2018-07-07,25.0,12.9,17.9,73,88,1018.4,0.0,0.0,15.3,15.11,34393.27
2018-07-08,25.5,13.6,19.0,57,37,1016.9,0.0,0.0,19.3,15.82,37036.06
2018-07-09,23.1,12.8,16.2,80,65,1019.1,2.0,8.0,21.9,10.78,28800.0
2018-07-10,13.3,8.1,11.5,81,76,1022.8,1.0,8.0,18.9,3.97,3600.0
2018-07-11,14.7,7.6,10.8,84,74,1024.6,0.9,5.0,16.3,8.04,18322.91
2018-07-12,17.0,7.5,11.2,83,48,1024.4,0.0,0.0,12.6,15.6,37530.7
2018-07-13,19.8,8.2,13.4,74,64,1021.8,0.0,0.0,8.2,10.88,33632.68
2018-07-14,23.7,11.0,16.5,64,21,1019.2,0.0,0.0,11.5,14.2,35015.93
2018-07-15,26.1,9.7,17.6,64,0,1019.1,0.0,0.0,10.9,16.46,37758.01
2018-07-16,26.5,10.9,18.5,56,0,1020.8,0.0,0.0,11.2,16.55,37741.29
2018-07-17,25.4,10.6,17.4,66,9,1021.8,0.0,0.0,13.7,16.59,37999.05
2018-07-18,26.5,11.4,18.6,70,4,1020.4,0.0,0.0,10.5,16.33,37707.64
2018-07-19,26.3,13.4,19.4,66,0,1018.8,0.0,0.0,13.5,16.57,37964.49
2018-07-20,27.7,12.6,20.1,60,0,1017.4,0.0,0.0,20.7,16.84,38119.65
2018-07-21,26.3,14.7,18.2,70,67,1019.4,0.1,1.0,21.8,15.4,35743.27
2018-07-22,23.1,14.1,16.6,83,99,1022.7,0.1,1.0,21.1,11.04,23956.1
2018-07-23,23.4,14.2,17.7,79,68,1022.7,0.0,0.0,11.4,13.19,32884.49
2018-07-24,21.1,11.8,15.6,84,67,1024.8,0.0,0.0,21.5,12.78,31720.91
2018-07-25,22.5,14.2,16.9,83,83,1025.0,0.1,1.0,19.1,11.42,29366.19
2018-07-26,24.0,13.9,17.9,78,61,1023.0,0.0,0.0,12.3,13.82,32678.68
2018-07-27,25.6,11.9,18.6,70,35,1020.4,0.0,0.0,11.6,15.58,38299.21
2018-07-28,26.4,12.8,19.5,62,28,1018.2,0.0,0.0,11.5,17.06,38325.18
2018-07-29,27.8,14.2,20.8,51,65,1015.0,0.0,0.0,18.8,14.03,23221.99
2018-07-30,24.1,14.5,17.9,73,48,1015.7,6.7,5.0,16.4,13.87,36963.89
2018-07-31,18.2,12.6,14.7,88,87,1017.9,8.3,11.0,21.4,8.32,16466.15
2018-08-01,14.6,11.4,12.7,91,95,1021.0,5.4,14.0,19.2,4.44,1028.76
2018-08-02,18.1,11.7,14.3,90,88,1020.5,3.7,7.0,16.1,7.2,8710.56
2018-08-03,15.8,13.0,14.2,93,100,1018.0,25.5,19.0,16.3,1.95,0.0
2018-08-04,20.7,10.5,15.6,85,91,1016.1,0.1,1.0,14.0,11.45,27251.14
2018-08-05,20.8,13.1,15.8,86,86,1017.4,0.9,5.0,11.2,9.19,21504.6
2018-08-06,14.6,11.7,13.0,92,100,1021.4,9.7,14.0,12.5,2.77,0.0
2018-08-07,18.8,10.0,13.3,91,92,1022.5,0.0,0.0,19.8,10.47,17108.09
2018-08-08,23.0,12.9,17.2,86,80,1020.8,0.9,1.0,12.0,15.98,31209.11
2018-08-09,22.7,15.1,18.5,80,44,1015.6,4.9,8.0,26.8,16.82,38631.05
2018-08-10,18.2,8.9,13.2,72,3,1016.5,0.0,0.0,26.8,18.77,38655.2
2018-08-11,19.5,8.0,12.6,78,0,1019.0,0.0,0.0,13.2,19.07,38830.38
2018-08-12,16.4,7.7,11.9,86,49,1022.2,0.0,0.0,14.5,11.91,33741.26
2018-08-13,17.8,9.0,12.6,90,60,1021.0,0.0,0.0,15.2,14.85,36543.36
2018-08-14,22.6,10.5,15.3,87,48,1018.5,0.0,0.0,14.3,18.0,36344.56
2018-08-15,16.7,10.7,13.7,90,99,1020.6,0.0,0.0,18.1,13.16,26895.95
2018-08-16,18.2,12.5,14.6,87,96,1024.7,0.3,3.0,19.6,8.6,10061.6
2018-08-17,17.0,12.9,14.4,90,96,1026.5,0.8,6.0,20.0,7.43,7197.82
2018-08-18,20.8,12.7,15.1,87,70,1024.3,0.0,0.0,17.3,14.36,32078.13
2018-08-19,23.8,12.3,16.6,83,53,1022.6,0.0,0.0,13.2,16.78,35810.78
2018-08-20,25.5,12.3,18.3,71,20,1022.0,0.0,0.0,16.6,18.97,39328.12
2018-08-21,25.5,13.2,17.1,78,46,1022.0,0.0,0.0,21.9,17.88,36166.77
2018-08-22,24.6,12.6,17.3,84,92,1020.7,0.2,1.0,8.7,14.15,24772.15
2018-08-23,26.2,13.4,19.4,79,26,1017.2,0.0,0.0,16.2,18.13,39565.56
2018-08-24,28.9,15.4,21.6,67,54,1015.3,0.0,0.0,15.4,16.98,38974.43
2018-08-25,22.7,13.7,18.3,83,98,1017.8,4.2,12.0,25.0,11.19,20682.24
2018-08-26,14.1,10.8,12.7,87,98,1025.2,2.9,14.0,18.7,6.26,689.37
2018-08-27,16.4,10.4,12.7,88,100,1025.4,0.1,1.0,18.9,8.08,5952.56
2018-08-28,22.5,12.5,15.9,88,57,1024.1,0.0,0.0,20.1,18.37,35296.97
2018-08-29,23.2,13.0,16.7,87,41,1022.4,0.0,0.0,14.2,17.58,33304.96
2018-08-30,26.4,13.2,19.5,68,4,1017.7,0.0,0.0,16.6,19.8,40780.65
2018-08-31,27.6,12.6,20.3,61,9,1014.9,0.0,0.0,11.9,19.97,41024.79
2018-09-01,29.4,13.0,20.3,67,16,1014.6,0.0,0.0,12.4,18.97,41268.33
2018-09-02,29.9,14.3,20.5,74,38,1013.7,0.0,0.0,16.5,18.86,41002.14
2018-09-03,24.7,12.2,17.9,81,58,1012.8,2.4,5.0,30.0,15.25,31378.71
2018-09-04,16.9,10.6,12.6,81,71,1015.2,7.9,8.0,25.4,9.24,19011.73
2018-09-05,16.2,9.6,12.3,85,56,1021.9,1.6,7.0,22.7,13.26,35935.51
2018-09-06,20.4,8.0,12.9,85,19,1023.5,0.0,0.0,21.5,21.54,41867.22
2018-09-07,24.0,11.4,15.7,85,57,1021.7,0.0,0.0,16.2,20.32,34971.26
2018-09-08,23.4,10.7,15.2,89,66,1020.8,0.0,0.0,18.2,19.32,36463.05
2018-09-09,21.7,11.8,15.4,87,59,1020.3,0.0,0.0,18.2,18.48,32298.89
2018-09-10,22.6,11.6,16.1,81,35,1019.7,0.0,0.0,18.8,19.89,41652.04
2018-09-11,21.4,11.9,15.7,82,45,1018.9,0.1,1.0,21.3,18.94,40375.11
2018-09-12,22.7,12.6,16.2,81,59,1019.7,0.0,0.0,24.5,17.72,38118.26
2018-09-13,24.9,13.3,17.4,81,69,1016.7,0.4,1.0,19.0,18.08,35760.21
2018-09-14,22.5,14.9,17.3,90,99,1013.0,14.3,15.0,19.0,6.52,5791.56
2018-09-15,21.0,14.6,17.4,87,72,1013.5,3.0,11.0,23.4,14.44,35165.27
2018-09-16,21.5,13.2,16.2,84,83,1016.5,0.0,0.0,21.9,18.23,39803.99
2018-09-17,19.6,14.0,16.3,89,100,1014.3,6.4,9.0,22.5,4.89,0.0
2018-09-18,23.3,17.3,19.7,84,67,1012.5,0.5,3.0,27.5,14.7,39434.47
2018-09-19,26.6,17.5,21.4,81,67,1014.5,1.2,6.0,21.6,18.75,39713.3
2018-09-20,21.5,17.5,19.4,88,99,1016.3,6.8,11.0,19.5,7.48,11261.32
2018-09-21,24.9,16.0,19.5,85,65,1015.6,3.3,10.0,19.1,16.35,37682.31
2018-09-22,25.3,14.6,18.3,88,45,1016.1,0.0,0.0,16.5,21.51,34408.74
2018-09-23,29.3,15.3,20.6,78,10,1014.6,0.0,0.0,15.6,22.94,43154.55
2018-09-24,29.4,13.8,19.7,80,15,1015.4,0.0,0.0,22.0,23.72,43174.46
2018-09-25,24.7,16.3,19.4,88,70,1015.8,0.0,0.0,19.8,21.88,41972.83
2018-09-26,30.4,18.0,22.2,81,72,1013.6,1.6,4.0,15.9,19.97,32233.27
2018-09-27,27.9,17.5,20.9,87,60,1013.2,9.0,7.0,19.0,16.78,39031.86
2018-09-28,20.6,17.0,18.7,92,94,1016.6,1.3,6.0,14.8,6.26,0.0
2018-09-29,25.0,17.7,20.1,88,97,1015.9,0.8,6.0,17.6,13.37,21119.75
2018-09-30,26.6,18.0,20.7,90,93,1014.5,28.9,11.0,15.0,14.95,25200.0
2018-10-01,24.0,17.9,20.7,85,85,1013.4,5.8,10.0,19.3,11.62,21140.79
2018-10-02,28.5,15.9,21.7,81,47,1014.0,0.1,1.0,13.8,21.1,40369.02
2018-10-03,30.3,17.4,22.7,80,81,1013.4,3.3,3.0,16.3,20.46,36000.0
2018-10-04,21.3,16.7,19.1,91,94,1017.5,0.7,7.0,19.4,12.0,16875.35
2018-10-05,17.2,13.6,15.7,89,99,1019.9,0.9,8.0,20.7,6.72,0.0
2018-10-06,18.2,13.4,15.1,88,95,1019.2,6.5,11.0,18.9,8.3,5761.98
2018-10-07,21.0,13.8,16.7,93,86,1017.2,9.7,17.0,15.9,10.61,11605.02
2018-10-08,22.0,15.2,18.5,92,96,1015.6,16.1,19.0,13.1,7.13,0.0
2018-10-09,24.7,18.1,21.0,87,84,1012.8,14.1,16.0,20.9,14.04,33348.42
2018-10-10,25.3,18.3,20.7,89,73,1013.6,1.3,8.0,23.1,14.09,22310.48
2018-10-11,19.4,17.1,18.2,95,99,1018.6,5.4,15.0,25.1,5.62,1282.77
2018-10-12,27.0,16.9,20.1,88,94,1017.1,0.5,4.0,21.2,17.2,30910.36
2018-10-13,29.5,18.6,22.9,84,85,1013.4,0.9,5.0,21.0,19.62,31527.19
2018-10-14,20.1,16.5,18.1,90,100,1015.6,2.3,7.0,16.3,11.43,14176.0
2018-10-15,24.5,16.2,18.5,89,95,1013.2,5.3,11.0,18.4,15.84,27303.42
2018-10-16,26.5,15.8,19.5,88,80,1013.5,2.7,3.0,14.2,16.65,33818.6
2018-10-17,26.1,18.0,22.0,87,85,1013.7,4.5,8.0,18.0,19.54,40976.83
2018-10-18,29.0,19.5,23.0,84,97,1012.2,1.2,6.0,16.9,21.88,29434.96
2018-10-19,21.6,15.5,19.2,88,99,1014.2,2.1,13.0,24.2,11.08,6403.35
2018-10-20,19.0,12.7,15.4,79,89,1018.2,0.4,3.0,22.8,19.62,41014.28
2018-10-21,20.2,10.8,14.7,81,52,1018.2,0.0,0.0,24.0,23.08,40864.87
2018-10-22,26.3,12.4,17.4,84,61,1016.7,0.0,0.0,19.7,24.49,42646.3
2018-10-23,27.5,15.4,19.9,83,46,1015.6,0.6,3.0,21.6,23.55,42638.48
2018-10-24,18.5,16.5,17.5,94,100,1017.7,15.7,18.0,19.4,4.38,0.0
2018-10-25,21.0,16.1,18.2,91,95,1015.1,9.5,15.0,13.4,7.61,2810.5
2018-10-26,23.7,17.7,20.0,90,97,1011.9,5.1,15.0,8.8,11.17,13367.77
2018-10-27,25.4,17.1,21.3,86,96,1007.1,6.9,22.0,34.0,16.89,37868.01
2018-10-28,18.7,13.5,15.9,84,81,1015.0,0.6,3.0,20.9,13.93,31685.61
2018-10-29,19.1,13.4,15.6,86,84,1016.9,0.1,1.0,20.5,13.89,19090.53
2018-10-30,25.0,12.9,17.5,88,59,1017.4,0.0,0.0,21.3,23.25,33988.7
2018-10-31,29.7,15.8,21.5,81,92,1015.6,0.0,0.0,20.2,23.15,35972.68
2018-11-01,26.9,14.7,19.9,85,94,1014.0,0.9,5.0,20.8,21.23,43066.59
2018-11-02,24.2,16.8,19.3,88,93,1014.7,0.6,5.0,20.7,16.93,26489.64
2018-11-03,29.0,17.5,22.6,80,62,1011.2,11.8,5.0,24.4,22.47,44169.44
2018-11-04,21.6,15.7,18.3,86,84,1013.8,2.5,10.0,21.4,17.65,29710.94
2018-11-05,19.8,14.9,16.6,86,99,1017.2,0.5,5.0,21.1,9.78,2958.44
2018-11-06,22.2,14.4,17.9,89,86,1016.5,2.3,7.0,20.3,15.3,25114.87
2018-11-07,21.3,15.7,17.9,93,94,1018.0,5.6,16.0,25.7,13.34,21770.47
2018-11-08,19.5,15.0,16.9,90,99,1020.0,3.9,15.0,28.1,7.91,5060.19
2018-11-09,23.4,13.8,17.8,85,73,1018.2,5.3,10.0,18.9,14.27,23780.5
2018-11-10,24.6,15.9,19.3,86,84,1014.0,3.2,8.0,13.4,15.97,33041.04
2018-11-11,26.3,16.4,20.5,89,50,1013.0,3.3,12.0,13.8,20.19,41718.83
2018-11-12,27.7,17.3,20.9,88,65,1014.2,2.1,5.0,21.9,23.48,37769.21
2018-11-13,29.4,18.0,23.7,78,89,1013.3,0.3,2.0,12.9,24.59,43200.0
2018-11-14,29.8,19.3,24.9,70,95,1010.6,0.0,0.0,17.7,23.78,45727.87
2018-11-15,27.1,19.4,22.6,83,81,1011.5,4.4,7.0,19.5,18.9,33611.45
2018-11-16,24.4,15.3,19.3,85,97,1017.2,0.0,0.0,24.9,16.28,25764.47
2018-11-17,26.1,13.4,19.0,83,69,1017.4,0.2,2.0,21.4,26.76,45904.15
2018-11-18,26.8,16.9,21.9,80,91,1013.5,14.3,7.0,25.1,15.92,29969.63
2018-11-19,18.3,14.3,16.4,90,100,1016.7,20.2,20.0,24.2,7.3,1408.18
2018-11-20,18.4,13.2,15.6,88,96,1019.0,0.9,9.0,21.1,9.98,8118.22
2018-11-21,21.6,13.4,17.2,87,97,1018.1,0.1,1.0,15.9,14.11,19633.7
2018-11-22,25.7,15.7,20.2,84,49,1015.5,4.5,6.0,11.5,24.34,44468.6
2018-11-23,26.8,17.0,21.5,82,74,1012.7,2.7,7.0,21.0,23.81,42261.34
2018-11-24,24.9,18.5,21.2,81,77,1010.2,18.0,15.0,30.2,19.07,31752.79
2018-11-25,23.9,16.5,19.4,88,80,1014.4,23.6,19.0,22.7,14.7,25152.29
2018-11-26,19.9,14.6,17.6,88,76,1018.9,5.0,8.0,20.2,16.76,32415.01
2018-11-27,23.2,12.8,17.5,85,54,1018.9,0.1,1.0,22.2,23.16,43778.28
2018-11-28,25.6,16.7,19.9,85,87,1016.8,0.6,4.0,16.2,24.19,31459.18
2018-11-29,27.7,17.4,22.3,77,76,1013.2,0.2,2.0,11.9,23.01,37113.79
2018-11-30,28.7,18.4,23.0,73,83,1009.0,12.0,4.0,14.3,20.79,37629.62
2018-12-01,25.1,18.9,21.0,88,94,1007.5,26.1,19.0,20.6,13.06,19502.49
2018-12-02,23.5,16.4,19.6,87,84,1010.0,2.6,12.0,22.2,22.01,37719.69
2018-12-03,20.6,15.3,17.7,89,79,1012.0,1.3,9.0,20.6,12.36,12373.69
2018-12-04,27.1,14.6,20.7,79,40,1008.4,0.2,2.0,13.1,26.85,46991.0
2018-12-05,28.3,16.4,21.3,76,24,1009.9,2.2,5.0,18.2,26.45,47147.3
2018-12-06,26.1,14.3,19.1,82,39,1014.8,0.1,1.0,21.7,27.73,45625.31
2018-12-07,22.2,15.2,18.1,86,90,1016.4,0.7,6.0,22.4,14.65,19103.74
2018-12-08,18.1,13.1,15.2,85,76,1020.2,1.9,14.0,23.8,15.89,25618.75
2018-12-09,24.2,11.0,16.9,80,20,1020.7,0.0,0.0,21.7,30.44,48284.62
2018-12-10,28.4,13.2,20.8,71,24,1020.4,0.0,0.0,17.7,28.15,48307.01
2018-12-11,28.9,15.9,22.8,65,15,1019.3,0.1,1.0,14.1,27.58,48327.74
2018-12-12,30.2,17.0,24.1,61,15,1017.1,0.0,0.0,13.9,27.39,48346.62
2018-12-13,30.4,18.2,24.5,63,21,1015.5,0.1,1.0,14.8,26.78,48363.65
2018-12-14,31.4,17.8,25.0,63,19,1015.8,0.0,0.0,12.1,28.34,47961.72
2018-12-15,32.5,20.0,26.1,59,31,1017.3,0.4,1.0,16.9,26.88,47374.06
2018-12-16,31.5,19.7,24.7,77,45,1017.8,2.6,3.0,12.3,25.51,44103.28
2018-12-17,32.1,21.4,25.7,76,56,1015.6,4.4,4.0,11.1,24.33,39513.58
2018-12-18,31.8,21.3,25.8,72,52,1015.5,6.3,4.0,17.2,25.28,48007.62
2018-12-19,29.2,20.6,24.2,81,93,1015.6,1.2,2.0,11.9,22.14,34798.3
2018-12-20,30.2,21.2,25.3,79,86,1012.7,0.8,2.0,11.1,24.26,37808.37
2018-12-21,31.1,21.2,25.3,74,94,1011.9,0.5,2.0,23.4,21.54,37763.49
2018-12-22,30.4,21.2,25.1,74,85,1011.9,7.6,3.0,11.9,25.14,40581.83
2018-12-23,27.9,20.1,22.9,82,93,1013.2,13.1,15.0,11.3,17.13,30791.31
2018-12-24,24.5,18.2,21.0,88,95,1014.4,10.8,16.0,21.7,16.06,34917.19
2018-12-25,23.2,17.7,19.8,87,84,1015.3,4.3,10.0,18.3,13.04,26751.1
2018-12-26,25.3,16.5,20.2,82,77,1014.1,0.5,2.0,21.7,17.87,34836.01
2018-12-27,26.7,16.6,20.9,82,59,1012.5,1.8,5.0,17.3,24.31,39789.23
2018-12-28,28.0,17.5,21.9,81,46,1011.8,2.7,6.0,12.3,24.88,46593.8
2018-12-29,27.8,17.6,21.7,83,43,1011.3,1.2,5.0,17.4,26.54,42562.18
2018-12-30,30.2,18.2,22.5,80,38,1011.6,0.0,0.0,22.7,29.21,42715.08
2018-12-31,29.8,18.3,22.7,78,39,1012.3,0.0,0.0,21.7,30.14,42709.47
2019-01-01,29.5,19.3,23.7,77,59,1015.0,2.7,9.0,15.9,22.94,46350.15
2019-01-02,29.7,20.0,24.4,79,63,1015.2,6.9,11.0,18.3,22.05,44783.92
2019-01-03,30.9,20.9,25.3,75,68,1013.0,11.4,7.0,19.9,22.81,42876.92
2019-01-04,29.7,20.8,23.3,84,97,1013.8,30.6,18.0,18.0,17.14,22406.63
2019-01-05,24.6,20.1,21.6,89,91,1014.7,15.9,21.0,19.8,13.13,22222.25
2019-01-06,28.3,18.9,22.9,82,61,1014.2,3.8,11.0,16.5,23.09,44526.55
2019-01-07,30.2,20.0,25.1,72,38,1013.7,0.0,0.0,22.9,27.25,47204.43
2019-01-08,31.2,21.1,25.1,75,50,1015.7,3.5,2.0,11.5,24.98,43088.03
2019-01-09,30.3,20.8,24.6,81,31,1014.8,0.1,1.0,18.7,28.74,42847.92
2019-01-10,29.9,20.8,25.2,73,49,1014.4,0.2,2.0,15.5,26.46,46454.65
2019-01-11,29.8,19.6,24.1,79,32,1016.4,1.8,5.0,12.5,26.18,46769.94
2019-01-12,28.8,20.2,23.1,84,54,1016.7,1.2,3.0,19.5,26.21,43708.86
2019-01-13,30.3,19.3,23.3,83,76,1016.3,6.3,5.0,11.9,23.18,45516.86
2019-01-14,29.9,20.5,24.1,83,82,1015.5,7.3,5.0,11.6,22.64,39932.15
2019-01-15,31.3,20.2,24.9,78,70,1015.1,3.1,3.0,16.6,26.73,46143.93
2019-01-16,31.7,21.0,25.3,73,94,1015.6,1.4,3.0,14.5,22.48,37233.67
2019-01-17,30.9,19.9,25.0,75,65,1015.5,0.5,1.0,12.7,24.51,43980.76
2019-01-18,31.1,20.1,24.1,80,39,1015.1,4.7,7.0,15.2,25.78,46130.11
2019-01-19,31.8,20.3,25.0,76,88,1013.0,9.1,6.0,16.3,24.87,43827.66
2019-01-20,30.3,20.4,23.3,85,99,1014.8,12.1,12.0,19.3,21.03,30031.11
2019-01-21,32.4,19.8,24.7,80,72,1015.4,5.4,2.0,15.3,24.57,42522.4
2019-01-22,27.2,21.5,23.8,88,84,1016.8,3.2,6.0,15.5,16.99,30051.43
2019-01-23,29.8,20.7,23.9,84,71,1016.5,2.8,6.0,17.0,25.11,40310.55
2019-01-24,28.2,20.3,23.3,86,92,1015.6,11.0,11.0,16.6,21.38,32164.96
2019-01-25,25.2,18.0,21.7,88,77,1016.0,10.8,10.0,17.3,15.58,34466.55
2019-01-26,27.6,15.0,20.6,82,53,1016.5,3.2,4.0,14.8,24.1,42945.24
2019-01-27,28.9,18.1,23.3,76,49,1016.8,0.8,5.0,15.1,24.1,46340.52
2019-01-28,31.5,20.2,24.9,75,39,1018.0,0.0,0.0,17.6,28.5,46320.91
2019-01-29,31.7,20.0,25.3,73,21,1017.3,0.0,0.0,14.5,27.23,46300.05
2019-01-30,32.3,18.7,25.4,74,36,1015.5,0.0,0.0,15.5,26.22,44240.34
2019-01-31,32.6,16.3,24.4,71,50,1014.5,0.0,0.0,18.5,28.86,46254.72
2019-02-01,33.3,18.1,25.1,64,46,1014.4,0.0,0.0,18.8,30.38,46230.3
2019-02-02,34.5,17.0,25.2,70,13,1014.0,0.0,0.0,20.4,29.57,46204.76
2019-02-03,29.4,21.0,24.1,79,83,1014.7,6.2,8.0,19.4,21.02,36119.06
2019-02-04,21.2,16.5,19.5,91,94,1016.6,43.6,17.0,24.5,10.38,12124.76
2019-02-05,23.1,16.0,18.8,88,91,1016.9,3.2,11.0,21.0,13.61,19842.77
2019-02-06,20.8,16.7,18.1,91,87,1015.4,33.9,14.0,15.8,8.98,24426.8
2019-02-07,23.9,15.5,18.9,87,56,1013.4,0.6,4.0,18.2,20.5,43060.43
2019-02-08,27.7,16.4,20.7,85,48,1013.0,0.0,0.0,16.3,25.84,38828.86
2019-02-09,29.0,16.4,21.6,79,35,1013.5,0.0,0.0,19.6,28.78,40695.58
2019-02-10,30.9,16.5,23.2,76,45,1012.6,0.2,2.0,18.6,27.29,45960.09
2019-02-11,30.3,20.9,25.5,70,70,1012.9,0.3,3.0,20.4,24.38,43200.0
2019-02-12,27.0,20.5,23.6,83,99,1014.4,6.8,12.0,18.6,13.72,18503.99
2019-02-13,20.5,17.2,19.2,90,99,1017.1,2.9,10.0,21.4,6.28,0.0
2019-02-14,23.6,16.0,19.1,86,71,1016.8,0.5,2.0,19.6,13.53,32737.01
2019-02-15,23.4,16.2,19.7,91,87,1011.7,31.0,14.0,16.1,9.02,20049.62
2019-02-16,21.9,17.6,19.4,94,98,1009.7,59.4,22.0,16.4,5.77,0.0
2019-02-17,24.8,18.9,21.1,88,97,1011.2,4.0,16.0,16.6,13.56,20155.27
2019-02-18,26.6,18.1,22.0,84,74,1013.0,1.8,3.0,17.6,20.14,38230.88
2019-02-19,26.5,19.0,22.7,81,45,1012.6,1.8,7.0,26.0,22.84,45572.52
2019-02-20,27.2,19.3,22.2,83,60,1012.8,11.4,9.0,13.6,19.26,33822.81
2019-02-21,26.0,18.3,21.2,88,94,1015.4,13.1,8.0,13.0,15.11,20100.14
2019-02-22,27.6,18.6,22.1,88,78,1016.4,6.6,7.0,10.3,19.47,29207.88
2019-02-23,29.4,18.6,23.8,82,61,1013.8,0.5,3.0,21.5,23.21,38308.66
2019-02-24,29.6,20.5,24.8,79,77,1011.7,0.3,1.0,21.1,23.36,39571.4
2019-02-25,28.6,21.0,24.6,79,87,1011.6,4.0,6.0,16.6,21.93,42990.67
2019-02-26,26.7,19.4,21.6,88,99,1013.3,6.6,14.0,17.4,11.0,5223.23
2019-02-27,24.4,19.5,21.4,87,95,1013.8,12.8,20.0,17.5,15.32,31717.22
2019-02-28,22.4,19.2,20.4,92,99,1014.5,20.2,24.0,14.8,6.69,1549.43
2019-03-01,22.4,18.4,20.2,93,98,1015.4,11.0,18.0,13.8,7.61,8319.07
2019-03-02,25.6,18.1,21.2,89,98,1015.6,7.1,11.0,17.6,15.95,28457.9
2019-03-03,25.9,18.0,20.9,91,93,1015.9,14.5,17.0,13.7,16.92,29258.91
2019-03-04,25.3,17.7,20.9,89,86,1017.0,16.1,8.0,10.8,18.17,32189.15
2019-03-05,26.6,17.5,21.7,84,53,1018.0,3.2,6.0,9.1,20.8,42757.85
2019-03-06,29.2,18.0,22.8,83,56,1017.1,4.3,8.0,12.0,22.9,42730.76
2019-03-07,28.4,19.2,22.9,84,86,1017.1,4.9,5.0,15.6,20.29,37546.83
2019-03-08,28.6,18.9,23.7,78,75,1015.8,0.0,0.0,15.8,23.72,42575.01
2019-03-09,29.3,19.7,24.2,82,57,1015.1,2.8,4.0,7.0,22.27,40450.3
2019-03-10,25.4,19.7,21.6,90,92,1016.3,10.4,15.0,24.0,16.01,29025.43
2019-03-11,23.6,18.8,20.5,90,93,1017.1,9.2,18.0,20.6,11.79,26692.48
2019-03-12,27.7,18.0,21.8,87,83,1015.7,3.1,6.0,12.5,20.06,34135.22
2019-03-13,27.7,19.2,22.8,87,80,1013.8,4.8,7.0,19.4,20.16,42550.09
2019-03-14,26.2,20.2,22.9,85,76,1013.9,3.9,7.0,17.9,18.35,42150.75
2019-03-15,25.0,19.6,21.6,91,97,1015.0,4.3,9.0,13.5,12.83,23116.87
2019-03-16,26.0,19.8,21.9,89,89,1015.2,5.8,18.0,18.9,16.63,36432.26
2019-03-17,26.6,19.7,22.1,89,90,1014.2,14.1,12.0,13.6,14.3,32876.21
2019-03-18,28.1,19.9,23.3,85,84,1012.2,2.5,7.0,19.1,18.99,38775.51
2019-03-19,27.8,20.5,23.2,85,88,1011.1,8.6,12.0,20.9,19.38,39380.36
2019-03-20,24.6,17.9,20.7,88,94,1012.5,1.4,5.0,18.3,14.13,30695.92
2019-03-21,19.3,16.3,18.0,93,95,1014.9,10.4,20.0,21.9,3.53,0.0
2019-03-22,20.9,15.5,18.1,87,86,1017.4,0.8,6.0,21.2,10.95,22075.97
2019-03-23,24.9,15.3,19.4,83,38,1017.5,0.4,3.0,17.3,21.43,42307.32
2019-03-24,25.6,16.4,20.2,88,49,1016.7,0.6,5.0,14.8,20.44,36561.36
2019-03-25,28.1,16.9,21.5,82,50,1014.8,0.0,0.0,14.3,22.59,36368.35
2019-03-26,27.5,16.2,21.0,82,28,1016.3,0.7,5.0,20.1,22.64,42238.15
2019-03-27,25.8,17.0,20.4,86,43,1019.5,1.4,6.0,17.3,20.33,42061.78
2019-03-28,23.3,17.6,19.5,91,74,1021.7,13.9,12.0,20.0,13.8,35055.82
2019-03-29,22.2,16.8,19.0,87,51,1021.8,0.7,5.0,22.5,15.88,37587.58
2019-03-30,24.4,14.9,18.9,86,45,1019.9,0.2,2.0,19.2,21.3,42147.72
2019-03-31,25.4,16.4,19.9,85,65,1017.1,0.0,0.0,17.1,22.14,37943.98
2019-04-01,25.1,17.1,19.8,85,54,1016.4,0.2,2.0,20.8,20.97,40171.13
2019-04-02,26.0,14.8,19.2,87,69,1016.2,0.0,0.0,16.9,21.68,39873.57
2019-04-03,27.0,16.3,20.8,82,75,1013.5,0.0,0.0,9.8,22.26,39499.43
2019-04-04,29.8,17.0,23.1,74,56,1010.7,0.0,0.0,11.0,22.13,41985.29
2019-04-05,29.0,20.5,24.2,76,96,1011.7,0.3,2.0,21.9,18.25,38675.76
2019-04-06,27.9,19.9,22.8,88,97,1015.2,17.4,14.0,13.4,14.83,29496.67
2019-04-07,26.6,20.7,22.5,89,90,1015.7,11.7,17.0,13.7,9.84,17780.68
2019-04-08,21.6,18.4,20.0,93,99,1015.1,17.8,24.0,18.2,5.44,641.62
2019-04-09,20.6,17.2,18.6,94,90,1016.6,9.0,20.0,28.3,7.14,10068.52
2019-04-10,20.3,16.0,18.0,90,74,1017.9,1.2,8.0,17.4,7.99,9243.56
2019-04-11,25.3,16.7,19.9,86,65,1016.7,0.4,3.0,15.3,17.69,37444.17
2019-04-12,26.0,17.6,20.7,86,86,1015.8,0.5,4.0,16.7,18.07,36012.4
2019-04-13,26.6,17.7,21.0,88,88,1016.1,0.1,1.0,17.4,17.9,32652.99
2019-04-14,20.6,17.0,19.2,92,88,1017.0,13.4,11.0,13.9,4.85,7240.59
2019-04-15,26.1,16.4,20.0,90,80,1017.7,1.2,8.0,19.6,17.2,35801.79
2019-04-16,25.3,18.0,20.8,89,69,1015.4,12.8,10.0,14.5,15.17,36867.38
2019-04-17,25.4,16.9,20.4,85,50,1012.8,0.1,1.0,22.3,15.49,32377.48
2019-04-18,24.4,14.7,18.7,86,44,1014.5,0.0,0.0,17.6,20.04,38835.23
2019-04-19,23.6,14.9,18.2,82,42,1015.7,0.0,0.0,8.9,19.71,36392.6
2019-04-20,25.7,13.3,19.5,77,29,1014.9,0.0,0.0,14.8,19.65,39720.46
2019-04-21,27.3,16.4,21.5,78,77,1013.8,0.1,1.0,8.7,18.62,39872.49
2019-04-22,26.6,18.0,21.3,87,81,1014.5,1.0,2.0,11.0,16.62,36289.7
2019-04-23,25.4,19.4,21.0,91,82,1018.1,2.8,7.0,17.8,14.45,32914.22
2019-04-24,26.5,18.9,21.6,88,74,1019.5,0.8,5.0,19.7,15.02,35876.43
2019-04-25,26.7,19.1,21.7,89,81,1019.5,1.2,4.0,15.5,14.93,31966.81
2019-04-26,26.3,19.0,21.6,90,75,1018.5,0.3,3.0,14.0,13.24,29948.85
2019-04-27,27.6,19.0,22.6,80,73,1015.2,0.0,0.0,16.8,17.46,34097.35
2019-04-28,27.1,16.5,21.9,75,65,1012.2,14.0,9.0,24.1,17.32,36792.96
2019-04-29,22.9,14.2,18.3,87,70,1014.6,0.8,6.0,14.0,11.88,33360.49
2019-04-30,24.1,16.7,19.4,84,72,1017.1,0.0,0.0,14.6,17.65,38197.02
2019-05-01,25.2,16.4,19.9,86,94,1016.2,0.0,0.0,10.5,16.14,30699.05
2019-05-02,26.6,17.1,20.9,85,80,1014.4,0.0,0.0,9.9,16.37,34369.57
2019-05-03,26.9,16.8,21.9,80,85,1015.5,0.0,0.0,8.7,16.28,37585.09
2019-05-04,27.6,17.7,21.8,83,83,1017.7,0.0,0.0,13.2,16.5,37344.51
2019-05-05,26.8,16.0,20.9,85,47,1018.4,0.2,1.0,10.6,16.84,37326.35
2019-05-06,26.9,18.2,21.7,86,48,1016.9,3.0,3.0,17.9,14.97,36329.01
2019-05-07,23.2,17.3,19.8,91,88,1017.5,3.8,12.0,20.7,9.3,24732.67
2019-05-08,20.8,16.6,17.9,89,89,1019.9,0.7,4.0,20.2,7.58,11802.82
2019-05-09,21.8,15.1,18.0,89,82,1017.6,0.2,2.0,19.8,9.03,11531.44
2019-05-10,25.9,16.0,20.1,86,88,1014.5,0.2,2.0,13.4,14.21,36140.23
2019-05-11,25.9,17.2,21.2,87,97,1014.0,1.0,2.0,13.7,11.4,23796.77
2019-05-12,26.6,18.1,21.2,88,79,1016.9,3.0,7.0,11.8,13.55,33570.97
2019-05-13,25.6,18.6,20.7,89,87,1019.1,0.0,0.0,18.7,12.03,33905.1
2019-05-14,25.7,17.0,20.1,89,92,1017.1,7.4,11.0,16.3,13.45,29415.98
2019-05-15,21.0,15.5,17.5,86,89,1018.7,1.8,6.0,25.9,10.59,24518.9
2019-05-16,19.9,15.6,17.2,93,84,1020.9,6.0,16.0,20.1,9.69,28177.01
2019-05-17,18.9,16.0,16.8,92,99,1020.3,9.7,22.0,23.8,4.46,4484.4
2019-05-18,20.0,14.9,16.8,89,83,1018.7,12.0,14.0,9.5,7.8,18000.0
2019-05-19,21.9,14.7,17.4,89,66,1017.5,3.5,8.0,12.8,12.65,28809.06
2019-05-20,22.6,15.4,17.7,87,65,1017.3,0.0,0.0,15.2,12.81,31503.2
2019-05-21,24.0,14.1,17.8,83,65,1016.9,0.0,0.0,18.1,16.0,32733.64
2019-05-22,23.6,11.6,17.4,80,40,1016.1,0.0,0.0,10.3,16.84,36810.02
2019-05-23,24.6,14.7,19.0,74,92,1015.0,0.0,0.0,10.7,15.16,34388.55
2019-05-24,20.9,14.4,17.7,87,95,1012.9,4.4,7.0,22.6,8.33,16952.42
2019-05-25,18.1,10.0,13.8,81,29,1017.0,0.0,0.0,23.8,14.6,32333.25
2019-05-26,20.2,11.5,15.2,88,66,1018.7,0.0,0.0,12.9,13.05,36627.82
2019-05-27,24.1,12.0,16.9,76,32,1017.3,0.0,0.0,10.2,16.48,36389.23
2019-05-28,25.3,11.9,18.3,74,35,1015.3,0.0,0.0,20.4,16.22,36409.55
2019-05-29,24.9,14.6,18.8,86,71,1017.6,1.9,9.0,15.6,13.43,36000.0
2019-05-30,25.7,16.9,20.4,84,85,1015.4,0.4,3.0,21.3,12.53,32315.99
2019-05-31,26.0,18.7,21.5,70,55,1012.2,0.6,4.0,25.6,14.15,36113.16
2019-06-01,23.8,17.1,19.5,88,61,1014.4,7.1,7.0,14.7,10.32,33138.31
2019-06-02,21.9,15.3,18.0,93,84,1016.8,3.6,6.0,14.1,7.92,25103.05
2019-06-03,19.1,13.8,16.3,90,75,1019.5,11.3,8.0,11.0,5.45,12697.97
2019-06-04,16.6,11.0,14.0,84,40,1024.8,1.3,4.0,22.1,13.26,36406.54
2019-06-05,17.3,11.5,13.7,89,79,1025.4,0.7,4.0,16.1,8.68,27762.06
2019-06-06,18.7,11.4,14.4,88,70,1023.2,0.0,0.0,15.6,10.38,34718.09
2019-06-07,21.5,9.5,15.0,78,1,1020.8,0.0,0.0,16.5,16.13,36414.03
2019-06-08,21.1,9.6,14.5,80,46,1020.9,0.0,0.0,15.2,15.45,34562.49
2019-06-09,20.1,8.7,13.3,85,12,1023.7,0.0,0.0,17.7,15.84,36415.9
2019-06-10,20.3,10.0,14.5,86,16,1023.5,0.0,0.0,13.1,15.78,36415.73
2019-06-11,22.8,11.5,16.4,83,80,1021.7,0.0,0.0,9.4,14.71,30037.77
2019-06-12,23.8,12.5,17.5,81,59,1021.4,0.0,0.0,13.5,13.06,36134.57
2019-06-13,25.1,12.8,18.7,80,96,1021.7,0.0,0.0,14.3,13.6,35433.79
2019-06-14,25.2,13.9,19.4,75,67,1022.0,0.0,0.0,10.5,13.02,32400.0
2019-06-15,24.6,14.1,19.2,74,25,1022.0,0.0,0.0,10.2,14.86,36404.78
2019-06-16,23.9,15.0,18.7,76,48,1023.0,0.0,0.0,11.8,13.89,36400.77
2019-06-17,22.2,12.2,16.2,88,47,1023.3,0.0,0.0,16.6,13.28,34809.6
2019-06-18,22.8,11.9,16.4,83,76,1021.0,0.0,0.0,10.0,13.01,31744.77
2019-06-19,23.9,11.7,17.1,78,35,1019.9,0.0,0.0,19.6,13.65,36665.13
2019-06-20,21.6,12.8,16.5,84,41,1022.8,0.7,2.0,14.3,11.73,36000.0
2019-06-21,21.4,13.9,16.6,88,75,1026.8,0.4,4.0,17.9,11.19,29173.19
2019-06-22,22.7,14.2,17.2,87,77,1026.7,0.0,0.0,12.5,13.28,30391.78
2019-06-23,23.4,12.8,17.3,78,25,1022.5,0.0,0.0,15.0,14.78,35298.99
2019-06-24,23.3,12.7,17.3,69,1,1017.7,0.0,0.0,16.8,15.67,36631.27
2019-06-25,25.0,14.4,18.7,65,12,1014.4,0.0,0.0,27.0,15.71,36623.42
2019-06-26,26.2,16.2,20.0,68,43,1015.2,0.2,1.0,22.3,13.99,36615.3
2019-06-27,24.2,16.2,19.0,85,65,1019.7,0.9,3.0,15.1,13.42,30742.96
2019-06-28,25.1,16.0,19.6,82,57,1020.5,0.1,1.0,18.7,11.56,30387.88
2019-06-29,26.2,15.1,19.6,69,0,1018.5,0.0,0.0,12.2,15.57,36867.9
2019-06-30,25.5,15.5,19.7,68,1,1017.6,0.0,0.0,21.7,15.56,36857.79
2019-07-01,25.6,15.1,19.5,69,70,1016.2,0.0,0.0,22.6,15.12,37126.04
2019-07-02,25.3,13.8,19.1,66,59,1011.3,0.0,0.0,21.9,15.36,36278.43
2019-07-03,25.9,16.2,20.3,62,85,1009.6,0.1,1.0,28.5,14.94,36824.22
2019-07-04,17.7,14.9,16.2,96,100,1013.5,67.3,24.0,17.3,2.4,0.0
2019-07-05,14.9,10.5,13.2,91,94,1017.5,27.4,18.0,19.6,4.32,1134.7
2019-07-06,12.5,5.9,9.2,80,36,1023.8,0.0,0.0,13.6,14.12,34826.99
2019-07-07,12.8,4.8,8.5,84,33,1027.8,0.0,0.0,18.4,12.91,36217.94
2019-07-08,16.5,5.8,10.6,85,23,1026.8,0.0,0.0,17.2,16.52,37592.17
2019-07-09,17.8,8.4,12.1,88,58,1026.0,0.0,0.0,11.2,14.57,30624.71
2019-07-10,20.7,9.1,13.4,83,64,1022.8,0.0,0.0,8.9,15.23,34655.14
2019-07-11,21.1,7.1,14.2,71,24,1019.5,0.0,0.0,13.0,16.71,37824.18
2019-07-12,22.0,7.6,14.0,80,19,1018.7,0.0,0.0,11.3,15.94,37808.59
2019-07-13,23.9,11.1,16.6,68,65,1017.8,0.0,0.0,15.2,16.32,37792.79
2019-07-14,24.6,11.5,17.5,67,60,1016.4,0.0,0.0,14.3,16.25,37959.52
2019-07-15,21.3,12.1,16.5,87,69,1016.9,0.5,1.0,12.6,14.0,29628.44
2019-07-16,16.3,7.9,12.8,86,61,1020.7,8.0,8.0,24.9,7.59,23070.05
2019-07-17,15.9,7.5,11.2,86,71,1026.2,0.1,1.0,17.8,8.44,21456.91
2019-07-18,18.5,8.0,12.3,87,20,1026.3,0.0,0.0,19.1,16.69,37164.48
2019-07-19,20.5,9.7,13.5,84,75,1025.0,0.0,0.0,20.3,13.8,28221.85
2019-07-20,20.8,10.3,14.6,78,16,1023.1,0.0,0.0,10.9,16.83,38109.88
2019-07-21,22.6,9.8,15.5,71,61,1021.7,0.0,0.0,13.3,16.46,37390.0
2019-07-22,24.4,12.9,17.7,71,69,1021.2,0.0,0.0,15.0,16.47,36282.58
2019-07-23,24.2,12.3,18.1,71,23,1021.3,0.0,0.0,12.0,16.93,38187.83
2019-07-24,24.4,11.2,17.5,75,9,1020.8,0.0,0.0,9.1,16.98,38154.92
2019-07-25,24.0,12.9,17.1,81,74,1022.0,0.0,0.0,21.3,15.98,36508.08
2019-07-26,25.3,14.5,18.5,76,60,1023.2,0.0,0.0,17.0,14.67,36006.92
2019-07-27,24.9,11.6,17.5,74,49,1023.4,0.0,0.0,12.7,16.75,38293.75
2019-07-28,21.2,14.9,16.9,86,68,1024.4,0.3,3.0,20.3,15.34,35187.99
2019-07-29,22.6,13.5,16.3,86,52,1022.5,0.0,0.0,17.5,16.28,37881.6
2019-07-30,24.4,12.5,17.1,81,47,1019.4,1.6,2.0,19.1,13.85,38043.18
2019-07-31,23.1,10.7,15.8,83,50,1019.0,0.0,0.0,13.2,17.01,38004.08
2019-08-01,26.5,12.2,18.4,70,28,1016.6,0.0,0.0,21.7,17.55,38425.63
2019-08-02,27.6,13.0,18.1,70,53,1016.7,1.2,7.0,23.9,15.56,36000.0
2019-08-03,12.5,10.4,11.4,86,100,1023.9,2.3,12.0,19.5,4.48,0.0
2019-08-04,11.8,9.0,10.4,84,100,1029.3,3.9,19.0,21.9,4.25,0.0
2019-08-05,17.4,9.8,12.8,88,73,1030.3,0.2,2.0,21.7,8.99,18290.0
2019-08-06,23.7,11.3,16.3,83,48,1027.6,0.0,0.0,15.1,16.77,36992.77
2019-08-07,25.1,12.3,18.2,80,35,1025.3,0.0,0.0,12.7,15.16,32311.7
2019-08-08,25.2,12.6,18.8,77,8,1023.6,0.1,1.0,10.5,17.16,38600.94
2019-08-09,27.1,13.5,20.0,72,12,1020.7,0.0,0.0,10.2,17.72,38624.98
2019-08-10,27.6,14.8,20.5,62,4,1019.0,0.0,0.0,17.4,17.52,38648.85
2019-08-11,22.8,14.9,17.9,83,52,1022.1,0.0,0.0,16.3,15.56,27872.53
2019-08-12,29.0,15.5,21.4,70,33,1019.2,0.0,0.0,14.8,17.66,38416.95
2019-08-13,20.7,12.8,16.8,78,84,1021.3,0.5,5.0,22.7,11.79,25954.09
2019-08-14,13.1,9.6,11.6,84,92,1029.3,0.0,0.0,25.0,5.74,62.99
2019-08-15,19.9,9.2,13.2,80,67,1029.0,0.0,0.0,22.6,18.24,38765.45
2019-08-16,22.9,9.3,14.8,76,37,1024.8,0.0,0.0,12.3,18.16,35861.91
2019-08-17,25.7,9.6,17.6,63,18,1018.7,0.0,0.0,16.6,19.66,39342.01
2019-08-18,27.1,15.4,20.5,56,64,1016.2,0.0,0.0,18.9,15.23,38833.2
2019-08-19,17.6,13.7,15.6,87,100,1020.6,3.5,12.0,22.0,7.55,6283.56
2019-08-20,15.6,13.5,14.4,91,100,1023.0,3.3,16.0,20.0,5.55,304.83
2019-08-21,18.0,13.0,14.9,88,96,1023.5,0.4,4.0,18.0,8.99,7619.6
2019-08-22,17.4,11.9,14.2,86,85,1024.2,1.1,6.0,19.9,11.13,26800.47
2019-08-23,20.7,12.8,14.8,85,75,1021.8,1.2,4.0,20.5,12.63,27121.26
2019-08-24,17.8,11.7,13.6,88,75,1024.5,0.7,5.0,21.3,11.62,27348.56
2019-08-25,19.0,11.5,14.1,83,58,1026.5,0.0,0.0,20.6,17.25,34094.13
2019-08-26,22.6,11.8,15.7,83,78,1024.5,0.0,0.0,20.8,19.67,37980.51
2019-08-27,24.1,12.9,16.3,86,89,1024.1,0.1,1.0,20.4,17.87,31450.1
2019-08-28,21.9,13.7,16.2,85,79,1023.2,0.0,0.0,21.5,12.21,27171.51
2019-08-29,24.3,12.7,17.0,81,57,1020.0,0.0,0.0,13.6,19.37,37541.33
2019-08-30,27.7,12.4,19.8,66,26,1016.6,0.0,0.0,11.4,20.17,39511.18
2019-08-31,29.8,13.9,21.4,61,24,1014.9,0.0,0.0,19.6,17.51,39436.19
2019-09-01,21.7,14.8,17.9,86,89,1015.6,15.6,14.0,18.4,8.56,15780.76
2019-09-02,20.7,14.3,16.6,88,84,1016.2,6.2,11.0,20.5,11.67,26069.62
2019-09-03,21.9,14.1,17.4,90,76,1017.5,3.4,4.0,19.7,14.92,31258.61
2019-09-04,20.6,14.1,16.6,90,98,1021.6,0.2,2.0,19.8,11.46,14929.23
2019-09-05,14.6,12.3,13.5,90,100,1026.7,3.1,6.0,22.3,3.87,0.0
2019-09-06,21.2,11.9,14.8,89,88,1024.7,6.6,6.0,25.5,14.08,22781.7
2019-09-07,28.0,13.5,20.0,79,22,1021.4,0.2,1.0,17.9,20.05,41188.93
2019-09-08,29.7,16.4,22.5,74,38,1020.4,0.0,0.0,11.8,20.3,42009.87
2019-09-09,31.1,15.6,22.8,64,25,1017.4,0.0,0.0,15.1,21.27,42089.77
2019-09-10,30.8,17.2,23.6,54,34,1016.0,0.0,0.0,12.1,21.68,42169.75
2019-09-11,31.9,16.0,23.8,62,95,1014.1,0.0,0.0,11.3,21.18,41637.81
2019-09-12,33.7,17.8,24.5,57,59,1013.7,0.0,0.0,18.4,19.67,42329.77
2019-09-13,20.7,16.4,17.7,86,100,1020.5,0.3,3.0,20.4,11.39,13925.42
2019-09-14,25.6,16.2,18.9,83,75,1020.2,0.0,0.0,23.0,18.52,33189.34
2019-09-15,31.2,16.9,22.3,76,35,1017.8,0.0,0.0,20.3,20.97,39393.96
2019-09-16,32.6,17.1,24.6,65,33,1015.5,0.0,0.0,12.4,20.44,42648.65
2019-09-17,33.7,16.8,25.1,54,53,1011.2,0.0,0.0,13.3,21.62,42728.41
2019-09-18,34.6,16.8,24.8,52,24,1008.8,0.0,0.0,21.1,21.82,42808.65
2019-09-19,33.4,16.1,21.6,71,74,1010.7,0.4,1.0,25.1,19.12,34967.9
2019-09-20,28.9,16.7,21.9,73,67,1013.1,1.5,3.0,19.6,15.86,42764.02
2019-09-21,19.1,15.6,16.9,87,100,1018.9,0.3,3.0,18.4,9.36,8979.07
2019-09-22,18.4,13.0,15.9,88,100,1022.7,2.7,17.0,25.1,6.22,13.19
2019-09-23,15.9,11.6,13.2,81,73,1026.5,0.6,5.0,25.1,10.04,25082.56
2019-09-24,22.8,11.0,15.2,85,56,1022.1,2.3,2.0,21.1,18.17,42590.0
2019-09-25,19.8,14.1,16.1,89,100,1019.5,4.9,9.0,17.3,7.46,385.24
2019-09-26,19.9,14.8,16.5,88,94,1018.5,1.3,5.0,14.1,6.52,6330.71
2019-09-27,20.7,13.9,16.3,85,90,1019.3,0.6,4.0,23.1,15.47,33250.7
2019-09-28,17.9,13.0,14.7,86,92,1020.8,0.7,6.0,19.2,9.98,9987.02
2019-09-29,24.2,12.3,16.6,83,50,1017.6,0.0,0.0,18.4,22.54,34510.79
2019-09-30,25.8,13.5,18.0,80,29,1016.5,0.0,0.0,21.7,24.8,42328.83
2019-10-01,29.5,14.5,20.3,77,27,1014.9,0.0,0.0,22.2,24.49,42214.27
2019-10-02,32.1,15.2,23.1,70,23,1013.5,0.0,0.0,15.8,25.17,43200.0
2019-10-03,25.9,14.5,19.1,72,34,1016.7,0.0,0.0,22.9,25.43,43200.0
2019-10-04,29.4,14.4,20.0,75,32,1016.7,0.0,0.0,20.0,25.06,43162.34
2019-10-05,32.9,15.1,23.0,67,42,1013.0,0.0,0.0,17.9,25.32,43200.0
2019-10-06,23.6,16.9,19.2,79,99,1016.1,0.0,0.0,24.5,14.23,25536.03
2019-10-07,22.1,16.1,18.1,86,100,1017.4,5.9,17.0,18.9,7.73,1761.48
2019-10-08,19.4,16.1,17.4,90,100,1018.1,14.6,14.0,15.1,7.78,0.0
2019-10-09,22.2,15.3,17.3,90,100,1019.0,13.2,15.0,21.4,10.26,11493.76
2019-10-10,26.4,15.2,18.9,85,88,1018.3,0.0,0.0,23.6,23.88,41756.09
2019-10-11,29.1,16.0,21.1,82,53,1017.0,0.0,0.0,19.3,22.69,41062.2
2019-10-12,30.2,16.6,23.4,70,13,1015.5,0.1,1.0,14.0,24.49,43200.0
2019-10-13,32.2,18.0,25.0,60,14,1013.6,0.0,0.0,13.7,23.75,43200.0
2019-10-14,31.0,18.0,22.6,69,27,1015.1,0.2,1.0,22.1,25.65,43200.0
2019-10-15,23.7,17.2,19.7,81,79,1019.2,0.5,4.0,21.5,13.5,28360.5
2019-10-16,26.2,17.3,20.2,79,56,1019.1,0.1,1.0,24.8,18.99,43200.0
2019-10-17,29.3,17.4,21.7,78,77,1017.5,0.0,0.0,21.1,19.55,39395.3
2019-10-18,31.2,18.3,23.5,75,67,1015.4,0.1,1.0,12.1,22.29,37572.18
2019-10-19,28.1,16.7,21.0,81,78,1016.7,1.1,6.0,25.1,19.16,32077.85
2019-10-20,19.3,13.6,16.3,79,99,1016.7,0.2,2.0,20.3,13.06,10981.01
2019-10-21,21.2,12.6,16.4,80,100,1012.8,1.7,6.0,18.2,12.31,11150.32
2019-10-22,22.6,16.2,18.4,84,89,1012.9,0.6,6.0,17.9,13.42,22102.46
2019-10-23,23.3,15.3,18.9,80,85,1016.4,0.0,0.0,22.5,16.82,31885.72
2019-10-24,27.9,16.1,20.4,80,37,1015.5,0.9,7.0,21.3,21.98,42884.26
2019-10-25,27.6,16.5,20.5,81,47,1015.8,1.0,3.0,19.8,24.72,38534.06
2019-10-26,27.0,16.4,20.7,83,74,1016.6,0.5,3.0,20.7,18.29,28910.77
2019-10-27,33.7,18.2,24.5,67,56,1014.4,0.2,1.0,20.9,25.94,43200.0
2019-10-28,29.9,20.4,24.4,65,88,1013.2,5.6,4.0,21.9,17.98,30863.3
2019-10-29,29.8,20.4,24.9,57,76,1012.0,3.0,3.0,14.8,14.9,32035.67
2019-10-30,32.5,18.7,25.0,68,19,1012.9,0.1,1.0,19.0,25.78,44751.15
2019-10-31,27.9,19.1,23.2,70,58,1015.6,0.0,0.0,18.9,25.08,44993.78
2019-11-01,27.1,17.5,21.6,77,82,1017.8,0.1,1.0,23.8,19.62,32799.46
2019-11-02,31.2,18.8,23.2,72,61,1015.1,0.2,2.0,24.0,24.63,44187.67
2019-11-03,33.8,18.7,26.1,61,70,1010.7,0.1,1.0,18.4,27.72,44172.81
2019-11-04,35.3,21.1,26.4,65,83,1009.8,0.1,1.0,19.2,24.18,40090.16
2019-11-05,31.7,19.6,25.1,67,81,1012.1,5.9,9.0,25.4,18.89,35385.37
2019-11-06,20.4,17.1,18.7,88,99,1017.2,2.8,11.0,21.7,10.6,6915.18
2019-11-07,25.8,16.8,19.6,87,99,1014.6,8.2,8.0,16.9,11.16,9690.29
2019-11-08,21.9,17.7,19.7,91,99,1013.6,6.8,14.0,14.0,9.98,11893.21
2019-11-09,24.6,18.1,20.6,89,93,1014.7,3.7,17.0,15.4,14.83,20647.3
2019-11-10,23.5,19.2,21.1,89,98,1014.6,3.7,11.0,15.9,7.73,958.24
2019-11-11,21.2,16.8,19.3,92,81,1016.4,1.3,5.0,22.0,12.03,19266.86
2019-11-12,23.2,16.3,18.9,84,80,1017.4,0.5,4.0,23.6,17.65,36885.22
2019-11-13,25.1,15.9,20.1,84,78,1015.0,3.5,7.0,23.6,21.33,40790.52
2019-11-14,25.1,19.0,21.3,85,99,1010.8,25.0,20.0,23.8,8.8,4895.6
2019-11-15,21.8,14.8,18.9,89,84,1010.2,16.5,19.0,20.2,9.92,10225.36
2019-11-16,20.9,12.4,16.6,84,39,1012.0,0.1,1.0,17.6,18.65,32021.51
2019-11-17,23.8,13.3,16.9,83,33,1014.1,0.0,0.0,24.9,27.26,46333.59
2019-11-18,22.4,15.4,18.1,88,97,1016.6,0.2,1.0,21.4,15.73,25961.65
2019-11-19,24.9,16.2,19.6,87,77,1017.0,0.7,4.0,19.5,19.58,32086.35
2019-11-20,25.5,16.6,20.3,86,68,1016.9,0.3,2.0,21.1,22.33,38976.03
2019-11-21,27.9,18.1,21.4,82,60,1015.4,0.1,1.0,18.6,26.0,42013.69
2019-11-22,29.5,17.9,23.2,74,36,1012.2,0.4,2.0,13.1,25.69,46037.47
2019-11-23,28.3,17.7,21.8,83,68,1012.2,10.9,13.0,23.3,20.36,38184.42
2019-11-24,18.3,13.7,15.8,83,95,1017.1,0.7,7.0,21.7,12.7,10479.21
2019-11-25,21.4,12.9,16.1,85,84,1016.3,0.0,0.0,18.6,18.26,33166.71
2019-11-26,27.5,14.5,19.5,84,95,1014.3,0.4,2.0,20.7,25.07,41642.85
2019-11-27,28.1,17.5,22.6,79,98,1011.1,2.9,8.0,21.4,15.04,19463.2
2019-11-28,20.9,14.7,18.2,92,100,1014.1,15.2,19.0,20.7,4.84,0.0
2019-11-29,24.0,13.7,17.3,86,85,1015.0,0.0,0.0,22.6,21.49,37511.33
2019-11-30,28.5,14.8,21.0,83,65,1012.5,0.6,6.0,18.8,26.32,45139.11
2019-12-01,26.6,18.8,22.2,83,80,1012.4,1.5,5.0,16.6,18.19,40732.79
2019-12-02,19.4,14.8,17.5,87,87,1015.7,0.5,4.0,19.3,10.61,9851.17
2019-12-03,21.7,13.2,16.9,86,85,1014.9,0.0,0.0,21.1,16.71,29287.67
2019-12-04,27.4,15.8,21.0,85,95,1013.4,3.8,5.0,18.1,22.89,39456.88
2019-12-05,27.5,20.1,22.9,84,98,1009.9,6.2,12.0,23.6,17.32,23199.81
2019-12-06,22.2,15.5,18.9,88,80,1011.3,1.9,8.0,18.6,13.04,14987.74
2019-12-07,25.6,14.1,18.5,81,42,1014.4,0.1,1.0,22.3,28.99,48224.59
2019-12-08,25.6,12.3,18.3,78,41,1014.9,0.0,0.0,19.3,31.68,48251.38
2019-12-09,26.7,15.6,19.9,87,94,1013.8,10.1,9.0,18.4,18.64,35054.65
2019-12-10,24.5,17.8,20.5,91,99,1013.1,12.7,13.0,13.7,10.36,6511.11
2019-12-11,24.2,16.5,20.4,89,97,1011.8,4.6,12.0,9.0,13.35,11505.0
2019-12-12,26.2,17.9,21.7,84,94,1010.5,9.6,11.0,14.5,22.77,37422.04
2019-12-13,27.5,18.9,21.9,85,83,1013.9,1.6,10.0,21.8,23.04,44733.37
2019-12-14,27.1,19.2,21.6,86,98,1018.6,4.6,8.0,19.0,17.77,22155.66
2019-12-15,27.8,19.5,23.2,85,89,1016.0,3.2,9.0,15.1,20.3,31809.08
2019-12-16,29.9,20.8,24.5,71,87,1012.3,0.8,4.0,17.6,27.55,44595.41
2019-12-17,29.4,19.8,22.9,82,91,1012.5,7.3,9.0,18.1,21.3,34170.51
2019-12-18,21.3,17.4,19.5,92,100,1015.3,8.3,18.0,20.2,7.47,0.0
2019-12-19,23.2,17.8,19.9,89,96,1017.0,2.2,6.0,21.0,16.29,30487.98
2019-12-20,26.0,17.6,21.7,86,90,1015.1,3.5,7.0,16.3,18.14,26563.81
2019-12-21,28.3,19.5,23.0,78,74,1012.0,2.0,7.0,23.8,24.63,44227.06
2019-12-22,26.0,20.3,22.4,83,87,1012.7,4.3,10.0,25.4,16.04,34096.39
2019-12-23,25.7,18.6,21.3,87,96,1013.7,7.0,10.0,20.3,15.8,23327.57
2019-12-24,25.8,16.6,20.4,84,59,1015.0,0.5,4.0,20.1,25.46,42568.84
2019-12-25,28.7,17.7,21.6,82,34,1014.9,0.0,0.0,22.1,29.39,47279.63
2019-12-26,28.2,16.4,21.0,85,33,1016.3,0.1,1.0,23.8,29.75,43284.17
2019-12-27,25.9,17.0,20.9,88,62,1017.3,0.5,3.0,22.2,20.94,33139.16
2019-12-28,28.1,18.2,22.4,82,66,1016.1,0.5,5.0,19.7,22.86,36541.61
2019-12-29,28.1,18.4,22.1,83,80,1014.5,0.0,0.0,23.6,26.78,44752.86
2019-12-30,28.2,17.8,21.9,81,69,1012.3,0.1,1.0,18.0,28.2,46650.3
2019-12-31,30.7,17.3,23.2,78,52,1010.6,0.1,1.0,16.6,27.91,46962.79
2020-01-01,30.8,20.0,24.7,70,76,1008.7,5.4,4.0,17.4,27.94,43459.09
2020-01-02,27.7,19.5,21.8,85,95,1009.5,36.5,23.0,11.3,14.01,12067.71
2020-01-03,23.4,17.7,20.6,86,83,1012.3,8.8,12.0,22.7,16.62,39380.28
2020-01-04,24.4,17.3,20.0,89,77,1010.9,8.5,13.0,18.6,16.58,29123.21
2020-01-05,23.7,16.7,19.9,90,86,1009.7,8.7,13.0,11.9,15.32,22676.23
2020-01-06,27.5,17.8,22.7,81,27,1009.7,0.8,5.0,18.4,25.1,47172.17
2020-01-07,29.6,19.6,24.3,77,47,1011.3,5.8,5.0,18.6,25.84,41375.93
2020-01-08,27.8,20.5,23.1,87,91,1012.3,22.8,15.0,15.8,15.7,28561.51
2020-01-09,26.7,20.6,23.4,88,97,1013.3,10.2,10.0,16.3,16.56,32579.11
2020-01-10,28.5,21.1,24.0,85,98,1012.4,11.4,9.0,12.0,18.55,30233.19
2020-01-11,29.9,22.0,25.1,81,89,1011.3,31.8,11.0,16.4,25.24,42138.13
2020-01-12,25.2,20.6,22.6,91,98,1014.4,11.0,16.0,16.1,10.06,10029.77
2020-01-13,23.7,19.1,20.8,90,98,1016.6,1.4,8.0,19.9,9.73,7595.18
2020-01-14,24.7,18.5,20.7,88,94,1016.1,1.2,9.0,18.8,16.01,25490.93
2020-01-15,29.1,18.3,22.9,84,34,1013.4,1.3,7.0,17.3,26.62,46465.73
2020-01-16,30.9,20.3,24.8,79,97,1014.2,12.0,9.0,16.2,24.83,43989.67
2020-01-17,21.4,16.9,19.2,90,98,1019.6,42.1,21.0,21.4,9.12,4136.33
2020-01-18,23.0,17.1,19.3,86,84,1019.8,0.6,6.0,20.1,14.38,24384.24
2020-01-19,24.8,17.2,20.1,88,57,1017.1,1.2,4.0,20.1,16.8,33162.4
2020-01-20,23.9,17.2,20.0,87,83,1014.3,1.0,7.0,21.7,17.19,36650.9
2020-01-21,25.7,14.5,19.3,83,46,1011.6,0.1,1.0,22.4,29.13,46428.83
2020-01-22,24.7,15.6,19.5,86,68,1010.8,4.2,11.0,22.3,19.17,34119.04
2020-01-23,21.4,16.4,18.6,91,98,1009.4,24.2,21.0,16.1,8.21,798.72
2020-01-24,21.9,15.8,18.4,92,78,1007.8,5.0,12.0,22.7,15.3,30134.57
2020-01-25,25.2,15.6,19.3,83,54,1011.1,0.4,4.0,19.5,24.69,46377.7
2020-01-26,27.9,14.0,20.3,73,17,1012.4,0.0,0.0,17.1,29.7,43754.25
2020-01-27,30.1,14.7,22.2,60,1,1012.1,0.0,0.0,19.2,31.44,46344.46
2020-01-28,30.0,16.9,22.5,71,21,1012.7,0.5,4.0,19.1,26.29,46325.96
2020-01-29,28.7,18.6,23.5,80,49,1013.8,9.8,7.0,18.5,24.71,43228.15
2020-01-30,28.1,21.1,23.8,83,86,1014.3,5.0,12.0,23.1,21.28,40557.71
2020-01-31,27.9,21.1,23.8,81,74,1014.1,1.4,4.0,23.6,19.42,35424.18
2020-02-01,26.9,20.3,22.6,89,93,1015.2,26.0,22.0,16.2,13.84,23884.4
2020-02-02,25.6,19.1,21.3,92,99,1016.1,23.4,21.0,15.3,9.72,9302.85
2020-02-03,23.9,18.3,20.3,91,95,1015.7,13.7,22.0,18.4,9.52,7926.93
2020-02-04,25.1,18.4,21.0,89,84,1015.5,2.1,12.0,16.9,17.12,32257.86
2020-02-05,25.9,18.7,21.5,88,90,1014.7,19.8,10.0,14.3,13.05,16299.67
2020-02-06,25.7,18.3,21.3,90,69,1014.8,17.9,13.0,15.0,16.53,29417.74
2020-02-07,26.8,19.0,22.2,83,53,1013.9,1.6,8.0,13.8,23.03,46069.55
2020-02-08,27.9,18.4,23.2,76,37,1013.0,0.5,3.0,12.1,24.22,45671.4
2020-02-09,27.0,20.3,23.1,77,62,1013.0,7.3,5.0,25.9,21.82,44905.85
2020-02-10,21.6,17.4,19.9,92,98,1015.7,45.6,23.0,22.7,7.43,3505.79
2020-02-11,21.1,16.6,18.0,89,94,1017.6,4.5,15.0,24.3,13.01,16319.64
2020-02-12,21.2,15.6,18.0,87,72,1016.9,1.2,6.0,19.4,11.28,15710.21
2020-02-13,24.1,17.1,19.5,87,80,1016.1,1.9,9.0,20.4,18.18,31101.71
2020-02-14,26.0,17.3,20.5,86,61,1015.8,0.2,2.0,19.9,24.28,44463.13
2020-02-15,28.4,16.5,21.9,83,71,1014.2,0.3,3.0,16.6,23.65,40964.58
2020-02-16,29.5,18.3,22.9,85,68,1013.6,5.7,6.0,14.8,24.59,43200.0
2020-02-17,29.4,19.6,23.6,86,72,1013.6,2.2,4.0,15.4,23.72,40658.74
2020-02-18,29.3,19.9,24.6,79,61,1013.5,0.6,3.0,14.3,25.23,45298.93
2020-02-19,28.8,20.8,24.4,80,55,1011.6,1.9,7.0,15.6,24.01,45561.33
2020-02-20,28.5,20.2,23.8,84,77,1011.6,2.4,5.0,14.0,21.01,36366.96
2020-02-21,23.6,19.3,21.3,91,83,1013.4,7.0,12.0,18.1,10.6,21512.06
2020-02-22,19.5,16.2,18.1,91,87,1016.8,2.6,14.0,19.6,7.63,5773.18
2020-02-23,21.1,14.9,17.8,86,77,1019.1,0.4,4.0,18.9,11.76,16626.24
2020-02-24,25.1,15.8,19.9,87,70,1015.9,5.6,8.0,12.3,18.79,35883.32
2020-02-25,27.2,17.7,21.9,88,55,1013.4,8.3,12.0,16.9,18.43,36523.66
2020-02-26,24.4,19.6,21.6,91,98,1009.9,14.8,19.0,31.3,8.86,8131.15
2020-02-27,20.3,16.0,17.8,88,99,1015.0,3.2,10.0,21.2,10.25,9273.57
2020-02-28,20.7,15.8,17.9,89,100,1017.8,3.2,10.0,21.3,9.89,11459.69
2020-02-29,22.0,17.3,19.3,92,91,1017.4,12.9,23.0,20.0,10.79,20198.3
2020-03-01,21.8,17.4,18.9,89,90,1018.3,1.7,12.0,23.3,13.33,16178.39
2020-03-02,23.3,16.4,19.2,89,72,1017.2,21.9,19.0,23.7,18.15,42922.22
2020-03-03,22.4,15.1,18.4,89,82,1015.6,10.2,15.0,15.8,15.27,31317.54
2020-03-04,22.7,15.7,18.6,87,79,1016.0,1.2,5.0,17.8,16.88,29922.33
2020-03-05,23.5,15.9,18.5,85,55,1017.7,0.6,3.0,20.2,23.01,42920.03
2020-03-06,23.5,14.0,17.6,86,50,1017.5,0.8,4.0,19.9,22.55,38685.31
2020-03-07,24.2,15.2,18.2,87,57,1015.8,1.3,3.0,20.3,22.3,38762.46
2020-03-08,24.8,14.6,18.8,87,68,1015.8,1.8,7.0,14.8,20.65,41974.24
2020-03-09,25.0,16.5,19.9,88,47,1017.4,1.5,6.0,16.2,22.04,42924.22
2020-03-10,26.7,17.1,20.5,85,62,1017.3,0.4,3.0,18.7,23.19,36848.34
2020-03-11,26.6,16.3,20.3,86,52,1016.3,0.6,3.0,18.2,23.28,37574.47
2020-03-12,27.1,16.6,20.4,85,35,1017.1,0.0,0.0,18.1,24.03,39751.58
2020-03-13,28.2,16.5,20.7,86,60,1017.3,0.0,0.0,21.7,24.27,37265.42
2020-03-14,27.5,17.6,21.7,83,45,1017.6,0.0,0.0,15.9,22.52,42505.21
2020-03-15,29.2,18.0,23.5,78,22,1015.5,0.4,4.0,14.7,23.07,42480.25
2020-03-16,29.2,19.2,23.6,79,44,1014.5,9.7,3.0,11.6,21.5,38855.65
2020-03-17,28.8,18.8,22.2,86,58,1015.5,9.3,8.0,17.2,21.18,42431.38
2020-03-18,28.8,18.4,22.6,84,71,1014.9,0.1,1.0,14.5,22.73,39600.0
2020-03-19,27.5,19.6,22.9,84,81,1011.2,0.7,5.0,14.2,13.84,21731.22
2020-03-20,25.0,19.3,21.9,87,90,1009.6,8.0,13.0,20.0,12.8,26066.93
2020-03-21,22.2,16.6,19.2,88,73,1013.7,1.3,8.0,19.9,13.81,27797.65
2020-03-22,23.8,15.1,18.4,85,35,1018.0,0.0,0.0,22.9,22.16,42006.56
2020-03-23,23.7,15.1,18.3,83,40,1020.2,0.0,0.0,22.0,21.99,42290.92
2020-03-24,22.4,14.2,17.8,85,29,1019.3,0.3,2.0,20.1,20.26,42268.09
2020-03-25,23.5,13.4,17.4,84,19,1017.8,0.2,1.0,18.4,22.68,42245.34
2020-03-26,24.2,12.5,17.8,82,17,1017.1,0.0,0.0,21.0,24.05,42222.64
2020-03-27,25.3,14.4,18.8,83,31,1016.7,0.0,0.0,22.1,23.08,42199.96
2020-03-28,26.0,16.2,20.2,83,57,1017.5,0.4,3.0,18.3,20.25,40826.82
2020-03-29,25.8,16.6,20.5,87,74,1018.6,11.8,11.0,10.8,15.74,29521.36
2020-03-30,25.4,17.0,20.3,89,58,1017.4,0.8,2.0,19.2,19.4,40600.89
2020-03-31,25.9,17.5,20.2,89,82,1015.9,1.1,5.0,17.7,16.84,34003.47
2020-04-01,26.1,17.4,20.5,87,63,1016.3,0.0,0.0,17.1,20.11,40129.04
2020-04-02,28.0,18.4,23.1,77,80,1013.3,0.4,3.0,23.0,18.94,41650.25
2020-04-03,25.8,15.4,20.9,77,38,1009.6,6.0,6.0,27.4,14.45,40404.56
2020-04-04,23.3,13.7,17.6,82,37,1014.1,0.0,0.0,16.2,22.52,41928.92
2020-04-05,25.2,15.5,18.9,83,50,1016.8,0.0,0.0,17.5,21.82,40031.85
2020-04-06,29.3,15.9,21.8,75,72,1015.3,0.0,0.0,13.9,21.81,35899.7
2020-04-07,23.8,17.5,19.8,86,95,1015.9,2.1,9.0,20.9,10.69,15028.53
2020-04-08,20.7,14.9,17.6,87,85,1017.5,0.7,4.0,18.9,10.67,18523.65
2020-04-09,21.0,12.8,16.2,77,19,1017.1,0.0,0.0,16.3,22.17,40368.97
2020-04-10,22.3,12.0,15.9,82,40,1016.7,0.0,0.0,20.1,21.48,37106.82
2020-04-11,21.6,13.2,16.5,82,63,1017.3,0.0,0.0,20.0,15.78,39267.27
2020-04-12,23.2,14.1,17.1,81,48,1019.0,0.0,0.0,20.0,19.5,39225.44
2020-04-13,24.5,13.0,17.4,84,46,1017.7,0.0,0.0,18.9,20.95,40461.28
2020-04-14,24.2,15.3,19.2,83,98,1012.3,1.1,8.0,24.9,11.03,15141.55
2020-04-15,25.6,16.4,20.3,70,72,1014.3,0.0,0.0,22.5,15.85,37119.5
2020-04-16,26.3,15.5,18.8,78,65,1019.5,0.0,0.0,20.6,15.43,36490.51
2020-04-17,21.2,14.0,16.8,83,61,1022.9,0.0,0.0,19.9,12.97,31062.56
2020-04-18,22.4,13.8,17.1,84,72,1022.9,0.0,0.0,20.4,13.17,25792.61
2020-04-19,23.4,14.8,18.0,82,75,1022.0,0.2,2.0,20.3,14.67,39648.41
2020-04-20,24.0,14.9,18.0,80,58,1020.6,0.0,0.0,20.9,16.34,39434.01
2020-04-21,24.6,13.1,17.7,81,50,1019.0,0.0,0.0,21.3,18.72,37732.03
2020-04-22,24.6,14.4,17.6,82,58,1018.0,0.0,0.0,22.2,17.84,34951.42
2020-04-23,24.9,14.2,18.1,80,66,1018.1,0.1,1.0,20.9,17.07,27705.23
2020-04-24,26.0,15.7,19.6,81,51,1019.3,0.0,0.0,18.4,14.8,38459.52
2020-04-25,27.7,15.8,20.2,78,21,1020.3,0.0,0.0,19.2,19.35,38759.37
2020-04-26,26.6,13.8,19.2,72,4,1021.5,0.0,0.0,17.6,20.41,40253.39
2020-04-27,24.4,14.6,18.1,80,35,1023.7,0.0,0.0,22.5,17.96,36461.21
2020-04-28,25.5,13.9,18.9,76,32,1022.1,0.0,0.0,16.1,19.48,39457.2
2020-04-29,25.9,14.1,19.8,63,29,1020.1,0.0,0.0,13.3,19.67,38384.53
2020-04-30,26.2,14.5,20.3,57,60,1018.2,0.0,0.0,16.0,16.92,38357.82
2020-05-01,26.2,13.7,19.5,75,35,1019.1,0.9,4.0,14.4,17.15,37991.16
2020-05-02,24.9,15.7,19.1,83,65,1017.6,3.2,9.0,19.1,15.17,37052.22
2020-05-03,20.7,12.0,15.7,80,27,1020.0,0.0,0.0,17.1,15.7,39073.68
2020-05-04,23.2,11.5,15.8,80,54,1017.8,0.0,0.0,16.1,17.17,38038.09
2020-05-05,26.4,11.6,18.6,64,61,1014.6,0.0,0.0,25.2,18.54,37385.98
2020-05-06,26.2,14.7,19.5,66,90,1014.6,13.9,7.0,24.6,12.13,26530.83
2020-05-07,16.2,12.1,13.8,87,94,1021.1,3.6,16.0,21.6,7.32,14251.08
2020-05-08,18.6,11.3,14.0,87,73,1024.2,0.0,0.0,17.8,11.1,33690.13
2020-05-09,21.0,12.2,15.3,82,37,1023.5,0.0,0.0,17.3,18.26,37739.14
2020-05-10,22.9,10.5,16.0,76,9,1021.2,0.0,0.0,14.2,18.61,37809.04
2020-05-11,23.1,10.5,16.5,69,0,1020.2,0.0,0.0,15.8,18.71,38645.73
2020-05-12,24.5,9.7,16.9,63,53,1017.6,0.0,0.0,16.6,18.35,38413.15
2020-05-13,23.5,11.6,17.9,68,84,1015.1,0.0,0.0,25.0,10.78,27081.91
2020-05-14,21.1,15.0,17.2,85,97,1017.4,6.5,14.0,19.5,7.78,17733.52
2020-05-15,16.9,13.5,15.2,90,94,1020.5,1.0,7.0,17.1,4.83,0.0
2020-05-16,21.8,12.5,15.9,85,37,1018.9,0.0,0.0,16.3,16.25,37059.34
2020-05-17,22.8,9.4,14.7,81,38,1019.9,0.0,0.0,10.9,17.01,33744.76
2020-05-18,23.2,10.3,14.9,86,53,1022.2,0.0,0.0,16.6,16.37,37088.68
2020-05-19,23.1,13.8,17.1,85,40,1024.1,0.0,0.0,18.3,16.97,35754.22
2020-05-20,23.7,14.1,17.8,83,29,1023.2,0.0,0.0,17.4,15.19,33992.79
2020-05-21,25.2,12.7,18.5,73,31,1020.1,0.0,0.0,12.9,14.89,36767.02
2020-05-22,25.9,15.5,20.0,63,96,1016.5,0.0,0.0,22.6,13.8,36050.13
2020-05-23,22.1,15.6,19.5,76,99,1014.7,2.1,8.0,36.0,5.46,8805.17
2020-05-24,16.5,10.3,13.3,73,82,1018.6,0.0,0.0,24.2,10.29,22398.33
2020-05-25,18.1,9.6,13.3,66,22,1015.6,0.0,0.0,28.3,16.65,36907.9
2020-05-26,18.6,8.6,13.3,62,0,1015.7,0.0,0.0,24.5,17.36,36657.68
2020-05-27,19.6,7.7,12.5,72,1,1018.7,0.0,0.0,16.4,17.18,36680.49
2020-05-28,19.6,7.0,12.1,81,27,1021.6,0.0,0.0,13.7,16.93,36650.78
2020-05-29,24.0,8.3,14.9,76,10,1020.5,0.0,0.0,10.0,17.05,36723.63
2020-05-30,24.5,8.6,15.9,64,44,1018.8,0.0,0.0,15.9,16.87,36664.5
2020-05-31,22.9,10.3,16.1,58,22,1018.1,0.0,0.0,17.1,16.82,36763.11
2020-06-01,24.6,11.3,17.4,64,18,1017.2,0.0,0.0,15.3,16.18,36399.59
2020-06-02,17.7,14.0,15.7,90,92,1018.1,4.0,9.0,14.4,5.22,9632.53
2020-06-03,20.3,14.0,16.4,90,78,1020.6,7.2,9.0,15.1,9.6,33439.25
2020-06-04,20.9,15.6,17.5,90,96,1022.7,0.8,6.0,15.5,8.59,22686.67
2020-06-05,23.1,16.3,18.4,88,96,1021.4,5.4,15.0,10.7,8.71,16812.01
2020-06-06,24.6,16.6,20.0,74,87,1017.9,0.4,3.0,19.3,8.04,16860.84
2020-06-07,23.5,16.4,19.1,81,31,1019.5,2.6,10.0,19.3,13.92,36415.0
2020-06-08,23.4,13.6,18.5,85,22,1019.2,0.5,3.0,17.0,12.75,36137.1
2020-06-09,25.2,15.5,19.9,82,61,1016.8,0.6,4.0,15.0,11.98,36000.0
2020-06-10,26.0,17.6,21.0,78,82,1015.6,0.6,2.0,20.9,11.65,36000.0
2020-06-11,26.6,17.9,21.4,68,45,1016.1,0.0,0.0,23.2,15.4,36412.11
2020-06-12,26.6,13.7,20.0,70,69,1016.5,0.0,0.0,15.2,15.35,36131.13
2020-06-13,26.8,13.8,19.9,69,53,1018.5,0.0,0.0,18.0,15.29,36407.3
2020-06-14,17.4,14.3,15.8,90,99,1025.6,1.5,6.0,21.4,3.72,0.0
2020-06-15,20.3,14.1,16.4,85,77,1027.1,0.0,0.0,19.9,9.5,27058.83
2020-06-16,22.3,13.8,16.8,86,65,1026.6,0.0,0.0,20.4,11.35,31366.74
2020-06-17,22.5,14.2,17.2,80,39,1024.1,0.0,0.0,18.9,14.27,32267.5
2020-06-18,23.5,11.9,17.3,66,49,1020.9,0.0,0.0,18.6,15.74,36000.0
2020-06-19,24.5,13.4,18.3,65,26,1020.3,0.0,0.0,18.2,15.72,36661.16
2020-06-20,26.1,12.2,19.2,63,5,1020.6,0.0,0.0,18.2,15.79,36655.52
2020-06-21,26.4,13.7,19.5,68,10,1020.1,0.0,0.0,17.9,14.08,36649.57
2020-06-22,25.4,14.1,19.2,63,22,1020.2,0.0,0.0,10.2,14.62,36363.52
2020-06-23,24.4,13.7,18.2,57,85,1017.9,0.0,0.0,11.9,14.45,35797.56
2020-06-24,24.7,11.4,18.1,58,61,1016.4,0.0,0.0,20.6,15.9,36628.19
2020-06-25,26.1,14.1,20.0,61,94,1015.6,0.0,0.0,27.9,14.06,34156.24
2020-06-26,20.2,14.8,17.3,84,87,1018.3,11.7,14.0,17.9,5.94,14064.61
2020-06-27,15.3,13.0,14.4,95,99,1017.4,26.0,16.0,25.9,2.71,0.0
2020-06-28,16.0,12.3,13.8,90,93,1022.5,0.9,6.0,18.6,7.23,13375.86
2020-06-29,19.6,12.8,15.3,85,96,1021.8,0.0,0.0,20.3,12.51,32060.68
2020-06-30,22.6,12.7,17.7,71,70,1014.3,0.0,0.0,25.8,12.75,36000.0
2020-07-01,19.0,10.0,16.5,69,30,1011.7,0.1,1.0,35.0,12.61,35169.95
2020-07-02,17.6,6.4,11.6,81,24,1017.4,0.0,0.0,10.2,15.13,36825.43
2020-07-03,17.0,9.8,12.3,86,63,1019.7,0.0,0.0,14.4,13.94,36813.2
2020-07-04,22.6,10.0,14.7,82,40,1019.6,0.0,0.0,14.7,15.15,34608.88
2020-07-05,24.7,10.9,17.2,77,26,1018.5,0.0,0.0,16.6,12.51,36787.97
2020-07-06,24.8,14.6,18.5,77,42,1018.3,0.0,0.0,13.8,14.1,36000.0
2020-07-07,26.7,14.6,19.3,74,46,1016.6,0.0,0.0,17.6,14.91,34889.55
2020-07-08,25.3,16.1,19.9,54,42,1013.7,0.0,0.0,30.5,16.07,37580.29
2020-07-09,21.5,12.9,17.0,78,44,1019.8,0.3,2.0,17.4,15.21,37289.05
2020-07-10,21.9,10.2,15.3,85,62,1021.5,0.0,0.0,14.7,15.58,36168.15
2020-07-11,25.5,12.6,18.7,72,14,1018.4,0.0,0.0,20.7,15.57,37537.26
2020-07-12,26.0,14.6,19.8,61,14,1015.6,0.0,0.0,23.5,16.19,37798.78
2020-07-13,26.7,15.2,20.4,65,14,1016.7,0.0,0.0,20.3,14.35,37231.91
2020-07-14,18.8,13.4,16.3,86,81,1021.0,2.1,9.0,16.4,7.15,9303.72
2020-07-15,15.6,12.2,13.7,89,100,1024.0,0.0,0.0,16.3,5.67,731.52
2020-07-16,22.0,12.2,15.6,83,55,1023.2,0.0,0.0,20.5,12.67,28830.99
2020-07-17,23.4,11.7,16.7,84,49,1021.7,0.0,0.0,12.5,9.58,24718.95
2020-07-18,23.9,13.7,17.9,84,35,1022.7,0.0,0.0,13.4,15.67,37914.48
2020-07-19,23.4,11.7,17.4,77,10,1022.0,0.0,0.0,11.4,16.45,38102.4
2020-07-20,24.0,11.6,17.4,60,0,1021.1,0.0,0.0,18.8,17.32,38128.99
2020-07-21,25.2,11.3,17.8,65,14,1019.3,0.0,0.0,16.9,17.15,38155.72
2020-07-22,25.0,13.6,18.3,63,76,1019.2,0.0,0.0,13.5,17.15,38176.81
2020-07-23,26.0,13.0,18.5,66,20,1019.5,0.0,0.0,13.2,17.23,38209.38
2020-07-24,25.6,12.2,18.4,59,0,1019.1,0.0,0.0,16.5,17.42,38236.23
2020-07-25,26.8,13.4,19.7,53,14,1020.6,0.0,0.0,27.4,17.5,38262.99
2020-07-26,19.5,14.4,16.5,85,98,1024.0,0.5,5.0,15.8,8.09,12539.55
2020-07-27,26.8,14.1,19.7,69,59,1020.4,0.0,0.0,21.5,16.92,38316.15
2020-07-28,27.4,15.0,21.1,56,30,1017.7,0.0,0.0,25.7,17.13,37795.65
2020-07-29,17.8,13.3,15.5,85,96,1022.6,0.8,7.0,21.7,6.79,6607.51
2020-07-30,16.0,12.4,13.7,88,98,1026.5,3.8,18.0,21.1,5.06,0.0
2020-07-31,20.9,12.4,15.2,84,71,1026.7,0.0,0.0,25.1,12.16,29789.83
2020-08-01,21.6,12.4,15.5,84,53,1025.8,0.0,0.0,18.7,14.31,33514.81
2020-08-02,22.1,12.9,15.8,83,44,1026.8,0.0,0.0,21.6,17.08,36105.62
2020-08-03,22.1,12.4,15.6,82,41,1027.9,0.0,0.0,16.9,17.0,36791.13
2020-08-04,22.4,10.3,14.9,81,30,1028.2,0.0,0.0,17.3,17.91,38519.45
2020-08-05,22.7,10.7,15.1,81,29,1027.3,0.0,0.0,17.1,18.16,38544.2
2020-08-06,23.3,10.6,15.4,79,16,1026.5,0.0,0.0,19.7,18.62,38568.85
2020-08-07,24.0,9.3,15.8,73,2,1025.6,0.0,0.0,19.6,18.93,38593.36
2020-08-08,24.8,10.8,16.7,73,37,1025.1,0.1,1.0,21.2,18.07,38617.73
2020-08-09,24.5,13.0,17.6,73,49,1023.1,0.0,0.0,17.9,15.44,36792.5
2020-08-10,26.1,11.6,19.0,61,6,1018.5,0.0,0.0,14.3,18.64,38828.04
2020-08-11,26.5,13.8,20.1,47,12,1017.0,0.0,0.0,18.0,17.38,38828.77
2020-08-12,28.0,12.1,18.9,67,16,1016.3,0.0,0.0,14.6,19.06,38828.93
2020-08-13,29.9,15.4,21.6,56,47,1014.0,0.0,0.0,22.2,17.3,38566.68
2020-08-14,28.3,17.8,22.2,56,27,1013.7,0.0,0.0,14.3,15.91,39088.1
2020-08-15,23.7,15.9,20.1,69,51,1013.4,0.4,3.0,23.5,12.9,36112.23
2020-08-16,20.2,15.6,17.2,84,100,1016.3,6.0,13.0,17.1,6.22,979.84
2020-08-17,19.9,15.8,17.5,86,100,1016.8,13.0,20.0,19.9,8.09,1679.0
2020-08-18,18.7,15.5,16.9,89,91,1015.5,21.1,21.0,16.4,3.94,1103.87
2020-08-19,24.8,15.2,18.0,88,53,1014.7,7.5,5.0,19.5,17.0,38874.02
2020-08-20,16.3,12.1,14.4,89,100,1021.1,9.8,13.0,20.3,4.41,283.88
2020-08-21,12.0,8.3,10.2,92,100,1025.0,17.4,19.0,25.3,2.82,0.0
2020-08-22,13.1,7.9,10.3,91,89,1026.2,2.4,15.0,20.0,6.97,17232.03
2020-08-23,16.8,7.8,11.7,85,43,1025.0,0.0,0.0,21.1,14.17,35761.16
2020-08-24,17.6,9.1,12.4,85,35,1023.7,0.0,0.0,20.2,18.26,39255.53
2020-08-25,17.2,7.6,11.9,87,36,1022.6,0.0,0.0,18.6,12.55,33455.08
2020-08-26,20.1,6.6,12.5,85,1,1021.3,0.0,0.0,15.6,21.18,40822.96
2020-08-27,23.7,10.1,15.9,81,17,1020.2,0.0,0.0,13.8,21.01,40811.75
2020-08-28,26.4,13.0,18.7,81,40,1018.2,0.0,0.0,11.9,20.25,37711.12
2020-08-29,27.7,14.1,20.5,70,15,1015.7,0.0,0.0,13.0,20.91,40788.06
2020-08-30,28.8,14.5,20.5,65,10,1016.7,0.0,0.0,15.3,21.14,41363.53
2020-08-31,23.0,15.5,18.1,86,86,1023.3,0.3,3.0,20.6,16.82,32839.89
2020-09-01,21.0,16.0,18.1,87,97,1025.0,0.6,5.0,20.5,11.37,24036.82
2020-09-02,24.7,15.2,18.6,82,59,1021.9,0.0,0.0,21.5,18.03,39160.16
2020-09-03,28.3,15.5,21.1,63,17,1016.7,0.0,0.0,17.5,21.51,41486.0
2020-09-04,30.6,16.1,20.5,66,36,1018.5,0.0,0.0,24.2,20.61,41754.95
2020-09-05,29.2,15.7,20.3,79,84,1020.3,0.0,0.0,17.2,20.71,39217.97
2020-09-06,30.3,14.3,22.1,64,44,1016.6,0.0,0.0,15.8,22.0,41445.06
2020-09-07,26.8,16.5,19.9,81,78,1016.0,0.0,0.0,16.8,20.73,40419.56
2020-09-08,27.9,15.3,19.1,82,78,1016.7,0.0,0.0,19.6,20.55,38025.77
2020-09-09,29.4,15.4,20.2,79,65,1019.2,0.0,0.0,18.8,19.76,40044.3
2020-09-10,32.7,16.3,23.7,64,59,1017.1,0.0,0.0,20.0,19.38,42151.12
2020-09-11,32.5,16.7,23.4,71,67,1016.3,0.0,0.0,13.5,17.88,40876.07
2020-09-12,32.7,19.5,26.0,48,57,1016.3,0.0,0.0,14.8,17.99,40863.24
2020-09-13,32.4,17.9,24.9,53,4,1017.7,0.0,0.0,15.5,22.24,42466.03
2020-09-14,32.0,17.5,23.3,55,38,1019.7,0.3,2.0,23.4,22.68,42546.42
2020-09-15,20.2,15.1,17.1,82,97,1023.4,0.7,5.0,23.6,11.56,17520.48
2020-09-16,30.9,15.0,20.7,73,88,1018.0,0.0,0.0,17.9,21.53,41061.47
2020-09-17,32.2,16.4,22.0,69,71,1014.6,0.0,0.0,20.0,18.71,42557.87
2020-09-18,28.1,15.5,21.9,62,58,1013.7,0.0,0.0,17.7,9.27,18998.46
2020-09-19,31.1,18.5,23.5,59,81,1013.3,0.1,1.0,19.3,18.39,35988.05
2020-09-20,20.1,15.4,17.5,86,99,1018.7,1.8,11.0,18.2,6.76,2235.16
2020-09-21,18.1,13.7,15.7,90,100,1020.4,7.0,19.0,22.0,8.01,4397.21
2020-09-22,15.3,13.3,14.0,92,98,1023.6,20.0,20.0,23.4,4.54,1147.38
2020-09-23,20.7,13.2,16.2,87,81,1024.3,3.4,9.0,21.5,11.02,16440.2
2020-09-24,24.4,13.4,17.3,87,27,1022.1,0.0,0.0,19.0,22.66,43181.77
2020-09-25,26.4,13.6,18.3,84,57,1019.1,0.0,0.0,16.0,22.67,33961.34
2020-09-26,30.9,15.7,22.0,74,61,1013.9,0.0,0.0,18.3,23.42,38560.14
2020-09-27,33.6,15.3,24.7,57,33,1010.9,0.0,0.0,19.5,23.88,43200.0
2020-09-28,29.6,19.4,22.8,66,85,1012.9,0.0,0.0,30.3,17.3,41121.65
2020-09-29,25.6,17.4,20.3,85,64,1017.7,0.0,0.0,19.1,19.05,36406.27
2020-09-30,34.7,17.5,25.1,65,50,1015.5,0.0,0.0,15.5,21.62,43200.0
2020-10-01,35.5,18.1,27.1,56,15,1012.6,0.0,0.0,18.1,22.45,43200.0
2020-10-02,37.2,21.7,28.7,42,27,1011.9,0.1,1.0,33.9,21.25,43200.0
2020-10-03,27.3,19.0,23.0,70,61,1016.5,0.1,1.0,24.1,19.97,39600.0
2020-10-04,23.1,18.1,19.7,84,97,1019.1,7.9,4.0,24.3,13.13,13232.7
2020-10-05,34.5,17.9,23.2,74,60,1014.8,0.0,0.0,18.9,23.18,39600.0
2020-10-06,35.9,19.8,25.2,69,23,1013.3,0.0,0.0,20.3,22.26,43200.0
2020-10-07,38.1,18.3,27.1,56,44,1013.5,0.1,1.0,26.5,20.59,41478.22
2020-10-08,31.2,18.5,23.2,70,77,1014.1,0.5,1.0,18.5,14.47,34166.95
2020-10-09,21.7,17.7,19.5,90,94,1013.4,18.3,15.0,16.2,9.11,13219.11
2020-10-10,22.5,13.2,17.4,76,54,1015.0,0.0,0.0,21.7,22.46,39600.0
2020-10-11,22.8,11.1,16.0,73,3,1019.2,0.0,0.0,23.8,27.08,43200.0
2020-10-12,26.2,11.6,17.6,79,12,1017.9,0.0,0.0,17.9,26.82,43200.0
2020-10-13,31.1,14.5,22.1,66,64,1014.1,0.0,0.0,19.0,24.6,42086.47
2020-10-14,32.1,17.0,22.6,69,47,1013.6,0.9,2.0,16.6,23.76,43193.77
2020-10-15,20.2,15.4,17.9,87,96,1019.3,7.5,15.0,18.8,7.92,3803.9
2020-10-16,18.5,14.1,15.7,85,85,1022.0,2.4,6.0,21.5,8.3,6568.55
2020-10-17,19.6,12.6,15.7,83,80,1020.6,0.2,2.0,21.4,13.23,16554.23
2020-10-18,24.6,14.5,17.9,80,88,1016.8,0.0,0.0,21.0,14.23,24991.51
2020-10-19,27.5,16.3,20.4,79,93,1015.7,4.3,7.0,12.9,19.26,31524.96
2020-10-20,27.0,17.1,20.7,84,51,1016.8,9.6,10.0,13.3,18.5,36187.6
2020-10-21,24.5,15.9,19.5,87,55,1018.9,1.3,6.0,21.9,20.33,37921.04
2020-10-22,24.1,15.6,18.8,83,52,1019.8,0.1,1.0,23.8,18.19,37524.15
2020-10-23,26.9,15.5,19.6,78,34,1017.7,0.3,3.0,23.6,25.97,43840.78
2020-10-24,23.9,16.8,20.3,80,87,1013.9,0.9,5.0,12.0,13.68,20922.37
2020-10-25,25.2,16.4,19.6,87,55,1011.7,11.3,8.0,18.1,20.45,39874.4
2020-10-26,25.8,15.5,19.5,82,76,1011.3,0.0,0.0,18.9,17.79,35922.26
2020-10-27,29.2,16.2,22.3,72,36,1006.4,0.3,3.0,22.8,23.4,43247.01
2020-10-28,31.8,17.0,23.8,57,1,1007.1,0.0,0.0,19.1,29.45,45029.02
2020-10-29,32.2,16.6,21.8,70,76,1012.0,2.1,4.0,27.1,24.05,40636.26
2020-10-30,18.6,14.7,16.8,94,100,1017.4,37.1,24.0,21.7,5.05,1845.49
2020-10-31,17.8,14.1,15.7,90,85,1018.7,2.0,14.0,25.3,10.32,14020.95
2020-11-01,16.4,11.9,14.2,88,64,1018.1,1.3,7.0,22.1,12.68,22777.75
2020-11-02,18.4,11.1,14.1,81,62,1017.2,0.3,3.0,21.1,18.35,38331.96
2020-11-03,20.1,9.6,14.2,82,43,1016.3,0.6,4.0,21.0,20.19,36932.2
2020-11-04,21.5,9.8,14.9,86,61,1017.2,1.8,7.0,22.2,23.69,39645.53
2020-11-05,21.1,12.9,15.7,86,65,1015.9,3.3,10.0,19.8,20.83,41696.01
2020-11-06,21.9,12.1,15.9,81,59,1017.5,0.0,0.0,22.3,25.91,43200.0
2020-11-07,25.5,11.2,16.8,83,29,1019.4,0.0,0.0,19.6,29.3,43586.12
2020-11-08,28.7,12.6,19.1,76,37,1018.1,0.0,0.0,18.1,28.66,38890.19
2020-11-09,28.1,14.0,20.3,79,64,1016.6,0.3,2.0,21.9,26.31,44875.28
2020-11-10,28.0,18.4,21.3,83,88,1015.5,9.8,14.0,16.6,14.17,20795.4
2020-11-11,28.0,16.7,21.0,85,90,1014.3,10.8,7.0,21.0,18.73,28276.52
2020-11-12,25.5,16.9,20.4,86,84,1013.0,3.8,9.0,14.9,17.99,40473.01
2020-11-13,27.3,16.2,20.6,87,98,1012.6,3.4,2.0,12.7,18.6,27601.29
2020-11-14,28.1,17.9,21.8,84,65,1012.7,2.2,5.0,14.0,25.0,42196.59
2020-11-15,30.1,17.6,23.7,77,61,1012.2,1.3,2.0,13.4,27.0,45142.27
2020-11-16,28.9,19.3,23.6,75,60,1009.6,1.0,2.0,17.6,19.08,36481.75
2020-11-17,24.5,17.3,20.3,87,71,1010.3,15.5,17.0,20.3,15.25,26775.86
2020-11-18,21.0,15.0,17.7,91,98,1012.0,13.9,19.0,21.6,11.24,10910.41
2020-11-19,21.3,13.7,16.7,90,90,1012.0,26.8,19.0,25.3,11.86,16351.99
2020-11-20,19.8,12.8,16.0,86,61,1015.3,0.9,6.0,18.2,18.83,42683.49
2020-11-21,23.1,11.8,16.7,84,41,1016.4,0.5,3.0,21.9,27.89,46842.33
2020-11-22,23.5,13.2,17.7,83,30,1018.8,0.2,2.0,22.2,26.7,46065.6
2020-11-23,24.5,14.4,18.5,82,58,1020.4,0.0,0.0,20.4,24.21,42346.42
2020-11-24,26.6,15.9,19.8,83,54,1020.6,0.2,1.0,20.8,23.67,43894.91
2020-11-25,28.8,16.6,22.0,75,30,1017.8,0.0,0.0,20.6,28.76,44670.9
2020-11-26,29.7,18.6,24.0,64,19,1015.7,0.0,0.0,11.6,25.95,47059.12
2020-11-27,29.6,17.1,22.3,78,51,1017.3,2.5,4.0,18.2,25.45,45962.81
2020-11-28,30.7,18.1,22.5,76,67,1018.7,0.0,0.0,23.0,27.7,42345.7
2020-11-29,31.3,18.4,24.1,66,43,1016.4,1.4,2.0,16.2,24.22,46740.64
2020-11-30,31.9,18.9,24.1,72,71,1014.4,10.3,7.0,25.4,21.44,36787.28
2020-12-01,27.3,18.9,21.9,84,81,1014.6,7.6,9.0,16.8,20.96,34967.66
2020-12-02,26.5,18.4,21.8,84,80,1013.9,2.4,6.0,13.6,19.66,43224.67
2020-12-03,30.0,18.9,23.1,77,89,1011.7,5.9,3.0,23.4,21.2,30897.4
2020-12-04,28.7,19.7,22.9,80,82,1014.9,2.5,3.0,20.9,25.86,45818.39
2020-12-05,24.5,18.1,20.3,88,96,1017.4,9.3,12.0,22.4,12.6,17697.84
2020-12-06,24.5,17.4,19.8,88,96,1015.6,7.3,21.0,18.7,11.79,15760.28
2020-12-07,23.5,18.5,20.4,90,97,1014.1,16.3,24.0,20.5,13.86,25336.18
2020-12-08,26.6,17.8,20.9,87,74,1013.5,7.1,10.0,15.2,22.62,43001.64
2020-12-09,26.1,17.1,20.3,84,55,1014.7,0.7,3.0,18.8,26.43,46311.3
2020-12-10,25.6,15.1,19.7,84,69,1014.9,0.6,3.0,20.6,25.51,44020.34
2020-12-11,26.6,16.8,21.5,81,97,1014.8,1.7,4.0,14.1,19.67,27250.32
2020-12-12,27.6,19.0,21.9,80,85,1015.1,8.8,15.0,15.6,20.04,31888.06
2020-12-13,28.6,20.1,22.7,83,93,1014.4,7.9,13.0,22.2,17.64,24826.06
2020-12-14,28.6,20.1,23.7,80,52,1012.5,6.7,5.0,19.6,25.15,46902.57
2020-12-15,27.8,19.4,23.2,83,88,1012.6,3.9,9.0,15.3,18.01,36711.15
2020-12-16,29.2,18.8,22.7,84,76,1014.2,1.9,5.0,22.7,25.26,42496.29
2020-12-17,27.9,20.0,22.9,85,93,1014.0,1.6,6.0,14.5,18.76,29622.26
2020-12-18,28.2,18.6,22.6,84,72,1011.9,3.4,6.0,16.7,25.21,44889.48
2020-12-19,29.2,19.1,23.8,83,61,1010.4,4.3,5.0,18.2,27.57,41716.72
2020-12-20,30.0,20.6,24.6,78,79,1011.1,2.6,3.0,17.0,26.68,38253.57
2020-12-21,31.4,18.9,23.2,84,79,1012.6,4.3,6.0,21.2,24.54,40618.76
2020-12-22,22.7,17.1,20.2,92,92,1014.7,3.3,15.0,23.0,13.22,20949.23
2020-12-23,23.6,16.2,19.5,86,59,1014.9,1.0,5.0,22.2,18.06,37744.65
2020-12-24,22.3,16.0,18.8,87,54,1015.2,1.7,7.0,23.2,16.81,37086.38
2020-12-25,23.4,15.6,18.5,87,69,1014.6,2.6,7.0,20.9,18.49,39064.77
2020-12-26,24.1,15.9,19.4,86,90,1013.7,3.5,11.0,17.9,17.73,32868.92
2020-12-27,23.2,17.0,20.1,88,74,1015.4,4.5,12.0,14.1,17.24,36544.75
2020-12-28,25.5,18.3,21.2,82,68,1015.9,13.2,11.0,15.6,20.43,38453.59
2020-12-29,26.9,17.6,21.7,83,89,1013.5,10.2,17.0,14.3,20.4,30167.51
2020-12-30,28.4,18.9,22.7,79,38,1012.0,2.4,5.0,20.4,27.45,48058.96
2020-12-31,27.0,19.6,22.2,82,58,1013.5,4.7,13.0,24.8,21.83,31794.99
2021-01-01,26.1,18.3,21.1,85,91,1014.9,10.5,13.0,19.8,16.93,21321.1
2021-01-02,23.3,18.2,20.0,89,76,1014.9,5.0,17.0,19.4,18.83,38156.04
2021-01-03,24.7,17.0,19.5,86,69,1014.2,3.6,10.0,21.9,24.54,43651.82
2021-01-04,26.7,17.0,20.6,84,69,1013.9,2.4,4.0,15.3,24.9,46591.04
2021-01-05,28.5,17.6,22.7,81,88,1013.5,4.7,5.0,12.6,25.03,44265.12
2021-01-06,29.6,20.5,24.0,76,79,1012.7,4.7,6.0,18.5,23.93,35478.51
2021-01-07,28.8,20.7,23.9,79,88,1012.3,5.3,7.0,20.1,22.8,39600.0
2021-01-08,26.5,20.4,22.5,85,90,1012.8,22.5,14.0,17.7,20.24,38477.54
2021-01-09,26.8,19.6,22.0,89,89,1013.0,4.5,13.0,20.4,19.35,34005.3
2021-01-10,27.7,19.3,22.3,88,99,1013.4,9.3,10.0,18.6,18.15,25355.83
2021-01-11,28.0,20.0,23.1,86,96,1013.1,2.6,5.0,15.0,19.2,31009.6
2021-01-12,28.8,21.0,23.6,88,86,1013.2,17.7,8.0,11.7,21.85,36832.04
2021-01-13,26.6,20.6,22.6,90,93,1014.0,18.6,10.0,20.3,16.43,34352.11
2021-01-14,27.2,19.1,22.1,88,72,1014.7,10.0,10.0,21.3,22.14,46200.51
2021-01-15,25.7,18.7,21.4,87,77,1014.1,13.0,12.0,15.9,18.53,36161.12
2021-01-16,27.4,18.2,22.7,78,64,1012.1,1.7,10.0,15.3,22.81,43452.3
2021-01-17,27.9,21.0,23.8,72,92,1011.2,0.6,6.0,21.5,22.26,41968.1
2021-01-18,29.0,20.4,23.6,80,85,1012.5,6.0,8.0,17.8,24.99,41726.98
2021-01-19,27.0,20.0,22.4,88,99,1015.1,12.9,18.0,10.3,17.03,22407.76
2021-01-20,28.9,19.8,22.7,84,88,1015.5,2.4,10.0,18.4,25.92,43163.87
2021-01-21,27.7,19.1,22.0,85,90,1016.8,2.0,4.0,18.4,25.01,45322.48
2021-01-22,27.3,18.9,22.0,84,88,1018.7,1.6,6.0,15.0,23.66,37811.07
2021-01-23,27.9,18.3,22.3,82,91,1017.7,3.5,4.0,13.2,22.5,33641.72
2021-01-24,27.6,19.2,22.0,86,91,1015.7,4.4,4.0,14.2,19.82,29220.58
2021-01-25,29.5,18.6,22.7,82,98,1013.9,8.8,7.0,13.4,21.13,29978.76
2021-01-26,28.0,18.2,22.9,80,93,1013.7,22.5,8.0,14.2,17.7,36443.13
2021-01-27,29.1,20.3,24.7,71,91,1012.6,0.5,4.0,21.7,25.23,46333.93
2021-01-28,29.6,20.6,24.0,78,84,1012.2,6.9,7.0,18.1,24.99,45334.38
2021-01-29,30.0,19.3,24.5,69,93,1012.3,0.0,0.0,15.2,23.65,44788.44
2021-01-30,31.7,19.5,24.9,70,71,1013.8,0.0,0.0,16.7,27.42,46270.56
2021-01-31,30.5,20.0,24.8,76,81,1013.6,1.4,3.0,10.8,21.08,37163.02
2021-02-01,29.3,20.9,23.8,79,88,1013.4,4.0,3.0,11.3,19.46,35002.47
2021-02-02,29.6,19.6,23.6,77,55,1013.9,7.3,5.0,13.4,26.72,45364.38
2021-02-03,29.2,18.0,23.1,83,60,1014.4,0.9,3.0,14.8,24.92,39963.45
2021-02-04,30.6,20.7,25.1,76,90,1010.6,1.6,5.0,19.5,22.62,45262.93
2021-02-05,25.8,18.1,21.6,86,87,1008.9,21.9,18.0,20.3,15.89,26721.3
2021-02-06,24.9,17.1,19.8,84,66,1011.4,1.4,7.0,21.9,23.4,45920.26
2021-02-07,23.8,16.3,19.1,83,47,1014.3,2.2,7.0,23.2,22.81,44633.16
2021-02-08,24.0,14.5,18.8,80,33,1014.8,0.4,3.0,22.6,24.4,46005.87
2021-02-09,24.5,14.7,19.0,83,36,1015.6,1.4,5.0,20.9,26.17,45970.76
2021-02-10,25.8,16.0,19.8,86,70,1015.8,3.3,4.0,21.5,23.95,43742.34
2021-02-11,25.6,17.2,20.2,89,95,1015.7,19.7,8.0,12.4,17.03,27752.19
2021-02-12,24.9,17.6,20.8,88,91,1014.8,9.7,11.0,11.8,16.38,33685.92
2021-02-13,24.1,17.8,20.5,89,92,1013.5,10.7,16.0,14.3,11.31,10037.39
2021-02-14,26.9,17.2,21.6,81,81,1011.1,0.0,0.0,17.6,22.47,38962.94
2021-02-15,26.8,18.5,21.9,82,48,1010.3,1.5,6.0,19.5,23.18,42047.97
2021-02-16,27.2,18.2,22.3,80,49,1009.0,0.6,4.0,17.4,24.03,45701.55
2021-02-17,26.9,18.9,22.3,80,70,1008.6,3.6,6.0,15.3,17.26,41080.45
2021-02-18,27.4,16.1,21.8,82,28,1009.3,2.0,4.0,16.2,24.37,41961.81
2021-02-19,27.5,17.2,21.1,85,42,1011.6,0.2,1.0,19.0,24.69,40736.67
2021-02-20,26.7,17.0,20.8,86,46,1015.0,0.3,2.0,20.9,24.4,40363.24
2021-02-21,26.1,17.3,20.8,86,38,1016.1,0.6,5.0,21.3,22.06,44756.03
2021-02-22,26.4,18.1,21.3,84,52,1016.0,0.7,4.0,19.6,24.26,44120.2
2021-02-23,29.7,16.8,22.6,76,18,1014.5,0.0,0.0,12.6,26.88,41783.59
2021-02-24,28.8,17.2,22.1,81,55,1014.3,2.4,5.0,16.7,22.44,38886.65
2021-02-25,24.8,17.8,20.7,89,79,1013.5,12.9,19.0,14.8,14.78,34279.86
2021-02-26,21.9,17.4,19.3,92,85,1013.8,24.4,14.0,11.0,8.85,16965.72
2021-02-27,24.3,17.6,20.0,90,87,1015.5,18.6,15.0,16.9,14.39,27832.55
2021-02-28,26.5,17.6,20.8,88,85,1015.2,13.5,3.0,15.0,17.95,29263.56
2021-03-01,26.5,18.3,21.6,85,82,1014.1,1.1,2.0,15.8,19.67,36221.28
2021-03-02,27.5,18.5,22.3,82,92,1015.1,0.6,3.0,13.8,22.43,40508.14
2021-03-03,28.0,19.8,23.3,73,80,1016.2,0.3,3.0,14.6,23.18,41877.1
2021-03-04,28.0,19.1,22.5,81,96,1014.4,5.1,8.0,21.8,19.26,32325.68
2021-03-05,24.1,19.8,21.3,84,98,1010.2,4.9,12.0,31.1,12.0,15170.33
2021-03-06,23.8,18.7,20.4,91,96,1011.1,23.3,21.0,18.6,10.66,13577.51
2021-03-07,23.9,18.0,20.1,91,92,1013.5,15.4,15.0,17.1,15.07,34044.9
2021-03-08,24.8,17.4,20.2,89,74,1013.9,4.5,9.0,13.6,19.58,37794.22
2021-03-09,26.3,16.1,20.4,85,70,1012.2,0.0,0.0,15.7,22.89,38853.4
2021-03-10,25.3,17.5,20.2,85,64,1011.5,0.5,4.0,16.4,22.58,42420.55
2021-03-11,27.0,17.0,21.2,84,54,1012.7,2.9,5.0,18.1,22.45,39570.26
2021-03-12,28.5,17.4,21.9,84,31,1014.7,1.1,5.0,18.1,22.63,42675.29
2021-03-13,27.3,18.9,21.9,85,59,1016.0,0.0,0.0,17.8,22.63,39827.2
2021-03-14,27.8,18.5,22.3,83,51,1016.3,0.8,5.0,11.2,22.32,42511.11
2021-03-15,27.1,17.0,21.4,86,66,1015.4,1.4,5.0,15.3,20.72,39001.1
2021-03-16,27.5,18.4,22.0,85,55,1014.3,0.8,2.0,15.0,22.32,36000.0
2021-03-17,28.3,17.8,23.1,77,78,1012.4,0.2,2.0,14.3,21.39,40938.75
2021-03-18,24.4,19.7,21.5,84,94,1013.3,0.7,5.0,15.3,10.53,19772.9
2021-03-19,27.1,18.4,21.1,89,56,1015.9,15.1,6.0,16.1,17.43,42391.59
2021-03-20,27.9,18.5,21.9,89,59,1018.4,0.8,3.0,16.1,20.93,41977.67
2021-03-21,28.2,18.0,22.9,79,49,1018.3,0.0,0.0,9.0,22.77,39983.29
2021-03-22,28.4,17.3,22.3,84,57,1017.1,0.1,1.0,17.9,23.53,38047.53
2021-03-23,28.5,18.7,22.5,82,44,1017.1,0.0,0.0,17.6,24.4,40007.29
2021-03-24,28.2,18.6,22.5,83,54,1017.3,0.1,1.0,15.8,22.35,42275.78
2021-03-25,27.7,19.2,22.2,85,59,1017.9,0.3,1.0,15.1,21.83,41287.31
2021-03-26,29.1,18.6,22.7,83,45,1016.2,0.0,0.0,12.1,21.53,36802.31
2021-03-27,30.4,18.4,23.5,79,63,1014.8,0.0,0.0,12.9,22.68,39805.01
2021-03-28,30.3,18.3,23.2,80,79,1014.2,2.9,3.0,12.0,21.15,33802.92
2021-03-29,29.0,18.8,23.1,79,45,1013.6,14.6,7.0,17.7,20.56,40711.14
2021-03-30,27.7,18.3,21.7,84,52,1012.1,10.9,8.0,21.1,20.46,42136.57
2021-03-31,22.3,15.5,18.7,85,39,1011.9,2.6,9.0,20.2,18.41,42113.43
2021-04-01,23.8,13.1,17.7,81,33,1014.0,0.0,0.0,21.8,20.51,42090.41
2021-04-02,22.6,15.1,18.2,84,66,1017.6,0.2,2.0,20.3,16.49,39479.32
2021-04-03,24.6,14.1,18.3,86,67,1018.5,0.1,1.0,22.1,18.64,40881.29
2021-04-04,23.9,15.9,18.8,85,80,1019.1,0.6,4.0,20.0,17.43,38530.01
2021-04-05,24.6,15.6,18.9,83,63,1018.7,0.0,0.0,21.3,18.54,40546.94
2021-04-06,23.2,15.5,18.4,87,73,1018.0,13.1,13.0,18.6,12.59,32446.56
2021-04-07,23.5,16.2,18.7,87,52,1019.4,1.8,7.0,18.6,15.87,38341.02
2021-04-08,24.9,14.7,18.5,81,8,1021.7,0.0,0.0,20.2,22.08,41627.0
2021-04-09,25.4,14.0,18.9,80,20,1021.3,0.0,0.0,16.0,20.3,41547.32
2021-04-10,27.1,13.4,19.7,71,35,1017.8,0.0,0.0,14.8,22.23,38384.68
2021-04-11,27.9,13.5,20.8,58,3,1015.5,0.0,0.0,15.6,22.85,41389.2
2021-04-12,27.8,15.6,20.8,65,40,1016.0,0.6,4.0,21.4,19.27,41310.88
2021-04-13,20.7,14.4,18.3,85,73,1020.0,2.9,11.0,19.8,8.5,20980.47
2021-04-14,23.1,12.3,16.8,82,59,1019.9,0.0,0.0,20.5,14.22,30926.22
2021-04-15,23.9,14.8,18.2,82,62,1018.7,0.3,2.0,17.7,16.51,35304.21
2021-04-16,25.4,14.3,19.0,77,24,1016.5,0.0,0.0,13.9,15.42,40387.38
2021-04-17,24.4,15.8,19.5,77,96,1015.1,2.8,6.0,12.1,9.35,8866.36
2021-04-18,23.0,16.4,18.5,89,68,1014.7,18.8,18.0,16.3,13.27,39500.57
2021-04-19,21.1,15.6,17.5,88,53,1016.7,1.4,9.0,21.3,14.75,38965.88
2021-04-20,20.9,15.3,17.4,89,57,1017.7,3.0,19.0,23.0,16.29,38663.49
2021-04-21,20.4,15.5,17.3,89,62,1017.7,3.8,18.0,22.7,14.25,39155.51
2021-04-22,18.5,14.2,16.0,91,61,1018.4,2.4,8.0,18.6,8.66,22514.5
2021-04-23,22.1,13.1,16.7,87,60,1017.7,0.0,0.0,17.8,19.08,38830.99
2021-04-24,23.6,14.5,17.8,85,59,1016.2,0.0,0.0,12.4,18.76,32142.2
2021-04-25,25.4,14.6,19.2,82,66,1014.1,0.0,0.0,13.3,18.76,38056.98
2021-04-26,23.9,15.9,18.8,87,62,1014.8,2.4,6.0,13.4,16.01,34988.57
2021-04-27,21.1,15.5,17.8,92,65,1016.1,1.4,7.0,17.6,11.79,28452.23
2021-04-28,22.9,15.0,17.3,86,63,1018.1,0.3,1.0,21.7,18.42,37792.95
2021-04-29,19.9,13.1,15.9,85,48,1022.1,1.1,5.0,19.0,14.87,39213.15
2021-04-30,21.6,12.6,16.0,84,75,1023.6,0.0,0.0,20.1,15.0,38732.36
2021-05-01,21.9,11.9,16.0,84,95,1022.7,0.0,0.0,17.1,17.46,36000.0
2021-05-02,23.4,13.0,16.8,83,62,1021.4,0.0,0.0,16.5,18.52,38121.99
2021-05-03,24.6,12.9,17.6,83,40,1019.8,0.0,0.0,16.4,18.2,33691.81
2021-05-04,26.1,12.9,19.1,75,48,1018.7,0.0,0.0,13.4,18.6,38043.95
2021-05-05,26.1,12.8,19.1,78,62,1017.8,0.0,0.0,14.5,18.39,36427.27
2021-05-06,27.3,14.4,20.7,71,49,1016.1,0.3,1.0,17.9,18.06,37403.96
2021-05-07,18.2,14.2,15.9,88,88,1021.1,2.7,9.0,23.7,6.32,11742.09
2021-05-08,20.8,14.1,16.1,85,76,1024.9,0.5,4.0,18.7,10.31,26764.53
2021-05-09,22.0,13.3,16.5,84,65,1024.2,0.0,0.0,20.3,14.33,37199.58
2021-05-10,23.2,13.6,17.0,83,61,1021.7,0.0,0.0,18.4,15.02,31251.42
2021-05-11,25.7,13.3,17.9,77,69,1017.5,0.0,0.0,21.7,15.28,28514.3
2021-05-12,22.4,12.9,16.4,84,84,1017.4,10.9,9.0,20.5,10.23,28121.03
2021-05-13,18.1,12.9,14.8,88,81,1021.7,4.4,8.0,19.7,8.76,17578.85
2021-05-14,20.2,12.6,15.4,87,84,1021.3,0.1,1.0,16.5,11.61,28114.0
2021-05-15,19.9,13.6,16.1,89,85,1019.9,2.7,8.0,14.1,10.52,27108.23
2021-05-16,21.5,14.0,16.7,88,82,1019.9,0.0,0.0,13.8,11.71,27427.12
2021-05-17,22.2,13.3,17.1,80,56,1018.2,0.0,0.0,17.8,14.45,31362.88
2021-05-18,20.0,12.9,15.8,87,54,1018.4,0.6,5.0,17.6,12.11,34200.73
2021-05-19,22.9,12.1,15.9,83,62,1017.5,0.0,0.0,11.7,16.27,30720.06
2021-05-20,24.3,10.7,16.5,79,36,1016.3,0.0,0.0,14.6,17.4,36841.56
2021-05-21,26.1,11.9,18.4,70,62,1014.6,0.0,0.0,16.3,15.54,35932.88
2021-05-22,19.7,14.5,16.7,75,93,1014.0,11.5,6.0,21.5,5.13,11653.65
2021-05-23,22.3,16.2,18.5,83,64,1013.9,0.0,0.0,28.8,12.09,30070.44
2021-05-24,19.7,9.5,14.4,58,69,1017.4,0.0,0.0,18.6,17.14,36888.64
2021-05-25,22.0,8.4,14.0,68,70,1020.3,0.0,0.0,11.8,17.19,36351.41
2021-05-26,24.0,7.6,14.5,79,38,1019.3,0.0,0.0,13.5,16.3,36634.35
2021-05-27,25.2,10.7,17.3,76,49,1017.0,0.0,0.0,14.4,15.42,34362.51
2021-05-28,26.4,13.5,20.0,67,46,1013.2,0.0,0.0,30.4,13.79,36421.69
2021-05-29,28.0,19.3,22.7,62,33,1012.9,0.4,2.0,35.6,14.01,36107.48
2021-05-30,21.4,16.0,18.4,87,86,1018.4,0.8,3.0,11.8,6.24,8864.46
2021-05-31,20.9,14.2,16.7,88,82,1019.6,1.3,9.0,15.6,8.95,19162.5
2021-06-01,21.3,13.4,16.1,88,63,1018.0,0.0,0.0,10.5,14.98,29198.72
2021-06-02,24.9,12.3,17.8,77,29,1017.2,0.0,0.0,15.2,15.6,32905.72
2021-06-03,24.8,13.0,18.1,79,18,1020.0,0.0,0.0,15.8,15.23,36406.11
2021-06-04,24.4,14.9,18.6,83,40,1022.2,0.0,0.0,13.0,15.2,32808.85
2021-06-05,25.1,13.5,18.7,74,3,1020.3,0.0,0.0,14.4,16.18,36411.0
2021-06-06,25.0,12.2,18.4,76,63,1018.7,0.1,1.0,13.5,12.47,36134.95
2021-06-07,20.6,16.2,17.5,91,93,1019.0,2.9,9.0,12.6,6.69,11419.77
2021-06-08,19.7,15.6,16.9,92,94,1019.1,1.3,9.0,17.0,7.87,16306.26
2021-06-09,22.6,15.7,17.9,87,63,1019.4,0.2,2.0,15.3,13.86,35845.9
2021-06-10,22.0,15.9,18.1,89,100,1018.4,6.6,11.0,18.2,7.3,9196.43
2021-06-11,18.8,13.8,16.0,92,94,1018.3,3.3,10.0,17.3,6.55,15876.01
2021-06-12,19.4,12.6,14.9,86,65,1020.0,0.0,0.0,15.5,12.32,35978.35
2021-06-13,18.1,10.7,13.6,85,34,1023.0,0.0,0.0,16.6,14.6,36408.3
2021-06-14,20.0,9.2,13.6,87,27,1022.4,0.0,0.0,15.4,15.57,36405.76
2021-06-15,21.8,11.1,14.8,86,66,1019.9,0.0,0.0,15.9,14.13,28165.24
2021-06-16,18.7,12.2,14.4,86,68,1019.7,0.1,1.0,18.0,13.11,35487.29
2021-06-17,18.1,11.3,13.8,88,65,1021.9,0.3,3.0,15.0,10.45,35447.35
2021-06-18,17.9,11.5,13.6,90,82,1023.5,0.0,0.0,15.5,7.81,19794.14
2021-06-19,19.4,13.1,15.3,87,87,1020.6,0.7,5.0,16.6,5.86,11206.84
2021-06-20,21.0,12.5,16.3,80,47,1018.2,1.3,5.0,28.9,11.37,32500.06
2021-06-21,18.8,12.0,14.6,85,86,1021.4,1.5,2.0,12.5,11.74,35436.44
2021-06-22,18.9,12.7,14.6,92,82,1021.9,5.1,8.0,15.3,7.38,29598.35
2021-06-23,17.9,11.8,14.3,88,62,1023.7,0.2,2.0,16.4,9.24,29745.75
2021-06-24,22.8,10.8,15.7,78,85,1019.1,0.0,0.0,17.4,14.99,36070.39
2021-06-25,25.3,13.3,17.8,78,32,1018.0,0.1,1.0,15.0,12.11,36620.68
2021-06-26,24.7,12.9,18.1,78,38,1018.3,0.0,0.0,12.6,13.21,36611.47
2021-06-27,24.7,14.4,18.4,66,30,1017.3,0.0,0.0,18.2,15.77,36881.13
2021-06-28,21.3,11.3,15.4,78,75,1020.2,0.1,1.0,19.6,14.3,34858.55
2021-06-29,14.8,8.2,12.3,82,98,1022.4,1.8,10.0,19.8,4.59,3600.0
2021-06-30,13.3,4.1,8.0,75,57,1025.9,0.0,0.0,13.3,15.56,36335.91
2021-07-01,17.2,5.8,10.6,84,30,1027.5,0.0,0.0,17.0,15.67,36838.43
2021-07-02,22.2,8.8,14.1,75,34,1025.5,0.0,0.0,14.3,15.79,37105.7
2021-07-03,22.5,8.1,14.4,78,56,1023.7,0.0,0.0,18.2,14.61,32957.15
2021-07-04,18.7,11.8,14.2,87,81,1025.4,0.0,0.0,17.1,10.57,33203.56
2021-07-05,19.7,11.7,14.6,85,75,1025.9,0.0,0.0,16.7,13.04,33396.92
2021-07-06,19.0,11.0,13.7,86,69,1024.4,0.1,1.0,16.3,11.85,30253.98
2021-07-07,19.1,10.4,13.6,86,58,1023.1,0.0,0.0,15.6,13.9,36956.24
2021-07-08,21.9,11.0,14.6,80,57,1021.4,0.1,1.0,18.4,15.62,37031.7
2021-07-09,21.5,11.8,14.9,83,46,1022.1,0.0,0.0,16.6,14.63,30139.6
2021-07-10,23.3,10.0,15.7,75,6,1021.3,0.0,0.0,14.0,16.54,37557.89
2021-07-11,23.7,10.2,15.9,72,17,1020.7,0.0,0.0,17.1,15.95,37266.52
2021-07-12,23.7,10.8,16.4,70,6,1022.2,0.0,0.0,14.3,16.49,37803.92
2021-07-13,24.1,9.4,16.8,61,21,1022.2,0.0,0.0,13.7,16.69,37940.98
2021-07-14,24.3,10.4,17.4,57,37,1019.6,0.0,0.0,17.4,16.47,37966.64
2021-07-15,25.9,12.9,18.7,54,47,1016.8,0.0,0.0,23.4,15.95,37992.63
2021-07-16,22.4,12.9,16.6,78,74,1017.4,0.0,0.0,21.0,13.11,36364.53
2021-07-17,23.7,15.0,17.9,79,58,1017.6,0.3,3.0,20.3,10.77,29365.39
2021-07-18,22.2,12.2,16.4,74,52,1019.1,0.3,3.0,20.2,16.5,38071.9
2021-07-19,17.7,5.9,11.6,59,54,1022.6,0.0,0.0,12.8,17.78,38098.57
2021-07-20,16.0,4.1,9.6,69,80,1025.1,0.0,0.0,15.1,16.41,36303.63
2021-07-21,20.5,6.7,12.0,71,59,1025.1,0.0,0.0,10.0,13.47,34495.61
2021-07-22,21.0,6.7,12.5,78,28,1027.7,0.0,0.0,16.2,17.35,38178.48
2021-07-23,23.8,10.5,15.4,74,31,1025.7,0.0,0.0,16.2,17.41,38204.9
2021-07-24,25.2,7.4,16.1,65,2,1022.9,0.0,0.0,12.1,17.75,38231.11
2021-07-25,25.5,10.4,17.2,50,0,1020.3,0.0,0.0,16.4,17.86,38257.05
2021-07-26,26.0,11.0,18.7,43,0,1017.7,0.0,0.0,18.9,17.75,38282.67
2021-07-27,28.0,15.1,20.3,47,32,1014.4,0.3,2.0,24.5,16.27,37278.69
2021-07-28,15.4,8.9,11.7,91,86,1018.4,17.8,17.0,18.9,2.29,0.0
2021-07-29,12.3,2.8,6.6,72,1,1024.8,0.0,0.0,19.5,18.29,38359.14
2021-07-30,11.8,1.4,6.2,82,44,1028.9,0.0,0.0,18.3,17.88,38384.72
2021-07-31,16.6,4.4,9.7,84,76,1029.9,0.0,0.0,19.8,16.91,38016.74
2021-08-01,16.5,7.1,11.4,88,84,1029.4,0.0,0.0,17.2,11.76,30658.76
2021-08-02,18.7,9.8,13.0,88,67,1026.0,0.0,0.0,12.4,13.7,26308.82
2021-08-03,16.5,10.0,12.9,87,90,1026.2,1.2,7.0,20.4,13.18,38228.74
2021-08-04,17.2,10.2,12.7,84,93,1028.2,0.0,0.0,17.8,13.4,30607.31
2021-08-05,20.7,9.3,13.7,84,93,1028.8,0.0,0.0,22.0,16.74,29544.57
2021-08-06,22.3,11.5,15.3,86,78,1028.1,0.0,0.0,19.8,14.17,33010.45
2021-08-07,22.2,11.8,16.1,81,53,1024.7,0.0,0.0,13.7,15.0,37623.55
2021-08-08,23.4,11.6,16.8,71,28,1022.6,0.0,0.0,13.5,16.28,38400.22
2021-08-09,25.5,10.9,18.0,62,15,1021.4,0.0,0.0,12.6,17.14,38636.93
2021-08-10,26.7,10.4,18.6,54,49,1018.6,0.0,0.0,14.2,19.08,38827.97
2021-08-11,19.8,11.8,15.2,79,74,1021.3,0.0,0.0,21.8,14.02,21911.72
2021-08-12,15.7,13.0,14.0,88,99,1023.6,0.0,0.0,21.6,5.88,1056.09
2021-08-13,17.7,12.6,14.7,89,99,1023.4,0.6,6.0,23.3,5.43,446.06
2021-08-14,19.3,12.2,15.0,86,84,1022.4,3.2,4.0,14.7,10.29,30446.47
2021-08-15,26.0,13.2,17.6,81,67,1019.0,0.0,0.0,17.6,15.89,35179.47
2021-08-16,22.1,14.2,17.1,86,56,1018.3,0.6,3.0,19.2,13.93,35454.97
2021-08-17,28.3,12.9,19.9,69,8,1019.0,0.0,0.0,16.3,18.36,39344.61
2021-08-18,28.9,13.6,21.0,65,0,1020.0,0.0,0.0,13.3,19.6,39340.66
2021-08-19,29.5,13.7,21.3,55,0,1017.6,0.0,0.0,13.4,20.14,39594.62
2021-08-20,28.8,14.4,22.0,49,2,1017.0,0.0,0.0,14.5,20.13,39847.11
2021-08-21,28.1,14.0,20.8,54,6,1018.2,0.0,0.0,16.5,19.53,39840.19
2021-08-22,29.2,14.0,21.5,43,0,1015.5,0.0,0.0,17.0,20.55,40090.27
2021-08-23,29.9,13.0,22.2,40,3,1013.5,0.0,0.0,16.4,20.43,40339.06
2021-08-24,31.2,15.8,23.3,37,3,1012.3,0.0,0.0,14.1,20.52,40329.79
2021-08-25,32.1,16.0,24.4,36,24,1010.7,0.0,0.0,17.6,20.46,40320.03
2021-08-26,32.1,16.0,23.2,47,43,1012.4,0.0,0.0,25.2,19.74,40566.14
2021-08-27,18.8,14.8,16.4,84,99,1020.5,0.9,5.0,22.1,7.32,1565.64
2021-08-28,16.8,14.6,15.3,94,100,1023.9,23.0,18.0,20.8,4.22,1159.41
2021-08-29,18.1,14.5,15.8,93,99,1024.4,0.8,6.0,17.6,6.35,2746.92
2021-08-30,20.5,14.2,16.5,87,72,1023.2,2.8,7.0,23.6,14.07,38681.42
2021-08-31,22.2,12.9,16.2,83,26,1023.8,0.0,0.0,23.9,17.98,40510.1
2021-09-01,23.4,12.6,16.3,84,40,1022.7,0.0,0.0,22.3,20.8,36882.92
2021-09-02,25.7,12.5,17.9,78,42,1019.6,0.0,0.0,19.3,20.82,39978.46
2021-09-03,27.8,13.2,20.0,68,31,1016.2,0.0,0.0,13.8,20.75,40729.36
2021-09-04,28.0,14.2,18.7,81,31,1016.1,0.0,0.0,19.5,20.6,41734.56
2021-09-05,30.0,14.1,20.3,71,24,1014.4,0.0,0.0,26.0,19.21,39945.54
2021-09-06,25.3,16.1,19.1,84,54,1017.6,0.0,0.0,21.4,19.14,34613.0
2021-09-07,27.7,16.3,19.5,81,61,1017.2,0.0,0.0,22.4,19.29,32479.49
2021-09-08,33.2,15.4,23.8,62,55,1012.5,0.0,0.0,23.3,16.95,41932.84
2021-09-09,30.1,17.3,23.1,72,79,1013.2,0.2,2.0,19.1,15.58,28270.59
2021-09-10,24.3,18.2,20.7,81,83,1016.6,7.8,13.0,15.0,13.15,35507.66
2021-09-11,24.8,16.4,19.4,80,81,1019.0,0.1,1.0,16.4,14.73,25580.52
2021-09-12,28.2,14.9,20.2,82,35,1018.9,0.0,0.0,16.4,19.85,42367.12
2021-09-13,33.0,16.7,24.3,60,59,1014.0,0.0,0.0,20.0,20.46,42447.96
2021-09-14,33.2,19.7,25.5,50,79,1012.7,0.0,0.0,28.5,19.7,38049.34
2021-09-15,23.8,17.2,20.3,82,95,1019.2,0.3,3.0,22.9,12.82,27682.13
2021-09-16,20.4,15.7,17.6,88,100,1024.3,0.8,5.0,24.7,6.89,391.59
2021-09-17,23.6,15.4,17.6,87,90,1021.7,0.4,3.0,18.3,11.4,23470.5
2021-09-18,31.4,15.8,21.2,78,36,1016.1,0.2,1.0,18.4,21.48,41788.45
2021-09-19,29.3,16.1,21.2,83,32,1016.0,0.0,0.0,18.2,22.33,42935.96
2021-09-20,33.8,16.9,24.6,67,34,1014.5,0.0,0.0,20.0,21.46,43017.32
2021-09-21,33.8,14.8,21.7,70,63,1014.7,0.8,5.0,32.4,17.63,35980.8
2021-09-22,17.1,12.1,14.2,77,81,1020.9,0.8,8.0,25.2,7.77,1991.02
2021-09-23,20.4,10.3,14.1,74,25,1021.3,0.0,0.0,21.8,22.72,43157.55
2021-09-24,28.1,10.9,16.9,75,49,1018.7,0.0,0.0,22.4,23.43,40323.54
2021-09-25,25.3,12.7,17.8,81,71,1018.2,0.5,4.0,18.0,19.81,36659.76
2021-09-26,28.3,14.0,19.8,80,30,1018.1,1.2,4.0,11.9,20.02,40614.64
2021-09-27,28.3,14.8,20.9,70,33,1019.2,0.1,1.0,17.4,22.03,43200.0
2021-09-28,31.0,14.6,22.3,57,15,1016.2,0.0,0.0,21.4,23.93,43200.0
2021-09-29,28.7,16.7,20.9,63,56,1014.5,0.2,2.0,25.1,21.48,42608.31
2021-09-30,24.7,15.0,18.6,77,74,1016.4,0.0,0.0,21.4,18.52,41503.85
2021-10-01,23.3,15.3,19.9,80,68,1013.4,5.2,10.0,19.9,16.9,35892.85
2021-10-02,27.8,17.9,21.1,80,88,1013.0,0.7,5.0,19.5,17.38,36663.13
2021-10-03,27.5,17.9,21.9,79,88,1012.1,8.2,10.0,16.0,17.27,35022.24
2021-10-04,26.8,17.3,20.1,88,86,1013.7,30.2,15.0,16.7,15.91,27784.11
2021-10-05,18.2,15.4,16.7,90,100,1018.4,2.1,9.0,16.3,7.62,859.32
2021-10-06,28.2,15.3,19.6,85,67,1016.6,0.1,1.0,19.7,23.35,39600.0
2021-10-07,21.4,15.1,17.5,88,91,1016.3,1.9,10.0,20.3,10.05,11244.0
2021-10-08,21.5,14.0,16.4,84,94,1017.3,0.0,0.0,20.2,16.71,28339.64
2021-10-09,22.7,14.6,17.0,87,97,1017.2,5.4,10.0,23.4,15.44,25301.48
2021-10-10,19.3,14.7,16.5,90,100,1016.6,7.8,18.0,21.1,6.95,3753.68
2021-10-11,20.0,15.3,17.1,90,86,1017.0,6.0,18.0,20.3,9.52,10548.61
2021-10-12,23.8,14.3,17.7,87,66,1015.6,5.4,8.0,18.7,15.57,32281.1
2021-10-13,25.5,15.0,19.0,85,65,1013.8,0.7,5.0,18.8,22.74,39877.68
2021-10-14,27.7,15.7,21.3,77,94,1011.4,0.2,2.0,21.3,16.44,23823.38
2021-10-15,28.9,18.2,22.3,81,79,1012.9,12.3,8.0,21.4,21.04,33005.63
2021-10-16,27.4,16.6,20.8,83,91,1015.6,7.7,13.0,23.7,20.06,26947.82
2021-10-17,19.7,15.9,17.2,91,100,1018.3,1.0,8.0,20.8,7.97,0.0
2021-10-18,19.3,15.1,16.8,92,100,1017.4,13.4,19.0,21.0,11.48,8111.39
2021-10-19,16.0,11.5,14.6,93,100,1019.6,6.6,17.0,23.3,5.46,0.0
2021-10-20,17.0,11.7,13.8,86,82,1019.6,1.5,8.0,24.5,14.49,27982.84
2021-10-21,20.4,11.3,15.1,84,72,1017.8,0.1,1.0,19.2,21.15,39600.0
2021-10-22,24.6,11.4,16.5,82,40,1015.2,0.0,0.0,22.7,26.27,42765.43
2021-10-23,29.7,13.0,20.9,68,53,1009.9,0.0,0.0,21.8,27.13,40640.19
2021-10-24,23.1,14.9,18.6,84,100,1013.3,12.0,12.0,23.7,10.78,8782.99
2021-10-25,21.2,12.9,16.9,85,72,1020.1,0.1,1.0,22.7,16.17,29145.1
2021-10-26,24.2,14.1,18.2,89,77,1020.2,1.4,4.0,21.1,19.67,38885.05
2021-10-27,24.0,16.7,19.7,91,99,1021.2,5.1,17.0,21.2,13.32,15779.67
2021-10-28,23.8,17.2,19.9,90,100,1021.9,8.7,17.0,17.3,12.1,9175.72
2021-10-29,23.6,15.9,19.0,88,83,1019.8,0.9,3.0,20.7,20.65,39600.0
2021-10-30,23.9,16.4,19.1,87,97,1017.6,1.9,5.0,18.4,19.13,33226.62
2021-10-31,21.0,16.1,18.0,90,99,1017.1,9.5,12.0,16.9,8.49,423.15
2021-11-01,22.6,16.3,18.6,89,90,1014.4,8.3,19.0,18.0,15.87,31514.86
2021-11-02,22.4,16.1,18.6,88,82,1014.5,1.3,9.0,23.9,20.96,37148.88
2021-11-03,24.0,16.2,19.1,84,79,1013.2,1.3,9.0,18.0,22.96,43200.0
2021-11-04,26.0,15.3,19.4,84,55,1012.3,0.2,2.0,17.8,27.28,41729.34
2021-11-05,25.0,14.8,18.9,85,45,1013.2,0.0,0.0,17.1,27.79,40556.02
2021-11-06,25.5,14.1,18.8,80,84,1013.6,0.0,0.0,15.5,28.94,43200.0
2021-11-07,24.3,14.5,18.2,82,44,1014.6,0.0,0.0,21.1,27.55,45420.68
2021-11-08,26.3,13.5,18.2,84,67,1014.9,0.2,1.0,22.7,27.63,45583.17
2021-11-09,21.9,15.2,18.0,88,96,1015.7,1.1,9.0,21.0,15.66,12710.59
2021-11-10,23.5,15.7,18.5,84,98,1016.6,0.1,1.0,26.3,18.98,31610.87
2021-11-11,19.1,14.6,16.6,89,100,1019.0,3.1,12.0,21.2,6.84,2705.75
2021-11-12,19.8,13.0,15.9,84,89,1020.0,0.4,4.0,26.2,17.63,28613.62
2021-11-13,20.4,9.9,14.7,79,43,1018.9,0.0,0.0,23.4,29.02,45710.36
2021-11-14,25.5,11.0,16.6,80,35,1017.5,0.0,0.0,23.1,28.9,45964.43
2021-11-15,25.9,12.9,18.5,78,71,1016.9,0.2,1.0,17.8,27.95,46328.23
2021-11-16,28.2,14.4,20.5,72,73,1016.1,0.0,0.0,18.5,29.82,46329.3
2021-11-17,30.2,15.3,22.5,63,48,1012.4,0.0,0.0,20.5,25.1,42728.96
2021-11-18,25.2,18.9,21.6,76,94,1010.7,12.3,14.0,20.0,13.13,17115.17
2021-11-19,22.3,16.9,19.7,91,100,1011.7,15.9,22.0,23.3,8.97,103.58
2021-11-20,21.0,13.6,17.5,88,87,1016.6,1.0,10.0,23.0,17.61,30758.77
2021-11-21,21.5,11.6,16.3,84,67,1016.9,0.1,1.0,17.3,25.74,47117.6
2021-11-22,26.5,13.0,18.4,81,69,1014.1,0.0,0.0,15.7,29.2,40297.37
2021-11-23,30.8,12.4,21.8,61,56,1013.6,0.0,0.0,20.8,30.69,46296.28
2021-11-24,25.3,16.5,19.7,83,93,1017.2,0.0,0.0,19.7,24.04,38827.74
2021-11-25,30.4,16.1,22.2,78,76,1014.1,0.9,2.0,16.5,26.17,38832.51
2021-11-26,24.8,19.9,21.6,76,82,1008.5,1.8,8.0,34.8,13.92,23810.05
2021-11-27,28.6,18.5,22.2,75,51,1006.2,1.5,7.0,23.0,26.58,46376.42
2021-11-28,30.3,16.2,21.9,79,43,1008.0,1.0,4.0,24.6,26.55,47345.31
2021-11-29,31.7,18.3,25.0,64,85,1006.6,0.0,0.0,23.7,27.86,44623.19
2021-11-30,27.6,18.8,22.1,81,76,1008.0,9.4,19.0,24.6,18.89,30495.84
2021-12-01,26.8,17.8,20.7,86,76,1011.0,5.1,16.0,19.8,23.3,32856.19
2021-12-02,25.6,15.9,19.5,86,78,1013.3,1.6,5.0,18.9,20.85,35849.6
2021-12-03,22.3,16.7,18.8,87,93,1014.5,1.9,10.0,23.6,17.95,32689.97
2021-12-04,25.0,15.3,19.3,83,61,1017.2,0.3,3.0,23.7,26.2,45592.3
2021-12-05,27.1,15.5,20.2,83,66,1016.6,0.9,5.0,21.0,27.16,45851.92
2021-12-06,24.8,16.9,19.3,85,78,1015.4,2.9,5.0,22.9,24.09,40942.39
2021-12-07,19.4,14.6,17.0,88,92,1016.5,10.2,14.0,31.4,16.19,26638.51
2021-12-08,19.8,14.6,16.6,86,85,1016.6,2.4,14.0,25.2,22.4,42591.55
2021-12-09,22.5,13.5,17.0,81,61,1015.9,0.5,5.0,21.1,23.16,42620.6
2021-12-10,25.2,13.3,17.5,82,46,1013.7,0.0,0.0,24.1,29.81,43941.44
2021-12-11,30.4,14.1,21.3,66,66,1009.7,0.0,0.0,20.0,31.61,46121.5
2021-12-12,31.9,18.2,23.6,67,77,1008.9,1.9,3.0,14.8,26.23,46922.5
2021-12-13,28.3,19.0,23.0,80,97,1011.7,7.4,7.0,14.8,16.3,19251.71
2021-12-14,26.2,19.9,22.5,86,100,1011.6,11.4,19.0,14.2,13.47,15967.64
2021-12-15,26.8,20.5,22.8,85,100,1010.7,6.8,17.0,15.1,12.09,1044.4
2021-12-16,27.6,20.3,22.7,86,90,1010.8,15.6,16.0,16.6,19.11,29037.94
2021-12-17,24.6,19.3,21.3,90,78,1013.7,13.6,17.0,21.4,16.9,32620.84
2021-12-18,24.1,17.2,20.3,87,68,1016.1,1.5,12.0,26.4,24.57,42209.27
2021-12-19,22.2,15.5,18.5,84,61,1016.4,0.6,6.0,22.4,23.44,47181.51
2021-12-20,25.2,14.4,19.1,83,40,1014.3,0.1,1.0,18.7,28.55,46063.31
2021-12-21,28.5,15.3,21.4,81,39,1010.8,0.0,0.0,17.9,28.87,46850.11
2021-12-22,30.3,16.7,22.3,80,81,1009.1,13.6,7.0,22.1,25.2,32881.45
2021-12-23,22.2,15.8,19.1,83,71,1012.0,7.9,12.0,27.8,22.94,41662.93
2021-12-24,21.9,14.8,18.2,84,63,1012.4,2.4,14.0,22.4,26.28,42580.89
2021-12-25,24.2,14.3,18.3,81,60,1013.2,0.1,1.0,18.5,26.18,42607.85
2021-12-26,28.7,13.9,21.2,73,14,1011.4,0.0,0.0,16.8,29.31,48407.36
2021-12-27,26.3,16.5,21.2,79,60,1011.7,14.8,9.0,22.2,24.75,46258.2
2021-12-28,26.9,16.4,21.3,81,61,1013.6,12.5,8.0,12.6,23.72,45728.69
2021-12-29,26.1,17.9,20.6,87,92,1015.7,5.3,4.0,20.1,24.95,37695.25
2021-12-30,24.2,17.1,19.4,91,100,1013.1,26.4,12.0,14.9,13.54,13687.45
2021-12-31,24.4,17.4,20.0,89,85,1008.9,29.1,17.0,19.5,14.23,23484.68
2022-01-01,24.7,17.4,20.8,86,82,1010.2,15.8,15.0,24.8,19.97,30877.68
2022-01-02,26.7,19.5,22.0,84,85,1011.9,11.3,11.0,13.4,21.09,35997.19
2022-01-03,27.1,18.9,21.9,88,80,1011.2,19.4,11.0,18.3,20.5,30395.26
2022-01-04,25.6,19.2,22.2,86,95,1008.6,18.7,14.0,23.9,21.73,37307.7
2022-01-05,25.7,20.2,21.9,87,99,1007.2,7.3,14.0,24.1,13.22,19218.51
2022-01-06,26.4,19.0,20.9,90,90,1009.5,12.7,21.0,23.1,17.55,21790.58
2022-01-07,22.6,17.9,19.3,92,99,1012.5,9.4,22.0,24.0,15.46,16533.98
2022-01-08,21.8,16.6,18.7,91,98,1013.9,3.2,11.0,26.3,13.99,12741.22
2022-01-09,20.2,15.7,18.0,91,99,1014.7,1.8,10.0,23.4,10.71,5171.13
2022-01-10,23.7,15.6,19.2,88,100,1011.7,1.5,8.0,13.7,12.82,9701.31
2022-01-11,24.7,17.9,20.4,88,98,1011.5,7.5,13.0,12.8,15.77,18027.85
2022-01-12,25.5,17.0,21.0,88,81,1013.9,6.0,11.0,14.8,21.99,39486.99
2022-01-13,27.9,18.3,21.8,89,92,1017.7,12.4,12.0,21.7,20.52,25590.61
2022-01-14,26.9,19.8,22.5,90,100,1020.2,5.7,5.0,12.9,19.08,28224.4
2022-01-15,27.7,20.2,22.7,89,98,1019.0,8.0,8.0,11.4,18.38,19549.04
2022-01-16,26.9,18.7,22.5,82,49,1015.4,7.2,6.0,16.8,24.1,42859.12
2022-01-17,28.5,18.4,22.9,78,45,1014.5,0.2,1.0,15.8,28.36,46455.43
2022-01-18,30.0,18.7,23.3,79,38,1016.0,23.8,8.0,13.4,27.39,43904.93
2022-01-19,30.8,18.2,23.5,80,51,1017.3,0.7,4.0,12.7,28.67,46443.72
2022-01-20,29.6,19.9,23.3,81,59,1016.6,0.7,2.0,13.7,27.19,42703.53
2022-01-21,28.0,18.9,22.5,82,47,1015.5,0.2,2.0,17.4,29.17,43503.17
2022-01-22,29.2,18.0,22.2,84,45,1014.9,0.1,1.0,19.2,27.8,37198.6
2022-01-23,30.8,19.5,23.8,82,82,1013.7,0.0,0.0,20.9,27.88,45241.92
2022-01-24,31.7,19.5,23.7,83,67,1013.0,2.2,5.0,21.8,27.87,46387.89
2022-01-25,30.1,19.1,23.6,82,64,1012.8,4.2,7.0,15.6,27.11,46372.06
2022-01-26,29.8,19.8,23.8,79,62,1011.7,1.2,5.0,21.7,24.98,46354.74
2022-01-27,29.8,19.8,23.7,75,66,1010.8,0.8,5.0,24.5,27.62,43200.0
2022-01-28,24.8,18.9,20.9,88,100,1010.6,10.4,16.0,19.7,11.33,1975.41
2022-01-29,21.7,18.2,19.6,92,100,1011.1,40.2,24.0,18.6,6.27,0.0
2022-01-30,23.1,19.0,20.4,90,100,1011.7,38.0,24.0,20.0,8.58,7200.0
2022-01-31,23.1,19.4,20.6,90,100,1011.5,20.0,22.0,28.5,8.26,4363.28
2022-02-01,24.9,19.2,21.3,87,91,1013.5,10.4,14.0,19.3,17.68,35230.88
2022-02-02,26.2,18.7,21.0,89,100,1015.8,8.9,9.0,12.4,15.31,22976.67
2022-02-03,26.5,18.8,21.6,87,96,1015.0,12.2,7.0,14.0,21.2,38562.65
2022-02-04,27.6,19.1,22.6,82,87,1012.8,5.0,6.0,21.2,20.94,31977.45
2022-02-05,26.9,20.2,23.3,82,92,1011.1,2.1,7.0,23.7,21.21,37983.9
2022-02-06,26.8,20.4,22.7,85,100,1011.7,7.8,12.0,23.7,22.55,39600.0
2022-02-07,22.9,18.4,20.5,91,95,1013.3,5.7,17.0,23.2,12.68,19881.94
2022-02-08,23.7,17.1,20.0,86,71,1013.8,1.7,9.0,21.7,19.65,37512.0
2022-02-09,23.7,15.1,19.1,83,34,1014.1,0.0,0.0,21.1,23.85,45000.39
2022-02-10,25.2,14.3,19.2,84,65,1014.2,0.1,1.0,22.5,25.92,45945.54
2022-02-11,24.5,15.1,19.5,85,44,1014.4,2.3,5.0,23.7,22.03,39706.93
2022-02-12,25.0,16.7,20.0,87,78,1014.4,2.4,9.0,20.6,20.85,37057.15
2022-02-13,27.7,17.0,21.3,84,52,1012.6,0.5,5.0,19.0,23.22,32692.06
2022-02-14,29.7,18.9,22.9,80,54,1011.9,0.5,1.0,16.3,27.17,41126.04
2022-02-15,26.5,18.8,21.2,87,70,1015.2,5.2,8.0,18.2,22.6,36886.27
2022-02-16,26.3,15.6,20.4,84,53,1016.1,0.3,1.0,19.2,23.89,43637.79
2022-02-17,25.9,17.0,19.9,87,70,1013.8,17.5,11.0,15.6,23.0,44777.25
2022-02-18,24.6,16.9,19.4,88,87,1011.3,6.6,12.0,18.1,20.52,29470.71
2022-02-19,26.5,16.2,20.1,86,78,1012.1,2.8,3.0,20.5,24.15,43174.96
2022-02-20,26.9,17.8,21.7,79,42,1014.5,2.4,3.0,14.3,26.15,43474.74
2022-02-21,28.3,17.0,22.7,76,12,1015.7,0.1,1.0,13.2,26.54,45272.74
2022-02-22,29.6,16.9,23.0,76,8,1015.3,0.0,0.0,17.6,27.31,45316.44
2022-02-23,29.8,18.5,22.7,81,45,1014.1,10.0,6.0,21.0,25.15,43727.49
2022-02-24,28.3,18.3,22.0,85,42,1016.1,0.8,5.0,19.3,26.0,41740.43
2022-02-25,28.9,18.1,22.5,83,67,1017.8,0.0,0.0,16.0,26.85,39983.52
2022-02-26,28.4,17.4,21.7,81,59,1017.7,0.0,0.0,19.6,27.21,38123.71
2022-02-27,28.5,18.7,22.6,84,54,1015.5,0.3,3.0,15.5,24.58,41493.37
2022-02-28,30.1,18.7,24.6,73,45,1013.3,0.0,0.0,16.3,25.71,43944.44
2022-03-01,31.1,19.8,24.2,73,84,1013.6,15.3,5.0,19.7,24.48,39265.35
2022-03-02,29.5,17.9,23.3,78,34,1014.4,0.5,2.0,17.1,25.34,43430.15
2022-03-03,29.6,18.2,23.5,78,78,1014.4,0.9,3.0,14.8,24.05,43174.35
2022-03-04,28.6,19.2,22.6,84,96,1015.4,5.7,3.0,12.5,20.01,26636.29
2022-03-05,29.7,19.0,23.4,80,44,1014.1,0.9,1.0,9.8,24.32,43420.28
2022-03-06,30.0,19.0,23.3,80,44,1013.8,6.2,3.0,15.0,24.85,42916.68
2022-03-07,29.6,18.9,23.9,78,36,1013.3,1.2,2.0,9.4,24.22,43167.65
2022-03-08,29.6,19.9,23.7,79,64,1014.2,0.0,0.0,22.7,25.02,42917.54
2022-03-09,29.2,19.3,23.1,83,64,1014.9,1.1,4.0,16.1,23.75,37163.87
2022-03-10,30.5,18.7,24.1,73,73,1013.3,1.0,4.0,15.1,22.88,39349.58
2022-03-11,28.2,20.2,23.2,77,86,1012.7,2.2,7.0,20.0,15.65,24534.01
2022-03-12,25.3,19.8,21.5,87,100,1014.3,22.5,20.0,16.3,13.57,17251.64
2022-03-13,27.0,19.3,21.9,86,98,1015.2,1.7,10.0,15.2,17.58,24452.64
2022-03-14,25.9,19.4,21.5,89,99,1013.1,13.0,14.0,13.9,14.58,23567.39
2022-03-15,24.3,19.7,21.2,91,100,1013.5,18.6,15.0,14.7,12.96,20679.2
2022-03-16,27.9,18.9,22.2,87,77,1014.1,14.5,12.0,20.2,18.9,36493.62
2022-03-17,28.7,19.9,23.5,82,72,1014.6,1.7,4.0,24.5,20.88,39600.0
2022-03-18,29.0,19.5,23.9,79,43,1015.2,3.0,8.0,13.2,23.55,42423.1
2022-03-19,29.3,20.2,23.0,83,82,1014.8,23.3,12.0,19.3,20.15,38799.33
2022-03-20,21.4,16.9,19.0,90,100,1018.7,8.3,20.0,24.9,9.47,13393.66
2022-03-21,20.8,15.7,17.8,85,76,1020.9,0.2,2.0,23.7,11.92,21178.17
2022-03-22,24.4,14.1,18.1,82,18,1020.0,0.0,0.0,23.7,24.72,42328.28
2022-03-23,27.1,15.2,20.7,79,32,1016.8,0.4,3.0,17.6,22.58,42304.57
2022-03-24,28.7,17.6,23.0,73,28,1013.7,0.0,0.0,23.7,24.4,42280.83
2022-03-25,29.0,20.2,24.1,70,79,1011.7,0.1,1.0,24.3,22.65,41352.61
2022-03-26,27.9,20.6,23.1,81,78,1011.9,0.7,3.0,24.7,18.99,34694.22
2022-03-27,24.7,19.5,21.7,86,92,1015.0,18.2,16.0,11.5,11.44,19193.21
2022-03-28,24.6,18.5,20.5,90,94,1017.8,3.9,11.0,17.3,15.89,28800.0
2022-03-29,25.6,18.0,21.1,89,78,1016.1,0.7,3.0,14.6,17.65,31576.72
2022-03-30,28.4,17.9,22.6,81,73,1012.8,0.2,1.0,19.5,21.51,39600.0
2022-03-31,24.1,16.5,19.4,89,97,1016.4,3.6,13.0,31.3,12.24,12610.35
2022-04-01,19.7,16.1,17.4,91,100,1020.7,5.0,22.0,19.4,6.37,507.87
2022-04-02,21.3,16.8,18.5,91,98,1021.0,1.9,12.0,22.4,12.89,25741.94
2022-04-03,26.4,17.0,20.7,87,75,1018.8,1.3,4.0,23.3,16.67,39115.48
2022-04-04,28.8,18.7,23.0,81,85,1016.1,1.0,4.0,17.2,21.87,39585.46
2022-04-05,25.0,18.9,21.0,92,99,1017.0,4.8,12.0,18.3,12.07,26551.05
2022-04-06,25.2,17.5,19.8,87,83,1017.4,0.1,1.0,19.8,16.74,37075.0
2022-04-07,25.2,16.7,19.2,87,88,1016.8,0.1,1.0,20.6,18.93,35640.7
2022-04-08,28.8,16.8,21.4,83,90,1015.3,12.4,8.0,16.8,20.85,38214.67
2022-04-09,27.6,17.8,21.7,86,83,1014.3,1.2,5.0,18.3,20.43,38456.57
2022-04-10,25.5,17.9,20.2,87,90,1014.6,0.0,0.0,18.0,20.56,40593.97
2022-04-11,27.8,16.7,20.8,84,87,1014.0,0.0,0.0,16.8,20.02,35541.86
2022-04-12,27.7,18.0,21.8,83,89,1012.4,9.5,7.0,19.9,15.55,29187.42
2022-04-13,26.0,18.6,21.5,84,90,1012.2,1.8,5.0,19.1,15.0,31140.14
2022-04-14,24.5,16.4,19.3,88,95,1013.3,6.0,15.0,26.7,13.24,27016.59
2022-04-15,19.2,12.3,15.6,79,64,1016.9,0.9,5.0,21.2,18.05,40917.43
2022-04-16,20.0,11.7,15.3,82,52,1019.2,0.1,1.0,17.3,15.54,40881.88
2022-04-17,19.8,13.2,15.6,88,75,1020.2,0.8,8.0,17.9,12.69,30428.3
2022-04-18,22.1,11.6,15.9,86,52,1019.9,0.1,1.0,18.7,16.66,39253.9
2022-04-19,23.6,12.4,17.1,86,33,1019.1,0.0,0.0,18.5,18.93,40778.4
2022-04-20,23.6,15.2,17.8,87,61,1019.1,0.0,0.0,16.3,19.05,37844.08
2022-04-21,25.6,14.8,18.5,82,59,1016.1,0.0,0.0,13.0,20.18,38625.99
2022-04-22,26.7,13.3,19.1,75,40,1011.8,0.2,2.0,21.6,18.71,38870.94
2022-04-23,27.4,17.9,21.6,60,46,1010.9,0.0,0.0,42.7,18.49,38786.32
2022-04-24,25.4,14.3,19.2,83,31,1018.7,0.0,0.0,18.6,19.36,40360.52
2022-04-25,26.8,16.1,20.4,83,62,1019.1,0.0,0.0,19.3,18.77,36896.65
2022-04-26,28.4,16.4,21.4,78,41,1017.0,0.0,0.0,11.3,19.54,38387.47
2022-04-27,29.6,15.0,22.3,70,11,1015.9,0.0,0.0,16.2,19.31,38853.92
2022-04-28,29.6,16.5,23.1,59,6,1016.9,0.0,0.0,16.8,19.77,39987.6
2022-04-29,22.0,17.0,19.1,85,66,1020.0,13.6,12.0,20.7,8.15,14539.23
2022-04-30,20.3,17.3,18.5,90,100,1019.9,1.6,8.0,17.5,4.88,2866.04
2022-05-01,26.8,17.2,21.4,73,56,1015.6,0.6,3.0,21.1,16.29,33977.24
2022-05-02,27.9,16.0,20.9,77,32,1015.9,0.3,2.0,20.0,17.59,38014.56
2022-05-03,28.5,16.2,22.0,69,42,1013.5,0.0,0.0,22.7,16.89,38054.52
2022-05-04,20.0,13.0,17.6,78,60,1012.3,6.7,9.0,30.1,7.91,16463.54
2022-05-05,18.1,10.7,14.5,84,57,1018.3,0.9,6.0,23.0,7.66,11069.28
2022-05-06,19.8,12.9,15.5,86,54,1022.5,0.2,2.0,17.5,13.53,36713.32
2022-05-07,17.7,11.5,14.7,88,90,1023.2,0.2,2.0,18.4,8.9,9616.2
2022-05-08,21.3,13.8,16.5,87,96,1022.0,0.3,3.0,20.1,11.4,26613.26
2022-05-09,22.5,13.8,16.9,87,64,1021.5,0.0,0.0,17.0,15.16,34878.98
2022-05-10,23.2,12.7,16.6,85,60,1018.7,0.0,0.0,14.2,17.52,33613.06
2022-05-11,24.2,13.5,18.3,80,68,1015.0,1.0,4.0,24.0,16.29,36000.0
2022-05-12,22.4,15.1,17.4,86,81,1017.0,2.8,11.0,18.5,12.38,29465.7
2022-05-13,22.6,14.4,17.2,85,64,1019.4,0.1,1.0,19.4,15.66,36464.19
2022-05-14,24.9,14.9,18.3,84,72,1018.0,0.0,0.0,17.7,17.05,37018.67
2022-05-15,23.0,15.9,18.6,84,62,1014.1,4.2,5.0,26.7,13.7,36342.18
2022-05-16,21.8,14.6,17.5,81,46,1015.3,0.3,2.0,23.7,16.26,36918.18
2022-05-17,16.8,9.4,13.7,66,24,1015.4,0.0,0.0,26.2,17.83,37337.88
2022-05-18,13.1,6.1,9.5,66,36,1014.5,0.0,0.0,41.4,15.39,36020.85
2022-05-19,15.1,7.0,10.3,78,47,1017.3,0.6,1.0,25.9,10.95,25781.13
2022-05-20,16.9,5.4,10.9,82,32,1021.6,0.0,0.0,11.5,13.73,33708.71
2022-05-21,19.9,9.1,12.9,81,46,1024.0,0.0,0.0,13.5,16.7,29931.86
2022-05-22,21.2,9.8,14.1,81,40,1022.9,0.0,0.0,12.8,16.65,33264.14
2022-05-23,23.0,9.4,15.3,76,49,1021.1,0.0,0.0,12.5,14.95,36329.85
2022-05-24,23.1,10.1,15.9,73,0,1022.1,0.0,0.0,11.4,17.15,36870.06
2022-05-25,23.5,10.0,16.4,65,0,1023.4,0.0,0.0,12.9,17.15,36896.18
2022-05-26,23.7,10.8,17.3,67,18,1023.2,0.0,0.0,14.7,16.35,36371.09
2022-05-27,24.3,12.7,17.7,66,56,1020.4,0.0,0.0,16.7,16.25,36365.43
2022-05-28,24.8,12.3,17.9,59,41,1017.5,0.0,0.0,14.8,16.08,36647.39
2022-05-29,25.8,14.0,19.4,53,20,1014.2,0.0,0.0,25.0,16.62,36711.29
2022-05-30,25.5,16.8,20.4,61,96,1012.9,2.6,3.0,23.6,11.85,31349.54
2022-05-31,17.7,14.9,16.1,93,100,1017.5,3.6,16.0,18.5,3.81,0.0
2022-06-01,22.9,15.3,17.8,91,99,1016.7,5.3,15.0,11.3,8.48,13480.62
2022-06-02,23.8,15.0,17.7,91,97,1015.8,2.4,7.0,20.0,12.08,29623.77
2022-06-03,17.3,14.0,15.1,92,98,1020.8,2.0,14.0,18.7,6.22,4683.95
2022-06-04,20.1,13.3,15.2,89,88,1022.8,1.0,9.0,20.4,11.4,29674.9
2022-06-05,21.1,12.7,16.0,86,58,1021.2,0.0,0.0,19.4,15.2,33168.52
2022-06-06,24.2,11.2,17.0,79,98,1017.2,0.0,0.0,16.7,14.98,36133.63
2022-06-07,23.7,13.5,17.6,79,92,1014.4,2.7,3.0,17.6,10.32,25200.0
2022-06-08,19.3,13.2,16.1,93,93,1016.1,6.9,13.0,12.8,7.21,16627.97
2022-06-09,20.7,12.3,16.0,89,100,1018.0,0.2,2.0,10.3,9.68,20216.77
2022-06-10,20.6,14.9,17.2,90,94,1016.7,10.2,11.0,23.0,10.23,33832.27
2022-06-11,18.6,12.1,14.6,89,92,1018.9,1.2,7.0,14.5,10.73,29280.92
2022-06-12,17.4,8.3,11.9,78,99,1019.8,0.0,0.0,13.0,14.27,33017.42
2022-06-13,16.4,8.5,11.3,71,70,1023.3,0.0,0.0,18.0,15.99,36410.52
2022-06-14,17.5,9.5,12.5,90,75,1023.5,0.0,0.0,17.7,12.97,29207.93
2022-06-15,19.4,10.5,13.8,85,72,1021.9,0.3,1.0,13.2,13.86,28925.43
2022-06-16,23.2,9.4,15.4,77,12,1018.8,0.0,0.0,9.2,15.54,36400.67
2022-06-17,23.8,8.7,16.9,63,32,1013.7,0.0,0.0,23.5,15.96,36396.06
2022-06-18,19.0,13.1,15.6,84,99,1018.1,9.2,16.0,22.7,6.49,8399.29
2022-06-19,19.8,12.4,14.4,88,85,1022.3,0.6,5.0,17.7,10.79,26159.16
2022-06-20,20.4,12.2,15.0,90,74,1021.1,8.3,11.0,17.3,8.42,11545.98
2022-06-21,24.6,12.2,17.2,82,44,1018.8,0.0,0.0,14.7,14.19,36372.02
2022-06-22,24.5,14.9,18.7,65,30,1017.2,0.0,0.0,19.9,15.45,36644.34
2022-06-23,25.4,14.1,18.7,61,0,1018.5,0.0,0.0,18.4,15.8,36636.63
2022-06-24,24.5,11.3,17.4,71,29,1019.7,0.0,0.0,8.5,15.73,36628.49
2022-06-25,21.2,12.1,15.4,91,98,1021.8,0.5,4.0,22.0,12.36,26589.37
2022-06-26,17.3,12.8,14.4,90,100,1022.9,0.5,4.0,17.1,8.32,21244.95
2022-06-27,19.6,12.0,14.3,86,79,1021.9,0.0,0.0,18.6,10.84,27769.68
2022-06-28,23.0,8.2,15.3,79,10,1019.1,0.0,0.0,16.5,15.8,36871.7
2022-06-29,23.2,13.3,17.4,71,12,1016.4,0.0,0.0,37.0,15.02,36861.88
2022-06-30,21.5,11.2,15.5,76,41,1019.3,0.0,0.0,14.0,15.56,30070.46
2022-07-01,22.5,8.3,14.2,78,23,1019.9,0.0,0.0,13.1,15.33,35874.89
2022-07-02,25.8,11.9,17.7,69,0,1020.2,0.0,0.0,21.3,16.01,37109.68
2022-07-03,25.4,10.3,17.6,70,0,1023.1,0.0,0.0,12.1,16.02,37098.35
2022-07-04,24.9,11.3,17.6,66,0,1021.9,0.0,0.0,11.4,16.23,37364.83
2022-07-05,23.8,11.7,16.8,61,8,1020.4,0.0,0.0,17.4,16.47,37352.27
2022-07-06,24.1,10.6,16.4,63,71,1019.5,0.0,0.0,13.4,15.65,36783.37
2022-07-07,24.1,12.8,17.9,57,70,1019.9,0.0,0.0,20.3,15.88,37325.68
2022-07-08,23.7,10.1,16.9,67,33,1023.4,0.0,0.0,11.3,15.78,36479.53
2022-07-09,22.3,11.2,15.9,80,48,1023.9,0.0,0.0,15.8,16.12,37297.46
2022-07-10,24.1,11.4,16.8,71,70,1020.5,0.0,0.0,18.8,16.25,37559.65
2022-07-11,23.9,13.0,18.2,58,76,1016.0,0.0,0.0,23.7,16.21,37544.43
2022-07-12,25.2,15.6,19.3,58,86,1016.5,0.2,2.0,28.0,13.8,36976.44
2022-07-13,17.4,13.9,15.3,92,100,1022.5,1.0,8.0,18.7,5.77,629.3
2022-07-14,24.2,14.7,18.3,76,80,1019.9,0.0,0.0,23.1,14.52,33897.22
2022-07-15,26.1,14.3,19.3,59,68,1016.2,0.0,0.0,24.9,16.09,36930.68
2022-07-16,26.4,15.0,20.2,57,89,1014.8,0.0,0.0,25.5,15.8,35283.05
2022-07-17,27.5,15.5,19.6,67,94,1019.5,0.0,0.0,27.2,14.54,32400.0
2022-07-18,23.7,14.7,17.3,89,98,1024.1,0.0,0.0,17.7,10.94,23485.53
2022-07-19,25.4,15.9,19.2,83,63,1023.1,0.0,0.0,16.2,15.63,33815.93
2022-07-20,22.2,15.3,17.4,85,72,1022.7,0.3,3.0,16.9,12.04,27433.18
2022-07-21,24.6,14.7,18.1,79,55,1020.1,0.0,0.0,14.4,16.29,35670.28
2022-07-22,25.4,11.9,17.5,72,62,1019.0,0.0,0.0,9.4,16.4,35458.79
2022-07-23,25.3,11.7,18.1,61,40,1018.9,0.0,0.0,11.6,17.2,38167.11
2022-07-24,25.2,11.4,17.8,67,52,1020.2,0.0,0.0,13.5,16.98,38223.24
2022-07-25,25.3,11.6,17.7,71,55,1020.9,0.0,0.0,13.2,17.38,38249.1
2022-07-26,24.1,11.1,16.6,80,33,1021.7,0.0,0.0,18.8,17.37,38275.09
2022-07-27,25.5,13.5,17.7,80,52,1020.1,0.0,0.0,14.8,16.31,38301.17
2022-07-28,25.9,12.3,18.9,60,75,1014.5,0.0,0.0,23.2,17.23,38327.31
2022-07-29,21.1,12.1,16.9,69,83,1013.5,7.0,6.0,27.6,7.56,18870.86
2022-07-30,17.3,8.8,12.6,84,48,1019.6,0.1,1.0,14.3,16.78,38379.63
2022-07-31,20.6,8.8,12.8,85,54,1021.1,0.0,0.0,16.5,16.65,35038.22
2022-08-01,25.7,9.4,16.4,77,50,1018.5,0.0,0.0,21.0,16.65,34251.6
2022-08-02,25.2,11.6,17.5,77,9,1018.7,0.0,0.0,14.3,17.32,38457.73
2022-08-03,24.4,11.2,16.7,79,0,1018.8,0.0,0.0,17.7,17.96,38483.54
2022-08-04,27.7,12.2,19.4,65,70,1014.5,0.0,0.0,21.4,16.02,36773.14
2022-08-05,27.5,13.8,19.0,63,71,1014.9,0.5,3.0,25.6,12.33,27634.06
2022-08-06,20.3,12.0,15.3,85,99,1018.9,0.0,0.0,19.5,11.21,29430.67
2022-08-07,20.2,14.6,16.9,84,97,1017.0,1.6,3.0,17.4,6.74,4479.63
2022-08-08,20.6,15.7,17.2,86,100,1018.0,15.6,13.0,20.2,7.32,1590.38
2022-08-09,21.6,14.9,17.1,88,100,1018.7,6.0,14.0,17.2,7.79,6182.62
2022-08-10,16.6,10.2,14.4,78,77,1014.7,6.8,11.0,39.1,13.89,24257.96
2022-08-11,16.2,10.7,12.7,86,84,1022.1,1.9,12.0,26.1,13.07,28959.95
2022-08-12,19.2,11.3,13.8,83,55,1024.5,0.0,0.0,20.7,15.93,38705.19
2022-08-13,23.8,10.3,15.4,78,26,1023.3,0.0,0.0,18.2,19.27,38728.47
2022-08-14,24.0,9.9,16.4,73,1,1020.3,0.0,0.0,14.2,19.28,39094.4
2022-08-15,25.8,12.8,18.5,58,0,1015.7,0.0,0.0,19.9,19.67,39352.76
2022-08-16,28.3,14.3,20.4,55,64,1013.9,0.0,0.0,26.0,16.47,36269.33
2022-08-17,22.0,13.5,17.3,78,91,1015.4,0.0,0.0,19.6,6.61,1277.94
2022-08-18,28.8,16.4,20.7,60,84,1013.0,0.0,0.0,35.3,15.35,33576.59
2022-08-19,16.9,8.4,10.8,85,100,1027.5,4.2,13.0,25.3,3.55,0.0
2022-08-20,13.9,8.5,10.7,80,88,1029.8,0.1,1.0,26.4,8.13,2297.44
2022-08-21,18.1,8.5,12.1,82,44,1027.2,0.0,0.0,23.5,14.76,36145.23
2022-08-22,19.6,8.8,13.0,84,27,1025.1,0.0,0.0,18.4,16.71,36689.12
2022-08-23,21.8,9.6,14.1,87,71,1024.5,0.0,0.0,18.7,18.23,31749.93
2022-08-24,23.9,12.2,16.3,86,90,1023.3,0.0,0.0,19.5,17.8,34670.74
2022-08-25,25.1,13.1,17.9,79,63,1021.9,0.0,0.0,15.9,15.35,29339.27
2022-08-26,25.9,13.2,19.0,68,47,1020.4,0.0,0.0,19.6,13.8,30147.93
2022-08-27,27.5,13.2,20.0,60,14,1017.6,0.0,0.0,12.9,19.85,40559.93
2022-08-28,28.6,13.4,18.3,70,50,1019.7,0.6,5.0,25.9,18.49,37333.62
2022-08-29,15.0,9.9,12.3,82,100,1027.4,0.5,5.0,28.8,7.71,982.03
2022-08-30,16.7,9.5,12.2,81,93,1027.5,0.6,5.0,25.6,13.26,33351.09
2022-08-31,20.7,10.0,13.5,76,37,1024.6,0.0,0.0,22.4,21.16,37957.02
2022-09-01,24.9,7.8,16.1,61,0,1019.6,0.0,0.0,12.7,21.85,41480.12
2022-09-02,28.3,12.2,19.4,48,21,1017.2,0.0,0.0,19.2,21.57,40242.52
2022-09-03,21.5,11.8,15.6,77,49,1019.8,4.1,7.0,24.5,17.42,31126.52
2022-09-04,14.6,9.9,12.1,84,99,1025.1,16.7,3.0,21.9,7.42,381.25
2022-09-05,20.0,11.6,14.3,83,93,1025.5,0.6,3.0,24.9,16.61,27051.26
2022-09-06,22.6,12.5,15.7,86,94,1024.8,0.7,3.0,24.4,13.17,23268.6
2022-09-07,20.9,13.6,16.1,84,76,1019.9,19.7,14.0,25.1,6.88,15439.38
2022-09-08,28.6,12.9,20.6,60,56,1015.4,0.0,0.0,18.2,19.24,39152.95
2022-09-09,31.3,16.5,23.3,54,43,1014.8,0.0,0.0,19.4,21.41,41920.49
2022-09-10,30.0,13.8,20.4,66,40,1016.6,0.0,0.0,23.9,20.13,35953.08
2022-09-11,16.9,11.1,13.5,85,100,1021.2,0.0,0.0,18.4,10.79,8385.47
2022-09-12,23.4,12.3,16.8,83,82,1017.1,0.2,1.0,26.3,18.28,36009.65
2022-09-13,28.2,14.0,19.6,80,60,1013.4,2.6,6.0,23.5,15.08,33939.26
2022-09-14,18.5,14.4,16.3,94,100,1017.7,4.9,14.0,16.7,4.29,0.0
2022-09-15,16.8,13.7,14.9,91,100,1020.6,6.0,13.0,20.3,6.81,1821.36
2022-09-16,16.1,12.1,13.9,91,99,1022.3,1.4,10.0,22.6,7.87,191.0
2022-09-17,17.1,10.4,12.9,82,63,1023.1,0.3,3.0,23.4,18.42,37899.91
2022-09-18,20.7,8.1,13.2,82,15,1020.4,0.0,0.0,21.2,24.02,42834.98
2022-09-19,24.3,9.9,15.3,85,72,1016.3,0.0,0.0,18.6,22.98,41346.71
2022-09-20,25.9,12.6,18.4,84,67,1013.1,4.7,8.0,23.1,19.68,37330.53
2022-09-21,25.0,13.0,17.1,87,80,1013.3,7.2,7.0,18.3,15.65,32728.1
2022-09-22,23.1,14.5,18.4,88,87,1011.2,8.6,15.0,19.5,10.62,17007.51
2022-09-23,20.6,9.7,15.0,73,13,1016.1,0.0,0.0,20.4,24.39,43155.72
2022-09-24,18.3,7.3,12.2,80,4,1020.9,0.0,0.0,18.3,24.72,43175.51
2022-09-25,20.9,9.2,14.2,86,72,1019.5,0.0,0.0,22.4,22.9,39595.36
2022-09-26,19.0,13.4,16.0,92,100,1019.0,10.5,12.0,13.0,6.22,557.28
2022-09-27,25.0,14.7,18.0,84,100,1017.4,15.0,12.0,20.4,15.87,21298.81
2022-09-28,17.5,12.9,14.7,94,100,1020.1,16.5,19.0,22.4,4.07,0.0
2022-09-29,16.7,12.6,14.1,90,100,1021.9,4.0,10.0,21.9,9.49,4828.16
2022-09-30,18.1,12.9,15.0,89,100,1021.3,10.0,12.0,24.7,7.63,3493.49
2022-10-01,23.2,14.3,17.3,90,90,1018.8,2.8,9.0,16.9,14.49,24904.53
2022-10-02,20.9,13.3,16.4,88,77,1018.9,0.0,0.0,16.4,15.56,32748.0
2022-10-03,23.1,12.5,16.6,87,87,1016.8,8.2,5.0,18.3,18.31,31224.7
2022-10-04,19.9,15.3,16.9,91,97,1015.4,0.9,7.0,17.7,13.93,17592.46
2022-10-05,24.2,14.9,17.7,89,77,1016.5,0.1,1.0,18.5,21.97,35063.72
2022-10-06,29.5,14.8,21.2,80,97,1012.9,9.4,8.0,20.9,21.41,34491.05
2022-10-07,23.2,16.6,19.8,80,97,1010.9,5.2,14.0,37.7,13.36,24051.99
2022-10-08,25.3,13.7,18.7,68,94,1013.6,0.0,0.0,11.3,23.88,42044.87
2022-10-09,28.1,12.4,19.1,78,91,1015.8,5.8,9.0,20.0,18.65,32453.09
2022-10-10,20.4,15.8,17.9,92,100,1021.1,6.2,10.0,12.0,7.5,0.0
2022-10-11,26.9,16.7,20.4,87,98,1018.7,4.3,2.0,18.7,15.7,22023.97
2022-10-12,24.8,17.3,20.5,85,99,1017.4,0.6,1.0,16.1,20.78,33579.85
2022-10-13,29.8,16.9,21.1,79,83,1017.8,0.0,0.0,25.3,22.19,42876.65
2022-10-14,24.1,16.5,18.9,89,94,1021.3,0.4,3.0,30.0,19.47,28049.78
2022-10-15,21.4,16.3,18.5,90,99,1023.2,2.1,10.0,22.2,14.17,16903.3
2022-10-16,25.3,15.3,19.0,87,74,1017.9,18.0,5.0,23.5,20.83,36642.3
2022-10-17,24.7,16.1,19.0,89,88,1016.8,0.4,3.0,18.0,21.47,32511.92
2022-10-18,20.5,16.5,18.0,92,100,1019.9,3.3,10.0,17.3,9.57,0.0
2022-10-19,24.6,16.6,19.6,86,76,1017.6,5.7,10.0,17.8,13.73,18000.0
2022-10-20,28.2,15.5,21.7,76,69,1013.1,1.0,2.0,15.2,24.7,43661.36
2022-10-21,24.9,19.0,21.0,79,82,1010.1,3.2,7.0,31.1,13.51,21600.0
2022-10-22,26.1,15.6,19.4,83,70,1014.6,9.0,8.0,26.6,23.71,32831.64
2022-10-23,24.7,14.1,17.8,85,60,1018.1,0.4,2.0,20.9,25.41,38020.77
2022-10-24,23.2,14.8,18.4,87,76,1017.1,2.7,9.0,21.8,21.56,41043.47
2022-10-25,23.7,14.2,18.1,83,63,1017.4,0.0,0.0,19.8,24.97,43200.0
2022-10-26,28.2,14.0,19.5,81,32,1014.6,0.0,0.0,17.2,27.78,43200.0
2022-10-27,31.8,15.6,23.2,67,65,1012.0,0.0,0.0,21.7,26.17,41005.52
2022-10-28,25.1,17.9,21.1,82,77,1014.3,29.5,14.0,14.9,20.75,43200.0
2022-10-29,29.6,16.8,22.0,77,81,1012.6,7.8,5.0,29.4,23.7,33446.07
2022-10-30,28.6,17.1,22.3,78,56,1009.3,5.0,5.0,26.7,24.99,42447.9
2022-10-31,24.5,18.0,21.0,84,98,1010.8,20.4,18.0,28.5,12.41,15883.33
2022-11-01,17.6,12.9,15.6,90,100,1019.5,4.3,19.0,29.4,8.01,39.23
2022-11-02,14.2,11.7,12.6,91,100,1024.3,5.7,24.0,28.1,4.99,0.0
2022-11-03,15.7,10.4,12.6,86,80,1023.9,2.0,9.0,24.0,14.25,15821.02
2022-11-04,17.8,8.8,13.1,78,30,1021.5,0.0,0.0,21.1,24.05,45448.86
2022-11-05,18.1,10.7,14.0,83,58,1020.7,0.9,6.0,21.3,21.04,43093.96
2022-11-06,18.3,10.5,14.1,83,59,1020.9,0.3,3.0,21.3,18.26,32225.69
2022-11-07,18.8,11.4,14.7,84,66,1019.7,1.7,11.0,20.9,20.78,43594.8
2022-11-08,21.6,10.6,15.0,82,58,1018.6,0.0,0.0,24.1,28.76,39600.0
2022-11-09,26.9,11.7,17.4,81,28,1016.1,0.2,2.0,25.0,26.46,45604.78
2022-11-10,26.7,14.6,19.1,85,75,1016.1,0.3,2.0,21.7,25.36,41268.11
2022-11-11,27.0,15.7,19.5,88,90,1015.3,8.1,8.0,17.4,21.65,23914.6
2022-11-12,24.8,16.9,19.7,87,77,1013.8,1.5,11.0,21.4,25.06,40350.02
2022-11-13,29.5,16.2,21.2,82,69,1012.6,0.0,0.0,18.4,28.3,43286.14
2022-11-14,26.9,18.6,22.3,79,69,1011.1,7.5,7.0,27.9,22.82,43186.08
2022-11-15,26.4,16.1,20.5,73,33,1014.8,1.8,4.0,21.6,25.1,46066.19
2022-11-16,23.6,14.2,18.3,76,24,1017.7,0.0,0.0,24.5,24.6,46333.58
2022-11-17,23.5,12.1,17.5,74,11,1018.5,0.1,1.0,22.4,31.65,46333.78
2022-11-18,22.8,14.4,17.5,77,31,1018.0,0.3,3.0,22.3,30.73,44022.22
2022-11-19,25.4,12.9,17.8,77,37,1017.7,0.2,2.0,23.6,28.31,45819.49
2022-11-20,27.1,14.3,19.5,81,48,1016.5,0.9,3.0,16.9,24.15,45044.11
2022-11-21,28.0,15.7,21.1,77,67,1014.8,0.6,2.0,17.7,27.6,45844.07
2022-11-22,29.7,16.4,22.0,76,100,1013.7,3.1,9.0,19.6,20.65,29882.49
2022-11-23,27.9,17.1,21.5,80,94,1012.6,23.0,9.0,19.6,23.28,37038.99
2022-11-24,24.4,16.1,19.1,88,81,1013.1,6.4,16.0,22.0,23.67,37084.31
2022-11-25,20.7,14.1,17.3,87,65,1015.5,2.2,9.0,27.4,22.89,37842.26
2022-11-26,23.5,13.1,17.6,86,71,1014.9,4.0,6.0,16.2,25.68,36984.86
2022-11-27,25.2,14.4,18.5,88,59,1013.7,4.1,7.0,23.4,25.64,44298.56
2022-11-28,24.1,17.2,19.3,88,95,1009.3,22.6,12.0,22.2,16.24,28943.03
2022-11-29,24.6,17.1,19.4,89,96,1006.7,26.5,14.0,21.7,17.26,21353.02
2022-11-30,24.8,17.0,20.3,84,68,1006.7,2.4,7.0,19.0,20.57,36563.56
2022-12-01,27.3,16.8,21.5,81,60,1009.4,21.8,4.0,22.3,26.74,36032.32
2022-12-02,28.7,18.2,22.5,83,71,1012.3,17.9,6.0,14.0,26.31,44624.89
2022-12-03,27.3,19.9,22.3,84,97,1013.0,13.1,14.0,13.4,18.16,25071.29
2022-12-04,26.5,18.8,21.7,84,100,1012.1,14.7,11.0,17.9,17.56,14455.99
2022-12-05,24.5,19.9,21.4,86,100,1013.1,15.3,18.0,20.8,11.2,7313.19
2022-12-06,23.5,19.4,20.9,88,96,1014.7,25.0,15.0,24.6,14.19,23764.29
2022-12-07,24.7,18.3,20.9,90,79,1013.5,2.9,13.0,17.7,16.14,29050.79
2022-12-08,27.5,16.3,20.9,80,37,1011.0,0.1,1.0,12.2,30.24,42035.73
2022-12-09,29.7,14.6,21.9,74,24,1010.6,0.0,0.0,18.8,30.05,48285.23
2022-12-10,30.4,14.7,22.0,80,37,1011.8,0.0,0.0,18.2,28.4,47148.24
2022-12-11,29.6,19.1,23.9,79,60,1011.0,1.6,3.0,19.7,28.28,47522.7
2022-12-12,28.3,20.3,23.3,82,98,1008.1,2.6,6.0,31.6,21.37,30092.25
2022-12-13,21.8,16.3,19.6,90,98,1008.8,15.0,16.0,21.7,7.75,1673.32
2022-12-14,22.3,14.0,17.5,80,43,1013.9,0.0,0.0,18.2,25.46,47886.74
2022-12-15,25.0,13.0,18.3,82,18,1013.6,0.6,4.0,20.0,28.78,48392.88
2022-12-16,26.4,14.6,19.5,84,25,1009.8,2.5,8.0,19.8,26.96,48404.3
2022-12-17,23.7,15.5,18.7,84,69,1011.3,1.5,5.0,23.5,25.09,44290.56
2022-12-18,24.7,15.2,19.1,84,89,1014.5,1.2,5.0,25.0,24.2,40860.9
2022-12-19,21.3,15.9,18.3,88,98,1015.3,13.5,14.0,22.3,9.6,9372.33
2022-12-20,22.4,16.4,18.4,90,96,1012.5,28.6,22.0,22.5,13.09,11577.14
2022-12-21,20.5,15.7,17.5,91,92,1013.9,6.4,18.0,24.8,15.15,27991.65
2022-12-22,20.6,15.4,17.3,90,91,1015.5,3.2,12.0,23.0,16.18,25936.03
2022-12-23,23.5,14.6,18.2,84,66,1015.9,1.5,3.0,24.2,26.84,44368.48
2022-12-24,25.5,15.3,19.3,86,73,1015.8,2.2,4.0,18.9,24.95,38924.63
2022-12-25,26.2,16.8,20.2,87,94,1015.4,10.2,7.0,16.1,23.77,43193.08
2022-12-26,25.5,18.6,21.2,85,82,1013.7,12.6,18.0,20.0,17.87,26311.76
2022-12-27,25.7,17.7,21.2,85,64,1013.8,11.8,16.0,16.6,20.19,37518.51
2022-12-28,24.7,17.9,21.5,83,69,1012.4,3.1,7.0,29.2,22.76,44988.54
2022-12-29,24.2,18.6,20.6,88,94,1014.5,21.3,18.0,23.3,15.03,25233.98
2022-12-30,24.1,17.5,19.7,89,74,1016.7,5.3,13.0,20.4,18.96,31913.34
2022-12-31,25.5,17.1,20.7,87,51,1016.5,9.2,9.0,16.6,22.01,41196.7
2023-01-01,25.6,16.9,21.0,85,30,1015.7,5.7,10.0,17.9,25.26,46402.4
2023-01-02,27.1,17.1,21.8,81,59,1012.6,8.1,9.0,16.1,27.31,46123.81
2023-01-03,25.2,18.3,21.7,82,96,1010.7,3.3,7.0,24.0,18.41,32562.4
2023-01-04,25.6,16.9,20.7,84,100,1010.7,17.3,10.0,23.7,15.68,18467.33
2023-01-05,19.4,16.1,17.2,92,100,1014.4,16.1,23.0,22.0,6.48,0.0
2023-01-06,19.0,15.7,16.9,86,100,1018.2,1.8,9.0,21.2,11.78,7481.09
2023-01-07,19.8,15.0,17.1,87,98,1019.7,0.9,7.0,21.8,11.62,1811.49
2023-01-08,21.4,14.9,18.3,87,100,1018.3,0.3,3.0,20.7,11.82,8272.72
2023-01-09,22.9,17.4,19.2,90,100,1016.3,5.0,12.0,21.8,13.55,11330.71
2023-01-10,24.7,17.9,20.1,90,100,1015.3,16.5,8.0,17.9,11.38,7178.44
2023-01-11,24.8,17.0,20.7,86,94,1014.5,3.7,7.0,23.9,15.82,24725.76
2023-01-12,25.5,18.6,21.3,86,94,1012.3,5.1,8.0,24.0,17.63,27082.11
2023-01-13,25.6,18.6,21.8,84,97,1011.9,8.8,13.0,28.2,22.04,38320.84
2023-01-14,27.9,19.4,23.3,77,94,1013.2,1.4,5.0,31.1,24.49,45731.21
2023-01-15,29.1,20.0,23.9,78,98,1014.8,1.4,5.0,16.1,23.53,33609.7
2023-01-16,29.2,18.9,23.1,85,96,1014.7,14.0,10.0,14.4,24.93,40926.52
2023-01-17,28.5,20.1,22.9,86,60,1015.9,5.3,6.0,14.3,26.5,43088.42
2023-01-18,27.6,19.1,22.0,87,68,1017.4,7.6,8.0,17.4,24.21,44435.47
2023-01-19,27.1,18.4,21.4,87,79,1016.3,7.1,7.0,16.6,24.69,41809.22
2023-01-20,23.1,17.9,20.2,89,88,1013.5,19.4,11.0,15.3,14.74,23400.53
2023-01-21,25.7,15.9,21.0,84,83,1010.5,1.5,10.0,17.3,24.52,36007.08
2023-01-22,27.2,18.2,22.5,80,98,1009.7,3.2,8.0,19.5,24.69,42815.1
2023-01-23,27.7,18.2,22.0,83,74,1010.9,16.1,13.0,15.5,25.33,36397.04
2023-01-24,26.7,18.4,21.2,88,79,1011.2,2.4,10.0,17.9,19.82,36210.16
2023-01-25,26.8,18.4,21.6,84,49,1012.8,0.2,2.0,19.9,28.05,41626.96
2023-01-26,26.9,16.0,20.4,74,12,1013.8,0.0,0.0,22.4,31.36,46355.14
2023-01-27,27.1,15.0,20.4,81,45,1014.6,0.6,4.0,18.9,29.06,46336.88
2023-01-28,27.3,18.4,22.0,85,61,1015.5,6.2,9.0,17.0,23.75,46317.37
2023-01-29,27.0,18.0,22.0,84,54,1013.8,6.2,12.0,21.9,26.1,45952.93
2023-01-30,25.4,18.3,21.5,85,94,1012.9,9.6,15.0,21.1,19.38,32938.25
2023-01-31,26.8,18.8,22.4,81,100,1013.5,13.4,12.0,22.5,21.04,38288.95
2023-02-01,26.5,19.8,22.3,82,100,1014.5,8.9,13.0,14.5,14.27,8236.92
2023-02-02,27.7,19.0,22.7,81,89,1014.6,5.4,7.0,18.7,20.19,30627.43
2023-02-03,26.5,20.0,22.5,80,96,1013.5,0.8,3.0,24.6,15.41,22240.41
2023-02-04,26.9,19.5,22.0,83,100,1013.9,8.0,15.0,30.3,17.4,22858.47
2023-02-05,26.8,19.8,22.3,84,91,1014.1,1.9,12.0,25.7,19.67,36398.27
2023-02-06,27.1,18.6,21.7,86,55,1014.2,9.3,10.0,19.3,21.31,33639.24
2023-02-07,25.4,17.6,20.4,91,90,1015.1,26.0,16.0,12.9,14.03,15217.0
2023-02-08,25.3,17.8,20.7,88,62,1014.9,3.5,7.0,15.5,23.01,39937.4
2023-02-09,27.5,16.2,21.4,85,28,1014.8,1.9,6.0,15.3,25.77,45992.01
2023-02-10,27.5,18.5,21.7,85,88,1014.7,18.6,8.0,15.2,23.86,42253.45
2023-02-11,24.5,18.3,21.0,87,96,1015.0,5.2,18.0,15.0,13.66,14400.0
2023-02-12,26.0,17.3,21.1,87,93,1014.2,16.7,14.0,22.1,20.87,35777.31
2023-02-13,26.6,18.3,22.0,83,97,1013.9,2.2,7.0,19.3,19.02,41406.81
2023-02-14,27.0,18.3,22.6,81,72,1012.6,5.0,8.0,22.9,23.14,43200.0
2023-02-15,28.6,20.9,23.8,78,97,1009.7,2.3,4.0,26.8,22.55,34691.22
2023-02-16,26.9,20.7,22.8,81,95,1007.9,3.3,8.0,29.6,19.21,30357.65
2023-02-17,28.2,20.3,23.6,75,93,1009.0,0.4,2.0,33.2,22.18,31321.9
2023-02-18,24.1,18.0,20.9,88,100,1014.8,2.9,8.0,27.4,8.75,7678.57
2023-02-19,20.4,17.0,18.4,92,100,1018.6,43.4,20.0,25.4,7.27,0.0
2023-02-20,27.9,18.2,21.1,86,85,1016.4,18.9,8.0,14.8,19.54,30711.77
2023-02-21,26.4,16.8,21.2,85,79,1015.9,7.3,10.0,20.7,21.8,32544.78
2023-02-22,26.1,18.0,21.0,88,94,1018.5,2.9,4.0,15.3,17.27,32303.99
2023-02-23,26.8,18.7,21.1,90,97,1018.2,23.7,8.0,14.4,17.58,29066.71
2023-02-24,27.3,17.9,21.9,86,99,1014.7,5.2,4.0,20.3,23.07,36239.96
2023-02-25,27.8,19.1,23.1,82,88,1013.4,1.3,6.0,26.1,25.64,41470.32
2023-02-26,28.1,19.4,23.7,78,61,1015.7,0.6,4.0,21.9,24.59,42960.65
2023-02-27,26.3,19.6,22.0,88,93,1019.4,2.4,7.0,21.9,19.52,31696.81
2023-02-28,25.3,19.1,20.8,91,100,1020.1,15.9,13.0,14.2,13.1,20987.44
2023-03-01,26.9,17.8,21.4,87,77,1017.6,1.1,3.0,14.8,24.41,40111.85
2023-03-02,27.8,16.9,22.0,83,78,1015.3,0.0,0.0,15.2,24.9,39082.31
2023-03-03,28.4,19.0,22.8,83,81,1014.7,2.8,6.0,11.8,22.78,39214.46
2023-03-04,26.6,19.6,22.6,83,69,1014.9,10.4,11.0,18.1,18.44,38210.68
2023-03-05,25.4,18.8,21.5,84,68,1012.7,6.7,6.0,26.0,19.46,34680.8
2023-03-06,25.9,17.7,21.2,82,70,1011.9,10.8,13.0,22.7,21.67,39604.81
2023-03-07,26.5,17.8,21.9,77,41,1013.7,0.9,2.0,19.8,22.29,41654.67
2023-03-08,28.3,18.1,22.2,79,52,1015.2,9.3,2.0,14.4,24.0,43172.5
2023-03-09,28.0,18.8,22.4,82,73,1016.1,8.8,5.0,11.8,23.19,37947.3
2023-03-10,27.0,18.5,21.3,89,98,1016.0,23.9,9.0,18.1,17.67,27900.05
2023-03-11,24.3,18.6,20.6,90,100,1015.4,16.9,21.0,17.1,14.73,19848.55
2023-03-12,24.0,18.8,20.5,92,100,1016.0,12.1,21.0,13.2,10.21,3932.09
2023-03-13,25.7,18.8,20.8,90,99,1016.9,24.7,18.0,16.8,13.83,17626.42
2023-03-14,25.7,18.3,21.2,89,100,1017.3,12.7,9.0,14.5,15.61,19191.98
2023-03-15,25.8,18.0,21.0,87,96,1017.0,1.8,6.0,18.8,21.52,40907.56
2023-03-16,26.4,16.0,20.3,85,48,1016.5,0.3,2.0,21.3,24.88,42477.64
2023-03-17,25.6,15.2,19.8,84,21,1017.1,0.5,3.0,17.1,24.43,42453.1
2023-03-18,26.9,15.0,20.4,84,39,1017.0,0.0,0.0,16.1,24.41,42428.61
2023-03-19,28.1,18.6,22.1,84,54,1016.3,0.4,2.0,17.8,23.01,39600.0
2023-03-20,28.9,18.5,22.4,81,71,1015.7,0.8,3.0,13.8,22.33,41219.22
2023-03-21,27.5,15.5,21.1,83,42,1017.1,0.0,0.0,16.3,23.57,36056.93
2023-03-22,28.1,17.4,21.2,84,57,1019.2,0.0,0.0,19.2,23.94,36128.06
2023-03-23,28.0,17.4,21.5,83,77,1019.0,0.0,0.0,17.7,23.91,36036.86
2023-03-24,28.6,16.7,22.2,80,63,1016.9,0.5,2.0,14.1,22.59,37997.15
2023-03-25,28.5,17.6,22.2,83,50,1016.5,0.0,0.0,14.5,23.59,41532.55
2023-03-26,29.9,18.3,23.8,76,89,1015.1,1.2,4.0,20.0,22.63,39600.0
2023-03-27,23.8,18.1,20.5,87,97,1017.5,15.9,14.0,22.6,14.58,23606.76
2023-03-28,25.6,17.0,20.5,84,86,1017.5,0.4,2.0,19.0,16.36,33783.35
2023-03-29,28.5,18.5,21.9,84,65,1016.5,9.2,3.0,13.1,19.36,36027.3
2023-03-30,28.1,17.8,22.5,79,62,1016.2,0.2,2.0,16.1,21.55,37600.88
2023-03-31,27.4,18.1,21.7,84,81,1015.5,10.1,5.0,19.1,17.84,34342.34
2023-04-01,27.1,16.3,20.6,84,56,1014.5,0.3,2.0,19.1,21.35,36001.86
2023-04-02,21.5,15.9,18.2,84,66,1017.9,0.4,4.0,18.5,14.26,35003.37
2023-04-03,24.6,14.3,18.1,87,37,1017.3,0.2,2.0,16.6,20.94,39600.0
2023-04-04,27.0,15.1,19.6,84,51,1015.5,0.3,2.0,17.6,21.08,35946.84
2023-04-05,25.0,14.1,18.8,85,68,1016.1,0.1,1.0,19.4,21.83,38394.18
2023-04-06,24.9,16.6,19.6,85,80,1016.5,2.3,7.0,19.5,19.13,39941.88
2023-04-07,20.8,17.6,18.8,93,100,1015.5,15.6,20.0,13.4,3.91,0.0
2023-04-08,22.1,17.8,19.0,92,100,1017.2,3.7,12.0,20.2,12.26,21791.51
2023-04-09,21.7,15.8,18.5,86,77,1019.5,0.8,5.0,19.0,11.4,21781.5
2023-04-10,22.9,13.9,17.5,84,13,1020.6,0.0,0.0,20.4,22.31,41510.6
2023-04-11,25.3,13.6,18.3,85,46,1018.0,0.1,1.0,15.5,19.58,38016.01
2023-04-12,25.9,15.3,19.7,85,71,1015.3,1.4,8.0,12.0,18.13,35582.25
2023-04-13,27.0,15.6,21.3,81,35,1013.0,2.3,5.0,14.1,20.54,41275.92
2023-04-14,22.9,16.9,19.7,90,90,1013.6,9.1,11.0,12.8,7.2,8998.01
2023-04-15,21.8,17.4,19.2,91,90,1016.6,4.9,6.0,19.1,13.54,33927.9
2023-04-16,24.8,16.9,20.0,84,67,1015.8,0.1,1.0,16.2,17.33,38789.17
2023-04-17,27.1,15.6,20.7,82,60,1009.4,20.7,5.0,23.5,18.49,34528.47
2023-04-18,22.9,19.0,20.6,89,99,1005.8,22.2,22.0,31.0,9.53,12797.91
2023-04-19,23.4,15.7,19.6,78,93,1009.0,17.5,5.0,21.8,19.65,34448.49
2023-04-20,20.6,12.3,15.5,73,27,1017.0,0.0,0.0,22.7,18.93,40738.26
2023-04-21,21.2,9.3,14.4,86,38,1020.4,0.0,0.0,18.1,19.69,38633.35
2023-04-22,22.7,11.4,16.1,85,17,1020.3,0.0,0.0,17.7,20.8,40589.25
2023-04-23,23.5,13.9,17.6,86,51,1020.8,0.0,0.0,17.5,18.56,36797.93
2023-04-24,23.5,13.1,17.0,82,9,1021.4,0.4,2.0,20.3,19.54,40443.18
2023-04-25,24.3,12.8,17.6,85,91,1020.1,0.0,0.0,11.7,18.47,34024.49
2023-04-26,24.0,15.4,18.4,86,76,1016.9,4.3,5.0,22.2,9.04,14505.93
2023-04-27,23.2,16.3,19.0,86,80,1015.1,3.0,13.0,18.1,13.97,25404.03
2023-04-28,18.9,15.3,17.1,90,99,1018.0,1.7,11.0,13.9,6.08,1519.39
2023-04-29,22.3,14.3,17.5,88,79,1019.0,1.7,6.0,16.2,15.27,36719.74
2023-04-30,24.6,16.1,19.2,85,72,1018.1,0.2,2.0,20.0,14.59,28347.07
2023-05-01,24.7,16.4,19.6,84,59,1016.8,0.4,3.0,13.1,16.89,35669.65
2023-05-02,24.3,16.2,19.2,87,67,1016.0,0.9,4.0,13.5,16.18,35329.43
2023-05-03,25.8,16.1,19.8,85,57,1016.2,0.0,0.0,14.6,16.24,30861.63
2023-05-04,26.4,16.6,20.4,79,77,1017.4,0.0,0.0,11.3,17.66,33617.84
2023-05-05,26.1,16.9,20.0,87,74,1019.8,0.0,0.0,15.7,17.15,33236.28
2023-05-06,25.2,17.3,20.1,87,78,1019.8,0.0,0.0,15.5,13.77,25081.84
2023-05-07,26.1,15.5,19.9,85,85,1018.2,0.0,0.0,11.9,17.11,36615.99
2023-05-08,26.7,15.3,20.5,77,69,1018.0,0.0,0.0,11.5,17.68,37708.96
2023-05-09,25.1,14.9,19.5,84,91,1018.4,0.1,1.0,17.1,14.67,32400.0
2023-05-10,20.9,17.4,18.8,91,99,1018.0,6.1,16.0,15.3,8.28,14116.96
2023-05-11,22.9,15.4,18.1,82,57,1016.0,0.9,4.0,20.5,17.37,37283.11
2023-05-12,19.5,12.6,15.4,81,76,1018.8,0.9,7.0,17.8,11.86,28134.03
2023-05-13,20.0,11.6,14.6,83,56,1020.2,0.1,1.0,19.0,14.54,36671.6
2023-05-14,21.6,11.1,15.2,80,36,1021.4,0.0,0.0,14.7,17.81,37385.81
2023-05-15,21.2,10.3,15.0,77,97,1021.3,0.0,0.0,11.5,17.48,34754.42
2023-05-16,21.6,9.2,15.0,75,16,1020.3,0.0,0.0,17.2,18.09,37179.92
2023-05-17,19.5,11.5,14.7,82,31,1021.4,0.4,4.0,17.9,15.56,37211.27
2023-05-18,20.6,9.9,13.9,85,42,1022.5,0.0,0.0,14.6,15.75,30334.31
2023-05-19,21.6,9.3,14.0,84,32,1021.3,0.0,0.0,14.5,16.97,30224.38
2023-05-20,23.2,9.8,15.3,76,52,1019.6,0.0,0.0,12.2,17.71,35491.54
2023-05-21,23.9,9.9,15.8,73,91,1018.1,0.0,0.0,13.3,15.74,34292.02
2023-05-22,23.7,11.5,17.3,70,87,1019.5,0.0,0.0,14.5,13.91,32057.44
2023-05-23,23.9,10.5,16.6,75,10,1021.3,0.0,0.0,15.6,16.5,36599.03
2023-05-24,23.7,11.3,17.2,77,24,1020.9,0.0,0.0,17.1,16.3,36336.27
2023-05-25,25.2,14.1,18.7,80,48,1021.5,0.0,0.0,14.5,15.21,33901.28
2023-05-26,26.0,13.2,19.0,67,28,1020.2,0.0,0.0,12.9,16.44,36639.54
2023-05-27,26.1,12.4,19.2,67,36,1019.0,0.0,0.0,17.4,15.67,36388.57
2023-05-28,22.6,14.8,17.8,81,86,1018.4,2.2,8.0,25.5,8.46,18469.07
2023-05-29,18.1,14.5,15.9,87,99,1021.3,0.5,5.0,20.2,6.7,4171.4
2023-05-30,20.2,14.1,16.1,82,100,1022.8,1.5,2.0,23.1,9.09,16690.38
2023-05-31,19.3,14.1,15.7,93,96,1020.7,35.1,18.0,13.7,4.83,5665.29
2023-06-01,20.0,14.2,16.2,90,87,1021.9,1.1,8.0,11.4,10.14,29739.3
2023-06-02,20.0,13.3,15.4,89,66,1021.9,0.0,0.0,13.0,13.46,27982.65
2023-06-03,22.6,12.8,16.3,83,38,1021.2,0.0,0.0,13.8,16.11,36680.34
2023-06-04,22.6,8.0,15.5,79,20,1022.1,0.0,0.0,10.7,16.39,36684.24
2023-06-05,21.5,11.5,15.5,79,9,1022.0,0.0,0.0,14.7,16.46,36410.34
2023-06-06,20.3,11.2,14.7,86,55,1022.3,0.0,0.0,11.8,15.62,32024.41
2023-06-07,22.4,10.9,15.4,78,39,1022.4,0.0,0.0,11.2,16.12,36414.72
2023-06-08,22.5,9.5,15.3,76,18,1021.8,0.0,0.0,7.1,15.43,35041.9
2023-06-09,23.6,9.4,16.3,70,0,1019.6,0.0,0.0,17.7,16.2,36416.15
2023-06-10,23.9,11.8,17.2,66,0,1018.5,0.0,0.0,20.4,16.2,36415.76
2023-06-11,25.4,14.4,18.8,62,0,1016.7,0.0,0.0,26.6,15.94,36414.7
2023-06-12,26.0,13.0,18.3,76,46,1018.5,0.0,0.0,21.2,14.46,28934.24
2023-06-13,16.8,15.3,15.9,91,100,1022.8,1.9,11.0,20.5,3.51,182.88
2023-06-14,17.7,14.9,15.7,94,100,1021.6,15.0,24.0,13.7,3.37,0.0
2023-06-15,17.0,13.9,15.6,95,100,1019.1,11.0,13.0,17.3,2.91,555.36
2023-06-16,15.8,10.0,13.3,88,63,1020.2,0.0,0.0,25.0,6.96,13793.12
2023-06-17,17.0,7.5,11.7,84,82,1022.8,0.1,1.0,14.9,13.04,36000.0
2023-06-18,17.5,9.4,12.3,89,69,1023.9,0.0,0.0,14.0,12.73,26368.71
2023-06-19,18.1,10.0,13.2,88,67,1025.8,0.0,0.0,16.0,13.43,28360.39
2023-06-20,20.6,11.1,14.6,84,41,1023.9,0.0,0.0,15.9,15.09,33058.36
2023-06-21,22.1,8.5,14.9,75,12,1020.9,0.0,0.0,13.0,15.68,36652.0
2023-06-22,22.9,10.4,15.9,72,61,1019.8,0.0,0.0,15.6,15.51,36645.26
2023-06-23,23.5,10.4,16.5,71,69,1018.6,0.0,0.0,15.8,14.76,36358.55
2023-06-24,23.8,12.5,17.2,71,2,1019.2,0.0,0.0,13.2,15.43,36630.72
2023-06-25,24.4,11.5,17.3,71,0,1020.7,0.0,0.0,11.2,15.7,36623.01
2023-06-26,24.8,10.5,17.0,73,0,1020.6,0.0,0.0,11.6,15.8,36894.49
2023-06-27,23.5,10.8,16.9,64,0,1020.3,0.0,0.0,19.4,16.06,36886.0
2023-06-28,24.3,11.6,17.2,68,0,1020.5,0.0,0.0,22.6,15.91,36876.89
2023-06-29,21.1,12.0,16.0,81,41,1023.8,0.2,2.0,19.2,12.75,36308.77
2023-06-30,21.3,14.4,16.3,86,70,1024.6,0.0,0.0,15.3,12.24,28413.93
2023-07-01,22.5,13.6,16.6,84,69,1021.9,0.8,5.0,17.1,13.45,28852.1
2023-07-02,20.3,12.8,15.2,86,62,1021.2,0.0,0.0,16.6,14.67,29634.71
2023-07-03,19.1,10.4,14.1,83,61,1023.8,0.1,1.0,18.0,11.77,29901.48
2023-07-04,20.0,7.8,12.9,82,37,1023.5,0.0,0.0,16.6,15.18,32275.33
2023-07-05,22.3,7.0,14.1,74,32,1022.3,0.0,0.0,14.3,15.56,34484.07
2023-07-06,22.3,7.6,14.9,65,1,1019.7,0.0,0.0,13.8,16.25,37341.03
2023-07-07,23.2,9.5,16.2,60,23,1017.9,0.0,0.0,16.0,16.19,37327.27
2023-07-08,25.0,9.8,17.7,58,58,1015.2,3.0,2.0,29.3,13.98,33428.43
2023-07-09,18.3,13.8,16.2,88,99,1019.0,10.9,13.0,9.4,4.38,5954.54
2023-07-10,23.4,13.4,17.6,85,99,1018.1,0.4,1.0,16.6,9.14,20843.99
2023-07-11,25.9,13.7,18.9,79,64,1016.4,0.0,0.0,16.8,13.6,35510.86
2023-07-12,26.8,14.7,20.0,70,47,1012.4,0.0,0.0,27.4,14.43,35898.55
2023-07-13,23.2,16.1,19.9,49,35,1009.7,0.0,0.0,43.1,16.81,37936.41
2023-07-14,16.3,8.8,12.3,69,24,1019.6,0.0,0.0,16.2,16.6,37961.28
2023-07-15,18.4,9.2,12.7,81,54,1021.1,0.0,0.0,18.1,16.41,37986.04
2023-07-16,23.7,9.3,15.2,72,61,1019.0,0.0,0.0,14.2,12.47,29994.6
2023-07-17,23.6,12.3,16.7,76,74,1019.8,0.0,0.0,15.4,14.16,37454.05
2023-07-18,18.2,13.8,15.3,92,100,1024.1,0.7,7.0,20.1,6.01,1250.1
2023-07-19,17.1,13.6,14.9,89,99,1029.1,2.7,8.0,21.1,6.92,6780.74
2023-07-20,21.4,13.3,15.8,83,79,1029.1,0.0,0.0,25.8,13.69,29932.28
2023-07-21,22.5,12.9,16.3,85,60,1027.2,0.0,0.0,18.8,15.41,32068.27
2023-07-22,22.3,12.5,16.3,81,46,1025.1,0.0,0.0,14.0,15.47,30963.2
2023-07-23,24.8,10.1,17.4,69,17,1025.0,0.0,0.0,9.7,15.76,36266.49
2023-07-24,25.2,12.8,18.5,65,12,1023.7,0.0,0.0,12.1,17.0,38215.94
2023-07-25,25.4,13.0,18.8,63,11,1020.3,0.0,0.0,11.2,15.33,38242.47
2023-07-26,26.5,12.4,19.3,64,5,1019.0,0.0,0.0,16.5,16.78,38269.04
2023-07-27,24.9,12.7,17.6,77,44,1021.6,0.2,2.0,19.2,14.8,37016.15
2023-07-28,26.9,14.9,19.4,76,59,1022.2,1.1,2.0,21.7,15.98,34264.26
2023-07-29,16.5,12.7,14.7,85,100,1024.8,0.3,3.0,21.2,6.41,1252.82
2023-07-30,19.9,12.5,14.7,83,82,1025.1,0.0,0.0,15.1,10.61,21757.79
2023-07-31,23.9,12.4,16.7,82,71,1024.2,0.0,0.0,12.3,16.06,30019.06
2023-08-01,23.1,14.2,17.1,85,66,1023.8,0.0,0.0,14.9,15.41,30040.72
2023-08-02,27.3,12.9,18.9,71,37,1021.8,0.0,0.0,8.4,17.72,38453.04
2023-08-03,27.1,12.0,18.5,63,0,1020.1,0.0,0.0,19.2,18.45,38478.55
2023-08-04,23.6,10.0,16.3,81,30,1020.6,0.0,0.0,10.7,17.88,38503.76
2023-08-05,26.5,12.2,17.8,71,38,1021.1,0.0,0.0,16.1,17.62,32310.32
2023-08-06,29.0,11.8,19.5,59,0,1020.3,0.0,0.0,11.4,18.5,38554.29
2023-08-07,29.0,15.4,21.8,46,7,1019.6,0.0,0.0,25.9,18.46,38577.6
2023-08-08,19.3,15.4,16.7,86,97,1025.3,0.7,5.0,22.7,7.69,11034.46
2023-08-09,26.4,14.7,18.0,83,74,1022.4,15.6,8.0,27.7,14.62,29860.36
2023-08-10,27.2,13.9,19.4,77,35,1018.1,0.1,1.0,13.7,16.08,38649.97
2023-08-11,28.9,15.5,20.2,68,9,1017.5,0.0,0.0,19.8,18.42,38511.2
2023-08-12,26.2,13.6,18.1,82,62,1019.2,0.7,4.0,19.4,15.56,36134.24
2023-08-13,17.0,13.1,15.2,90,95,1022.8,0.2,2.0,22.9,7.64,969.22
2023-08-14,19.3,13.1,15.6,90,100,1022.7,0.0,0.0,16.4,9.25,8060.73
2023-08-15,23.8,15.4,18.0,87,100,1021.6,0.0,0.0,19.5,12.45,25574.36
2023-08-16,24.6,16.0,19.3,85,85,1021.4,0.1,1.0,13.9,14.23,27579.52
2023-08-17,26.4,13.8,19.8,71,24,1018.1,0.0,0.0,12.8,17.8,38824.27
2023-08-18,27.5,15.8,21.3,57,1,1012.3,0.0,0.0,21.7,19.33,39339.62
2023-08-19,24.7,16.3,20.3,61,71,1011.8,0.0,0.0,25.8,16.74,34273.45
2023-08-20,24.9,13.3,18.7,71,97,1013.5,0.0,0.0,18.1,16.18,25907.83
2023-08-21,25.4,15.7,19.7,65,24,1013.4,0.0,0.0,25.4,18.81,39067.03
2023-08-22,28.8,12.3,20.6,55,18,1012.3,0.0,0.0,21.3,20.22,39835.02
2023-08-23,31.5,18.6,24.6,40,4,1009.7,0.0,0.0,28.9,19.39,40085.7
2023-08-24,31.3,20.1,25.1,41,15,1009.3,0.2,1.0,33.7,18.7,40078.36
2023-08-25,24.2,14.2,18.0,84,93,1013.6,4.3,4.0,25.3,13.05,19583.86
2023-08-26,14.7,11.6,13.2,90,100,1018.3,6.6,19.0,23.9,4.77,404.48
2023-08-27,13.0,10.9,11.5,90,100,1022.2,5.0,18.0,20.7,3.33,0.0
2023-08-28,15.1,11.1,12.8,91,100,1022.7,0.6,5.0,18.4,5.44,0.0
2023-08-29,20.1,10.8,14.6,89,76,1021.6,1.0,5.0,19.6,15.06,29296.53
2023-08-30,24.1,12.5,16.4,85,56,1018.4,0.0,0.0,20.0,18.9,35490.27
2023-08-31,23.8,11.0,16.1,81,47,1019.7,0.0,0.0,16.1,20.34,40522.33
2023-09-01,25.5,8.0,16.0,86,50,1019.1,0.0,0.0,18.9,20.28,35529.43
2023-09-02,29.1,15.3,21.1,77,98,1016.1,6.0,7.0,24.3,16.3,34361.87
2023-09-03,29.4,18.3,23.5,74,87,1015.6,3.7,8.0,22.7,19.75,38078.8
2023-09-04,30.6,18.9,25.0,65,94,1014.1,0.0,0.0,30.8,19.32,40725.05
2023-09-05,24.4,15.4,20.0,80,92,1019.9,0.5,3.0,23.0,9.51,15778.14
2023-09-06,19.8,14.9,16.5,85,100,1025.3,1.1,10.0,25.2,10.05,8425.81
2023-09-07,25.2,14.6,18.0,80,75,1022.9,0.0,0.0,22.6,18.67,38616.6
2023-09-08,29.1,14.8,21.4,65,93,1017.3,0.0,0.0,23.4,21.44,42013.35
2023-09-09,26.6,16.2,21.3,63,94,1018.0,0.4,2.0,29.2,14.49,24411.64
2023-09-10,26.2,14.9,19.5,80,81,1020.4,0.0,0.0,17.9,13.73,26010.65
2023-09-11,28.4,16.2,21.5,74,37,1018.0,0.0,0.0,14.3,21.47,39319.4
2023-09-12,29.8,16.1,23.7,42,0,1016.2,0.0,0.0,15.9,22.64,42332.5
2023-09-13,32.6,14.7,24.7,43,15,1011.9,0.0,0.0,25.9,22.26,42412.17
2023-09-14,25.5,13.0,19.3,76,85,1015.9,6.5,9.0,25.3,7.6,15021.19
2023-09-15,21.5,12.0,15.0,83,74,1020.4,0.3,3.0,25.4,17.27,37611.28
2023-09-16,28.0,12.6,19.3,74,27,1017.3,0.0,0.0,20.1,22.3,35815.82
2023-09-17,31.0,15.1,22.3,68,1,1016.8,0.0,0.0,15.4,22.89,42730.72
2023-09-18,31.3,17.1,23.9,61,17,1016.6,0.0,0.0,16.0,21.28,41296.15
2023-09-19,30.6,17.5,23.1,64,46,1016.4,0.0,0.0,17.4,20.76,42892.18
2023-09-20,29.9,14.9,21.0,76,50,1017.9,0.0,0.0,17.1,20.49,39267.92
2023-09-21,31.5,15.6,21.3,79,51,1016.2,0.2,2.0,19.4,21.47,39511.29
2023-09-22,33.9,17.7,24.3,68,47,1013.9,0.0,0.0,19.8,22.5,41489.0
2023-09-23,33.0,16.1,23.8,70,37,1013.5,0.2,1.0,18.5,21.86,41866.22
2023-09-24,35.7,18.2,27.1,53,64,1011.4,0.0,0.0,18.1,23.42,43169.01
2023-09-25,31.7,19.0,22.6,80,74,1013.4,1.0,1.0,20.3,20.6,33319.37
2023-09-26,34.2,18.9,26.0,64,52,1009.6,2.9,3.0,22.3,20.1,39600.0
2023-09-27,31.2,17.0,25.0,66,70,1008.6,9.0,9.0,39.0,18.01,33473.89
2023-09-28,16.8,14.0,15.4,85,98,1018.4,8.3,14.0,24.5,6.23,28.15
2023-09-29,22.6,13.5,17.1,82,91,1020.0,0.0,0.0,20.5,14.78,32250.83
2023-09-30,28.8,15.3,19.9,85,86,1016.4,9.5,7.0,25.6,19.3,37347.7
2023-10-01,23.4,16.5,19.7,91,98,1013.6,49.3,22.0,22.9,12.26,27478.7
2023-10-02,23.9,15.5,18.0,92,95,1012.9,1.2,4.0,18.5,11.5,15335.86
2023-10-03,26.2,15.9,20.0,88,86,1012.6,0.1,1.0,12.0,15.87,28849.93
2023-10-04,28.1,18.3,23.2,79,100,1009.3,0.4,2.0,27.1,14.37,19921.24
2023-10-05,28.2,17.4,21.9,84,94,1010.2,3.1,7.0,25.0,17.18,29172.03
2023-10-06,30.2,17.3,23.9,80,86,1013.0,0.0,0.0,20.3,22.87,43200.0
2023-10-07,29.6,20.2,24.6,76,98,1013.9,1.9,3.0,34.5,19.27,33481.63
2023-10-08,26.7,19.8,22.0,88,100,1014.6,30.6,24.0,14.9,10.96,16297.0
2023-10-09,22.9,15.8,19.9,87,93,1016.2,19.3,17.0,19.0,9.96,11580.54
2023-10-10,23.9,15.8,18.5,85,86,1019.5,0.4,4.0,21.9,20.73,41279.28
2023-10-11,30.5,15.8,22.5,76,42,1014.3,0.0,0.0,21.3,26.37,43200.0
2023-10-12,29.6,18.3,22.7,82,96,1011.2,13.3,12.0,22.9,16.88,27175.51
2023-10-13,18.3,14.0,16.4,91,100,1018.5,4.9,20.0,21.6,6.86,445.62
2023-10-14,19.3,13.9,15.9,90,100,1022.2,1.1,6.0,20.9,9.51,3197.38
2023-10-15,23.4,14.9,18.0,89,99,1021.4,0.0,0.0,17.9,15.98,32348.2
2023-10-16,30.2,17.2,22.7,81,81,1017.1,0.0,0.0,14.3,23.64,38933.18
2023-10-17,24.9,18.5,20.9,88,100,1017.1,7.6,10.0,25.1,15.07,22023.87
2023-10-18,22.8,16.4,18.8,88,81,1018.6,1.5,10.0,21.6,14.29,25351.41
2023-10-19,20.3,15.5,17.2,88,100,1020.1,0.9,8.0,19.7,12.45,6774.45
2023-10-20,20.8,15.0,16.7,90,100,1019.3,0.4,4.0,22.3,9.14,768.52
2023-10-21,21.9,15.2,17.4,88,98,1019.8,1.2,7.0,21.4,14.01,21192.45
2023-10-22,25.5,15.1,18.6,86,72,1018.3,0.0,0.0,19.8,25.95,40293.14
2023-10-23,30.4,15.8,20.9,84,95,1014.8,0.0,0.0,22.5,26.49,36376.42
2023-10-24,31.7,18.1,24.1,73,88,1010.0,2.7,3.0,26.3,24.16,37888.56
2023-10-25,23.8,17.3,20.2,87,89,1010.4,5.1,11.0,17.4,17.32,32666.7
2023-10-26,23.8,16.4,19.1,89,87,1010.1,14.3,16.0,17.9,17.39,27540.36
2023-10-27,26.3,16.2,20.0,89,100,1012.4,4.6,9.0,17.9,15.22,15764.91
2023-10-28,27.4,18.9,23.4,77,100,1010.7,0.4,2.0,32.0,23.22,36771.73
2023-10-29,27.4,20.9,23.4,81,99,1010.5,13.7,12.0,33.7,17.09,31670.84
2023-10-30,28.0,20.3,23.5,81,91,1011.8,2.2,3.0,19.7,19.92,36402.9
2023-10-31,28.3,19.4,22.6,84,90,1011.6,8.2,8.0,26.2,21.17,30023.98
2023-11-01,21.8,16.1,19.2,90,100,1014.3,8.2,15.0,23.6,13.83,15427.83
2023-11-02,22.6,15.5,18.4,87,94,1014.3,0.3,3.0,20.6,15.35,27282.78
2023-11-03,29.6,16.5,22.4,82,63,1008.9,12.4,6.0,32.9,24.89,41610.5
2023-11-04,25.4,15.4,20.9,72,76,1010.5,1.0,6.0,23.0,27.76,41280.84
2023-11-05,22.4,12.9,16.8,80,38,1016.8,0.0,0.0,20.5,28.7,45476.62
2023-11-06,22.4,12.1,16.1,81,39,1019.9,0.0,0.0,22.4,30.1,43609.73
2023-11-07,25.7,12.5,17.9,81,25,1019.1,0.0,0.0,18.4,29.71,42093.1
2023-11-08,31.0,13.5,22.2,68,5,1015.8,0.0,0.0,13.2,30.42,45572.31
2023-11-09,31.6,15.9,24.1,64,62,1014.0,0.6,4.0,18.8,27.06,43721.14
2023-11-10,30.1,18.4,22.3,83,62,1015.9,10.0,4.0,15.6,23.88,42029.39
2023-11-11,33.2,19.5,26.3,64,83,1011.7,0.0,0.0,21.8,29.22,43812.71
2023-11-12,35.2,20.9,27.7,52,61,1010.3,0.0,0.0,17.1,29.76,45790.56
2023-11-13,36.6,21.2,28.4,54,37,1010.5,0.0,0.0,21.7,29.47,45795.87
2023-11-14,36.0,20.2,26.0,70,43,1011.1,1.8,5.0,28.5,26.06,44142.46
2023-11-15,34.3,20.8,26.8,63,63,1011.5,3.4,3.0,23.5,27.03,45745.46
2023-11-16,31.6,19.0,26.1,65,90,1009.6,1.4,3.0,29.5,24.29,40947.19
2023-11-17,34.6,20.9,28.0,58,91,1008.2,0.2,1.0,21.1,26.96,41229.82
2023-11-18,33.5,22.6,28.0,60,94,1008.5,7.3,6.0,32.7,24.06,42479.86
2023-11-19,26.2,18.6,22.2,85,99,1013.9,8.5,13.0,21.9,15.07,20052.72
2023-11-20,25.4,18.6,20.9,86,97,1015.4,3.3,8.0,23.3,16.97,17175.2
2023-11-21,29.4,18.2,22.6,82,72,1012.9,8.8,8.0,15.8,24.15,42136.85
2023-11-22,28.6,20.4,24.5,77,81,1010.7,4.8,6.0,26.1,25.78,43820.99
2023-11-23,27.2,20.0,23.0,82,84,1013.8,21.9,13.0,24.7,16.83,26630.82
2023-11-24,19.9,15.0,18.1,87,100,1020.3,8.4,17.0,27.4,9.19,7983.65
2023-11-25,19.3,14.4,16.0,84,99,1020.1,1.7,8.0,18.2,10.03,8923.52
2023-11-26,22.7,14.9,18.4,86,95,1018.1,2.0,8.0,19.2,16.05,18209.05
2023-11-27,25.4,17.0,20.4,87,95,1017.8,14.6,12.0,14.7,14.94,21291.93
2023-11-28,28.4,18.0,22.2,84,94,1014.7,9.2,9.0,19.2,18.06,27186.01
2023-11-29,26.4,19.5,22.2,82,75,1012.5,6.6,7.0,29.6,21.01,37700.09
2023-11-30,27.7,19.5,22.9,83,48,1012.7,0.6,5.0,21.9,22.78,42558.45
2023-12-01,28.8,19.5,22.7,85,72,1013.7,0.2,2.0,19.0,27.02,37798.7
2023-12-02,31.1,17.9,23.5,79,53,1011.9,0.0,0.0,16.9,28.97,38230.15
2023-12-03,32.2,18.2,24.2,77,44,1010.5,0.0,0.0,21.1,30.86,48101.72
2023-12-04,30.5,18.5,23.3,80,90,1013.7,0.3,3.0,22.1,27.8,40102.18
2023-12-05,27.7,20.1,22.8,81,97,1016.8,3.1,9.0,19.8,23.63,39867.16
2023-12-06,29.7,19.1,24.1,80,84,1015.1,1.2,1.0,16.4,25.22,39249.12
2023-12-07,32.2,21.2,25.9,69,52,1013.1,17.2,4.0,19.5,29.06,45842.44
2023-12-08,30.0,18.7,22.7,80,89,1015.2,7.8,13.0,26.6,23.48,32718.65
2023-12-09,21.4,17.3,19.1,86,92,1017.5,1.2,10.0,23.3,12.89,11700.93
2023-12-10,25.3,15.2,19.7,83,80,1015.6,0.7,5.0,20.8,20.9,36681.98
2023-12-11,26.4,17.2,20.7,85,81,1013.5,8.5,15.0,24.7,20.85,36865.2
2023-12-12,23.6,16.5,19.3,84,67,1018.0,0.4,3.0,19.3,22.37,43219.37
2023-12-13,29.1,15.8,20.8,81,60,1015.4,0.0,0.0,21.4,27.07,45816.24
2023-12-14,31.5,17.6,23.0,80,67,1013.7,0.0,0.0,20.5,31.15,45692.65
2023-12-15,32.9,19.3,24.6,77,63,1013.9,0.0,0.0,23.1,29.59,45414.95
2023-12-16,31.8,19.3,24.8,76,54,1014.3,0.8,3.0,14.7,28.31,48402.8
2023-12-17,30.5,20.4,24.6,75,35,1013.1,1.2,5.0,17.3,25.55,48413.09
2023-12-18,30.9,18.8,23.3,77,49,1011.0,0.1,1.0,23.4,30.03,47803.53
2023-12-19,30.7,17.4,22.3,76,94,1010.3,1.1,1.0,27.2,26.84,40167.8
2023-12-20,28.7,16.1,21.2,75,83,1012.7,0.0,0.0,27.4,30.92,48431.88
2023-12-21,29.7,17.0,22.5,74,67,1013.9,3.4,9.0,18.1,26.1,48434.03
2023-12-22,31.3,19.1,23.9,79,45,1013.6,9.0,9.0,19.4,26.01,45835.49
2023-12-23,29.2,19.1,23.2,81,67,1013.6,11.5,11.0,17.3,23.32,41847.42
2023-12-24,28.6,20.2,24.0,77,76,1013.2,0.8,8.0,21.6,27.19,46168.19
2023-12-25,31.5,18.9,25.5,66,81,1012.4,0.0,0.0,21.2,30.0,48422.31
2023-12-26,26.3,18.9,22.7,79,99,1014.0,11.4,8.0,22.7,20.26,39433.15
2023-12-27,25.4,16.4,20.2,78,53,1017.2,0.2,2.0,22.9,24.93,46259.24
2023-12-28,30.6,15.0,21.7,76,3,1015.1,0.0,0.0,20.4,30.96,48392.14
2023-12-29,34.1,16.4,26.0,61,78,1011.2,0.0,0.0,25.4,29.39,39727.4
2023-12-30,24.4,19.0,21.8,75,93,1014.7,1.0,7.0,24.8,14.93,34562.73
2023-12-31,26.2,15.9,20.6,71,88,1016.2,1.1,5.0,24.2,22.94,41886.51
2024-01-01,26.9,17.3,21.3,73,68,1015.0,0.3,3.0,21.0,23.63,45082.31
2024-01-02,28.6,17.5,22.0,77,78,1013.0,2.5,9.0,19.7,26.44,45610.07
2024-01-03,28.9,18.9,22.0,86,92,1011.8,32.7,7.0,16.6,19.16,26846.11
2024-01-04,25.2,19.4,21.5,88,79,1012.7,3.4,21.0,26.1,25.1,42795.25
2024-01-05,25.1,18.7,21.0,86,78,1013.5,1.5,7.0,22.7,23.31,43659.61
2024-01-06,26.4,18.2,21.4,83,50,1014.0,0.3,3.0,18.3,26.01,44173.37
2024-01-07,29.7,16.9,22.8,80,32,1013.4,0.4,3.0,17.4,29.11,47205.46
2024-01-08,31.8,19.3,25.3,70,28,1012.4,0.2,1.0,18.2,29.15,47507.41
2024-01-09,31.5,19.4,24.8,72,27,1013.9,1.2,2.0,13.9,28.88,46992.96
2024-01-10,30.7,18.8,24.1,77,72,1014.1,17.5,8.0,15.1,27.63,44618.38
2024-01-11,30.3,21.1,25.0,74,70,1012.5,8.0,10.0,25.5,26.58,39376.83
2024-01-12,25.7,20.8,22.7,85,100,1012.4,18.0,11.0,22.2,11.4,11338.6
2024-01-13,22.6,18.0,20.3,89,100,1016.2,22.4,15.0,23.6,12.8,10722.59
2024-01-14,28.8,16.2,22.3,82,46,1015.9,0.5,4.0,10.5,24.54,40442.33
2024-01-15,29.3,20.3,24.6,75,54,1014.6,0.0,0.0,24.5,27.96,46464.67
2024-01-16,30.6,21.0,25.6,70,56,1014.2,1.2,7.0,22.5,27.98,46461.83
2024-01-17,31.8,21.4,25.6,73,90,1014.8,1.0,3.0,22.8,24.49,41626.1
2024-01-18,31.9,20.1,25.3,78,82,1013.8,0.4,2.0,17.6,25.98,41365.72
2024-01-19,29.7,21.3,24.5,81,92,1012.4,17.3,11.0,23.9,21.49,39510.72
2024-01-20,29.0,21.1,23.4,84,99,1010.7,7.7,14.0,26.9,17.97,20639.19
2024-01-21,25.8,19.7,22.0,87,79,1013.0,9.1,20.0,26.3,19.94,41276.68
2024-01-22,24.6,18.1,20.4,86,86,1016.1,0.9,7.0,22.8,20.66,33121.24
2024-01-23,20.2,16.5,18.4,92,98,1015.2,11.1,17.0,27.5,6.43,0.0
2024-01-24,22.8,13.9,18.2,88,57,1012.8,10.8,10.0,21.0,17.7,35682.06
2024-01-25,21.2,16.3,18.1,90,91,1013.3,11.1,17.0,28.5,16.33,31311.45
2024-01-26,21.7,15.9,18.2,87,89,1014.9,2.2,15.0,22.6,17.95,30518.04
2024-01-27,24.2,17.0,19.7,87,70,1014.6,2.3,9.0,15.9,19.75,32371.31
2024-01-28,25.2,17.1,20.1,88,78,1015.3,5.3,8.0,15.1,17.12,24265.1
2024-01-29,27.7,17.0,22.1,80,30,1014.3,0.2,1.0,23.3,26.32,46304.76
2024-01-30,28.5,17.2,23.2,73,38,1013.4,0.3,3.0,16.9,28.28,46283.76
2024-01-31,27.3,18.4,22.1,82,98,1014.8,6.9,5.0,12.7,20.59,37386.15
2024-02-01,25.0,17.4,20.5,87,81,1017.6,3.6,7.0,17.1,22.47,45442.95
2024-02-02,25.2,18.0,20.2,90,96,1019.5,13.7,8.0,16.0,15.43,17357.05
2024-02-03,25.1,17.8,21.5,86,100,1018.6,0.3,2.0,12.0,12.68,14118.76
2024-02-04,27.3,18.2,21.7,85,92,1017.5,5.4,5.0,25.3,18.48,26954.2
2024-02-05,27.8,15.8,21.9,79,79,1016.8,0.2,2.0,16.1,28.39,42529.22
2024-02-06,27.5,16.6,22.0,78,85,1017.4,0.3,3.0,17.1,26.99,45652.71
2024-02-07,29.7,17.3,22.5,82,90,1015.4,0.0,0.0,23.5,24.49,38180.57
2024-02-08,29.1,17.1,22.4,81,53,1014.5,0.0,0.0,20.2,27.67,46032.65
2024-02-09,30.6,18.2,23.2,80,74,1015.7,0.0,0.0,22.9,29.49,45997.95
2024-02-10,30.4,19.0,23.5,77,69,1017.2,0.0,0.0,22.3,28.79,45962.12
2024-02-11,30.6,18.1,23.9,76,17,1017.2,0.1,1.0,22.6,27.95,45925.2
2024-02-12,30.6,20.6,24.6,73,71,1017.7,2.1,4.0,23.2,25.84,44330.51
2024-02-13,32.7,21.2,25.3,69,93,1016.8,17.1,6.0,28.9,25.31,36991.24
2024-02-14,24.5,19.7,21.8,89,100,1017.1,28.7,20.0,19.3,9.92,10800.0
2024-02-15,21.9,18.0,19.8,91,91,1017.8,8.5,18.0,20.9,9.31,6844.98
2024-02-16,25.0,16.3,20.0,86,77,1016.2,0.3,3.0,19.0,16.13,28862.48
2024-02-17,26.1,16.1,20.0,88,75,1014.4,4.1,7.0,15.7,21.59,31534.49
2024-02-18,26.0,17.4,20.5,89,90,1012.5,6.3,7.0,14.2,19.88,23973.29
2024-02-19,27.3,18.6,21.6,84,49,1010.2,2.1,6.0,16.9,24.62,45588.56
2024-02-20,24.5,17.9,20.5,90,90,1009.1,26.8,14.0,15.9,14.85,22271.2
2024-02-21,25.8,18.6,20.8,89,94,1010.0,23.4,15.0,22.4,16.08,15278.68
2024-02-22,27.9,18.3,22.5,84,55,1011.0,2.8,7.0,17.1,25.29,43229.7
2024-02-23,29.5,20.3,23.8,79,60,1014.7,5.8,9.0,18.4,26.1,41826.66
2024-02-24,28.7,20.4,23.3,85,64,1018.5,6.1,8.0,16.6,20.7,37688.5
2024-02-25,27.3,20.2,22.7,90,99,1020.1,3.1,6.0,18.9,20.49,32211.27
2024-02-26,26.3,19.7,22.5,88,92,1018.4,2.3,9.0,19.1,18.71,38721.8
2024-02-27,29.8,19.7,24.5,80,97,1013.6,0.0,0.0,21.7,24.68,43443.26
2024-02-28,29.7,21.5,24.2,83,97,1013.2,5.3,6.0,19.9,21.37,33485.27
2024-02-29,29.3,20.5,23.6,89,99,1014.6,6.3,11.0,15.9,20.58,38863.15
2024-03-01,26.9,20.3,22.5,90,85,1014.4,8.0,13.0,20.9,19.42,33497.96
2024-03-02,26.3,17.9,20.9,84,51,1015.7,0.0,0.0,18.4,26.41,41221.18
2024-03-03,29.2,17.3,22.3,82,34,1014.2,0.0,0.0,16.6,25.05,43675.95
2024-03-04,29.4,17.5,23.3,79,30,1013.8,0.0,0.0,18.4,25.93,43425.35
2024-03-05,28.3,19.9,22.9,86,67,1014.5,24.3,11.0,21.2,23.58,35438.47
2024-03-06,24.5,19.4,21.2,90,84,1016.6,17.5,18.0,19.7,16.87,31904.1
2024-03-07,26.7,19.3,22.0,88,76,1018.5,2.6,6.0,19.8,20.13,36230.06
2024-03-08,27.5,20.0,22.7,86,99,1017.1,10.4,6.0,20.3,17.35,30173.04
2024-03-09,28.3,20.4,23.9,85,88,1013.7,3.2,10.0,25.1,21.85,38500.86
2024-03-10,26.9,20.5,23.1,88,85,1014.5,3.5,14.0,17.4,19.72,37699.17
2024-03-11,26.6,17.4,21.5,84,45,1017.9,0.2,2.0,19.7,24.58,41970.42
2024-03-12,27.1,16.3,20.1,86,54,1018.6,0.0,0.0,22.0,25.75,39752.12
2024-03-13,30.2,18.5,22.7,86,90,1016.7,0.0,0.0,20.4,24.19,39600.0
2024-03-14,30.5,19.4,24.2,82,59,1015.2,0.0,0.0,16.3,24.15,37908.54
2024-03-15,31.8,19.6,25.3,77,60,1012.6,0.0,0.0,16.1,24.92,42480.51
2024-03-16,30.7,20.7,25.9,71,53,1011.1,0.0,0.0,16.7,24.31,42456.12
2024-03-17,31.5,22.0,25.8,73,57,1012.6,9.9,6.0,20.7,23.35,42432.04
2024-03-18,29.3,20.1,23.6,86,86,1013.8,9.5,6.0,18.8,21.49,39410.57
2024-03-19,29.8,20.1,23.7,87,99,1012.8,1.0,4.0,20.4,21.05,37553.27
2024-03-20,29.8,20.1,24.5,82,79,1010.6,0.5,2.0,13.6,22.56,38582.74
2024-03-21,30.8,22.1,25.3,77,78,1010.8,10.3,5.0,29.6,23.84,42338.31
2024-03-22,22.2,17.1,19.9,92,100,1017.9,5.6,20.0,28.5,5.4,623.5
2024-03-23,19.6,16.6,17.7,91,100,1020.7,9.1,24.0,26.0,7.08,1405.83
2024-03-24,23.6,16.5,19.2,88,96,1018.2,11.2,14.0,16.3,14.75,30605.78
2024-03-25,25.9,16.8,20.2,88,70,1015.4,0.3,3.0,20.0,19.45,36169.06
2024-03-26,25.2,15.3,19.3,87,87,1016.9,0.8,4.0,19.5,18.53,30609.95
2024-03-27,22.2,17.2,19.2,87,100,1019.1,1.1,7.0,15.8,9.19,963.45
2024-03-28,22.0,17.3,19.1,92,92,1019.8,8.5,17.0,12.1,8.56,9398.0
2024-03-29,25.9,16.6,20.3,89,97,1018.4,4.6,8.0,12.9,17.11,33206.3
2024-03-30,25.9,17.4,20.7,87,51,1016.7,0.3,3.0,16.6,20.68,36000.0
2024-03-31,26.6,15.1,20.1,82,50,1015.8,0.0,0.0,15.1,22.19,32400.0
2024-04-01,26.4,15.7,20.2,77,96,1014.9,0.0,0.0,17.0,19.81,32400.0
2024-04-02,27.2,17.3,22.0,76,76,1013.6,0.1,1.0,10.6,16.92,33005.19
2024-04-03,27.7,17.2,21.6,83,26,1014.9,0.0,0.0,15.9,21.94,40620.01
2024-04-04,28.9,17.5,22.2,83,50,1016.3,0.0,0.0,15.7,22.87,39509.92
2024-04-05,28.9,16.5,21.6,81,31,1016.5,0.0,0.0,17.5,21.74,38713.4
2024-04-06,24.3,16.1,19.5,88,87,1017.6,1.1,6.0,17.9,14.13,29095.65
2024-04-07,27.1,17.6,21.1,83,73,1017.9,1.1,8.0,19.7,19.91,39687.65
2024-04-08,25.7,17.1,21.1,84,98,1015.7,3.0,5.0,11.8,8.7,10762.68
2024-04-09,26.2,18.5,21.7,83,55,1015.4,3.7,10.0,16.6,18.04,41282.44
2024-04-10,27.0,17.0,21.3,84,37,1014.2,0.0,0.0,15.9,20.19,40831.47
2024-04-11,26.6,17.9,20.6,90,81,1016.6,4.0,4.0,19.3,16.15,28786.33
2024-04-12,26.4,17.3,20.7,87,53,1018.5,0.1,1.0,19.2,19.81,39475.58
2024-04-13,26.7,16.4,21.0,84,72,1017.6,0.1,1.0,15.8,19.73,41213.55
2024-04-14,25.8,18.1,21.5,85,100,1016.2,4.4,9.0,10.8,11.49,16984.83
2024-04-15,25.5,19.3,21.5,87,96,1016.8,5.8,11.0,13.7,9.18,11835.43
2024-04-16,28.7,19.5,23.5,77,83,1016.7,0.1,1.0,15.5,18.83,38695.78
2024-04-17,27.4,19.5,22.4,80,95,1015.4,28.2,9.0,22.6,15.79,22213.59
2024-04-18,19.6,14.9,17.7,88,88,1018.7,2.0,6.0,17.2,7.49,3723.63
2024-04-19,21.7,11.7,15.7,83,30,1020.1,0.0,0.0,18.4,21.25,38455.52
2024-04-20,24.0,13.1,17.4,85,39,1020.5,0.0,0.0,18.8,20.8,40463.6
2024-04-21,25.7,14.7,19.1,82,51,1018.6,0.0,0.0,9.4,20.45,35570.51
2024-04-22,27.1,14.3,19.9,77,33,1016.4,0.0,0.0,16.4,20.56,38850.34
2024-04-23,28.1,14.1,20.8,66,17,1015.5,0.0,0.0,17.4,20.2,40373.84
2024-04-24,28.5,14.8,21.3,66,54,1015.8,0.0,0.0,15.2,19.69,39307.05
2024-04-25,26.4,18.9,21.1,86,82,1017.7,0.4,4.0,17.1,15.19,31212.44
2024-04-26,26.9,18.9,21.8,83,66,1017.3,0.1,1.0,14.6,14.99,37957.35
2024-04-27,29.7,17.6,23.1,72,20,1014.6,0.0,0.0,17.4,19.16,38699.4
2024-04-28,29.8,19.0,23.6,67,12,1014.0,0.0,0.0,22.4,17.83,38655.06
2024-04-29,29.9,18.0,23.3,74,46,1015.9,0.1,1.0,10.0,17.5,37065.27
2024-04-30,30.5,17.2,23.6,62,14,1015.5,0.0,0.0,13.0,19.03,39666.77
2024-05-01,30.2,17.1,23.6,57,4,1014.0,0.0,0.0,14.8,19.18,39643.17
2024-05-02,30.6,18.8,24.1,54,5,1011.7,0.0,0.0,25.3,19.19,39357.46
2024-05-03,29.9,16.9,23.1,66,36,1013.6,0.0,0.0,11.7,18.08,39130.81
2024-05-04,31.0,16.5,23.2,64,10,1016.5,0.0,0.0,18.2,18.93,38786.18
2024-05-05,30.4,15.8,22.4,64,16,1018.5,0.0,0.0,13.7,19.03,39029.66
2024-05-06,29.4,15.2,22.2,58,0,1016.9,0.0,0.0,15.3,19.18,39010.26
2024-05-07,29.8,17.5,23.4,57,34,1015.3,0.0,0.0,13.7,18.65,38763.04
2024-05-08,29.7,19.4,24.1,52,14,1015.6,0.0,0.0,25.0,18.56,38708.93
2024-05-09,29.3,17.7,22.5,64,83,1018.1,0.1,1.0,22.5,17.23,37506.3
2024-05-10,28.7,19.5,22.8,68,55,1016.9,0.2,2.0,14.5,17.5,37760.43
2024-05-11,29.1,16.8,22.9,57,44,1014.6,0.0,0.0,21.7,16.62,38111.54
2024-05-12,29.4,18.2,23.3,55,42,1013.1,0.0,0.0,21.9,17.87,37609.62
2024-05-13,29.7,19.9,23.9,46,33,1013.0,0.0,0.0,34.9,17.77,37374.27
2024-05-14,21.5,17.0,19.0,88,99,1017.3,2.7,11.0,17.4,5.95,6628.78
2024-05-15,19.3,16.1,17.2,87,100,1019.2,1.7,10.0,15.3,4.41,604.61
2024-05-16,28.6,15.3,21.1,73,88,1016.7,0.0,0.0,23.0,13.78,32400.0
2024-05-17,29.6,18.8,23.4,55,15,1016.5,0.0,0.0,25.9,17.24,37232.49
2024-05-18,29.4,16.0,21.6,66,34,1017.7,0.0,0.0,16.3,16.81,36173.39
2024-05-19,25.2,18.4,20.4,82,86,1019.0,0.2,2.0,15.7,10.92,26238.42
2024-05-20,25.4,17.0,19.9,85,77,1019.3,1.6,5.0,18.2,12.82,27637.8
2024-05-21,24.3,16.1,18.9,85,84,1021.9,0.0,0.0,14.9,10.1,19928.07
2024-05-22,27.3,16.4,20.7,77,42,1020.2,0.0,0.0,14.3,16.11,36596.13
2024-05-23,27.0,15.5,20.9,55,8,1016.8,0.0,0.0,22.0,17.27,37131.32
2024-05-24,25.5,17.4,20.5,64,48,1015.4,0.4,2.0,30.6,11.84,30540.28
2024-05-25,20.8,13.9,16.8,85,81,1020.1,1.1,7.0,21.6,10.85,25208.77
2024-05-26,17.5,13.5,15.0,90,100,1022.8,11.6,14.0,16.5,4.85,2283.07
2024-05-27,21.3,14.5,17.1,90,69,1020.2,18.6,15.0,19.3,8.71,22207.48
2024-05-28,19.0,12.8,17.2,84,73,1018.5,0.2,2.0,31.0,9.14,24190.05
2024-05-29,18.2,8.5,12.6,81,5,1022.3,0.0,0.0,13.0,16.76,36449.23
2024-05-30,17.7,6.5,11.8,87,71,1024.0,0.0,0.0,16.8,14.25,32646.48
2024-05-31,19.2,11.3,14.0,87,74,1025.1,0.0,0.0,17.3,13.01,29572.14
2024-06-01,22.1,11.3,15.4,81,50,1024.6,0.0,0.0,17.1,16.61,36676.81
2024-06-02,24.0,9.5,16.3,73,54,1023.0,0.0,0.0,13.8,15.97,36404.75
2024-06-03,22.8,11.4,16.9,78,31,1023.5,0.1,1.0,15.4,13.34,32239.74
2024-06-04,17.0,14.1,15.6,92,99,1025.0,0.5,5.0,22.9,5.69,7611.15
2024-06-05,21.3,14.6,16.9,84,59,1023.6,0.6,6.0,15.8,11.77,28836.1
2024-06-06,23.9,10.7,16.5,83,37,1022.2,0.0,0.0,10.5,14.95,34392.96
2024-06-07,24.0,11.2,16.7,79,30,1023.0,0.0,0.0,11.4,15.22,34226.63
2024-06-08,24.4,12.2,17.7,76,3,1022.6,0.0,0.0,12.3,15.96,36415.26
2024-06-09,26.1,11.1,18.3,70,35,1019.9,0.0,0.0,17.0,16.17,36414.74
2024-06-10,26.1,14.7,19.8,61,40,1019.2,0.0,0.0,19.4,16.08,36413.66
2024-06-11,24.9,13.6,18.3,69,12,1021.4,0.0,0.0,10.5,16.11,36412.05
2024-06-12,26.2,12.7,18.5,69,0,1020.7,0.0,0.0,12.7,16.19,36688.77
2024-06-13,25.4,10.0,17.4,63,1,1019.5,0.0,0.0,20.3,16.32,36686.26
2024-06-14,26.1,15.1,19.5,48,13,1019.4,0.0,0.0,25.1,16.25,36404.08
2024-06-15,26.8,14.4,20.3,58,30,1020.2,0.0,0.0,22.0,15.74,36400.47
2024-06-16,26.6,12.6,19.3,64,18,1018.7,0.0,0.0,13.0,15.74,36117.03
2024-06-17,25.8,15.8,20.1,48,18,1016.5,0.0,0.0,24.7,15.84,36671.41
2024-06-18,25.0,14.3,18.9,49,23,1016.8,0.0,0.0,25.4,16.22,36666.62
2024-06-19,25.6,12.7,18.6,51,2,1018.2,0.0,0.0,24.2,16.19,36661.48
2024-06-20,25.8,10.5,17.7,61,11,1020.0,0.0,0.0,11.2,16.02,36655.95
2024-06-21,24.9,12.1,17.6,61,43,1019.4,0.0,0.0,14.0,15.9,36649.95
2024-06-22,26.0,11.8,18.9,56,86,1017.4,0.0,0.0,23.6,15.4,36000.0
2024-06-23,27.4,17.0,21.5,49,20,1015.9,0.0,0.0,24.9,15.47,36635.87
2024-06-24,27.4,14.7,20.8,57,14,1016.1,0.0,0.0,25.0,15.43,36627.86
2024-06-25,21.0,16.0,17.6,89,99,1020.4,0.4,4.0,18.6,6.81,6010.87
2024-06-26,27.5,15.3,20.9,66,46,1016.6,0.0,0.0,30.2,15.0,36610.08
2024-06-27,23.3,16.4,19.4,73,65,1015.0,1.0,5.0,22.1,11.16,30348.68
2024-06-28,25.5,15.0,19.9,66,68,1014.4,0.0,0.0,29.1,13.06,36311.05
2024-06-29,24.9,14.5,18.0,77,70,1016.8,2.4,10.0,19.0,13.34,33469.32
2024-06-30,15.7,11.8,13.6,89,100,1020.8,1.0,8.0,15.8,5.5,1105.58
2024-07-01,17.3,11.6,13.5,88,89,1022.3,0.2,2.0,16.3,6.08,7480.19
2024-07-02,24.1,11.3,16.0,77,41,1021.6,0.0,0.0,11.3,15.32,37102.73
2024-07-03,24.8,11.8,17.5,65,8,1018.8,0.0,0.0,17.5,15.61,37090.33
2024-07-04,25.4,11.9,18.6,62,35,1017.7,0.0,0.0,14.0,12.14,29381.56
2024-07-05,25.3,10.7,18.1,61,20,1019.2,0.0,0.0,13.7,13.72,31843.03
2024-07-06,21.7,14.4,16.5,84,71,1022.6,0.2,2.0,18.9,13.86,35045.26
2024-07-07,26.1,12.9,17.9,77,58,1018.9,0.0,0.0,21.4,15.02,32525.69
2024-07-08,19.0,12.9,14.7,89,93,1019.2,2.1,8.0,16.1,7.2,13396.94
2024-07-09,15.0,11.7,13.4,94,98,1018.5,24.3,19.0,10.2,4.0,3747.67
2024-07-10,21.3,13.2,16.8,85,73,1016.5,5.4,8.0,23.9,12.18,36444.33
2024-07-11,25.6,13.2,18.1,87,93,1019.6,0.0,0.0,10.9,12.98,31458.37
2024-07-12,20.4,14.2,16.4,92,97,1025.7,0.7,4.0,23.7,7.29,11852.96
2024-07-13,15.3,12.3,13.5,96,100,1026.6,0.1,1.0,19.2,4.86,0.0
2024-07-14,24.0,13.3,17.1,81,89,1022.3,0.0,0.0,19.9,14.14,35016.7
2024-07-15,20.5,13.5,15.8,88,90,1025.1,0.1,1.0,15.4,11.51,33090.04
2024-07-16,20.8,13.6,15.8,89,89,1026.0,0.0,0.0,18.0,13.43,30048.1
2024-07-17,22.4,12.8,16.7,82,46,1024.9,0.2,2.0,8.7,14.52,30243.11
2024-07-18,22.8,12.2,16.1,80,35,1023.5,0.0,0.0,16.8,16.04,36878.61
2024-07-19,20.1,10.4,14.0,86,45,1026.3,0.0,0.0,11.2,15.85,34820.38
2024-07-20,20.1,10.1,13.7,87,64,1025.3,0.0,0.0,11.6,16.07,35602.75
2024-07-21,22.1,11.0,15.5,81,40,1023.6,0.0,0.0,17.5,16.95,34557.86
2024-07-22,24.5,9.1,15.8,78,25,1023.5,0.0,0.0,17.1,16.92,35862.6
2024-07-23,23.0,6.3,14.8,72,41,1024.8,0.0,0.0,11.9,17.05,34611.38
2024-07-24,23.1,10.3,15.9,66,51,1024.5,0.0,0.0,15.2,17.44,38238.1
2024-07-25,24.8,9.2,17.1,62,4,1021.9,0.0,0.0,15.8,17.56,38264.72
2024-07-26,24.7,11.3,17.9,60,57,1020.4,0.0,0.0,9.7,16.88,36000.0
2024-07-27,25.7,12.5,18.5,61,89,1020.7,0.0,0.0,10.9,14.13,34545.56
2024-07-28,27.6,11.2,19.1,62,13,1020.3,0.0,0.0,20.7,16.79,38343.5
2024-07-29,26.4,13.4,17.6,78,57,1021.2,0.5,4.0,24.1,14.05,33288.45
2024-07-30,16.3,13.5,14.5,90,99,1025.8,3.1,11.0,20.1,4.6,1295.67
2024-07-31,22.0,13.2,16.2,85,70,1025.3,0.0,0.0,24.7,16.12,33435.87
2024-08-01,24.1,12.8,17.0,82,41,1024.6,0.0,0.0,15.0,17.37,37028.71
2024-08-02,24.9,11.8,17.4,74,4,1022.9,0.0,0.0,14.8,17.9,38469.97
2024-08-03,26.8,12.1,18.8,62,1,1021.4,0.0,0.0,14.7,18.04,38494.98
2024-08-04,27.0,12.7,19.6,65,17,1021.5,0.0,0.0,19.7,15.85,37138.63
2024-08-05,27.7,14.4,20.4,67,11,1021.0,0.0,0.0,12.0,16.86,38544.73
2024-08-06,27.6,13.5,20.4,59,18,1018.9,0.0,0.0,19.8,16.82,38569.44
2024-08-07,27.6,16.5,21.9,45,10,1015.6,0.0,0.0,25.8,17.27,38594.04
2024-08-08,30.9,17.9,22.8,44,50,1014.0,0.0,0.0,25.2,16.91,36000.0
2024-08-09,19.5,14.7,17.8,82,97,1017.3,12.1,13.0,15.5,4.4,0.0
2024-08-10,14.6,6.5,11.1,88,77,1020.3,33.0,13.0,20.1,8.1,19491.26
2024-08-11,19.6,5.9,11.5,70,93,1020.3,0.0,0.0,13.6,18.95,37023.72
2024-08-12,18.6,7.8,12.3,66,47,1020.0,0.0,0.0,19.8,19.68,39090.47
2024-08-13,13.8,6.1,9.1,86,53,1025.8,0.1,1.0,18.9,10.55,20736.61
2024-08-14,20.8,6.1,12.3,86,77,1023.4,0.0,0.0,15.6,17.99,34713.84
2024-08-15,27.0,8.7,16.8,72,36,1020.7,0.0,0.0,12.1,19.24,38784.9
2024-08-16,28.3,11.3,19.4,65,0,1019.6,0.0,0.0,11.0,19.69,39344.24
2024-08-17,28.9,13.3,20.1,61,0,1018.8,0.0,0.0,11.1,19.84,39600.46
2024-08-18,29.2,12.9,20.9,50,0,1018.8,0.0,0.0,12.5,20.22,39596.5
2024-08-19,29.7,12.4,20.9,51,0,1018.1,0.0,0.0,13.0,20.14,39850.65
2024-08-20,29.1,13.4,19.6,63,23,1019.6,0.0,0.0,17.6,20.33,39845.36
2024-08-21,27.5,14.0,19.3,72,36,1020.1,0.0,0.0,18.4,19.5,35318.9
2024-08-22,30.3,12.7,21.1,53,0,1016.2,0.0,0.0,20.0,20.5,40089.96
2024-08-23,32.1,15.2,23.2,45,21,1013.3,0.0,0.0,29.8,20.51,40339.2
2024-08-24,22.7,14.5,17.1,84,86,1018.4,6.3,7.0,31.5,14.93,21758.44
2024-08-25,15.0,9.0,12.0,91,100,1024.3,6.7,21.0,17.3,3.79,0.0
2024-08-26,15.1,5.4,9.8,76,19,1025.8,0.0,0.0,15.8,20.4,40566.74
2024-08-27,18.2,1.4,8.7,79,30,1026.8,0.0,0.0,20.0,21.39,39532.41
2024-08-28,20.4,6.1,12.0,85,20,1026.6,0.0,0.0,17.7,21.16,41055.6
2024-08-29,25.3,11.1,16.5,83,42,1025.0,0.0,0.0,15.2,19.76,36495.74
2024-08-30,27.2,11.2,18.6,69,1,1021.8,0.0,0.0,8.7,21.43,40520.86
2024-08-31,27.7,11.7,19.0,67,15,1020.6,0.0,0.0,14.3,21.58,41444.87
2024-09-01,30.8,12.8,21.2,55,67,1017.5,0.0,0.0,19.7,21.33,40496.25
2024-09-02,29.9,14.3,19.5,64,52,1015.6,0.0,0.0,22.1,20.28,41601.19
2024-09-03,31.6,13.9,21.0,70,37,1016.4,0.0,0.0,20.6,20.3,37367.43
2024-09-04,31.3,16.1,23.0,50,0,1016.6,0.0,0.0,24.0,21.84,41758.19
2024-09-05,25.7,15.4,19.6,68,29,1017.8,0.3,3.0,24.2,21.03,41836.81
2024-09-06,23.9,15.0,17.8,82,76,1019.7,0.1,1.0,21.7,16.68,29920.23
2024-09-07,32.6,15.6,23.3,62,45,1018.2,0.0,0.0,13.4,20.17,39409.5
2024-09-08,32.2,16.5,24.6,47,11,1019.3,0.0,0.0,15.3,19.19,42072.57
2024-09-09,32.7,16.8,24.4,46,0,1018.2,0.0,0.0,19.1,22.24,42150.92
2024-09-10,32.8,15.1,24.5,42,48,1015.5,0.0,0.0,19.5,22.17,41804.24
2024-09-11,32.5,18.1,25.5,32,77,1015.2,0.0,0.0,17.7,19.89,41346.35
2024-09-12,32.9,19.0,26.1,28,1,1015.6,0.0,0.0,19.2,22.76,42388.76
2024-09-13,33.4,17.9,26.2,29,16,1014.7,0.0,0.0,20.2,22.75,42468.98
2024-09-14,33.1,19.8,24.6,41,68,1015.8,0.0,0.0,24.3,20.3,38967.18
2024-09-15,21.6,16.8,18.4,84,99,1020.4,0.8,7.0,23.4,8.43,2557.22
2024-09-16,17.9,14.0,16.4,90,100,1021.2,8.5,19.0,22.8,6.54,0.0
2024-09-17,19.1,12.6,15.2,84,89,1022.9,1.2,8.0,24.7,13.86,32265.17
2024-09-18,21.9,13.2,16.4,84,78,1020.7,0.0,0.0,25.1,14.52,31950.91
2024-09-19,27.0,14.4,19.1,85,76,1017.5,0.6,2.0,17.0,20.49,41324.67
2024-09-20,32.4,15.2,22.7,70,41,1014.9,0.1,1.0,20.9,22.22,43038.28
2024-09-21,27.7,16.9,21.1,75,86,1015.9,0.8,2.0,18.9,16.58,24321.44
2024-09-22,31.1,16.0,22.3,74,13,1014.7,0.0,0.0,18.6,22.78,41881.95
2024-09-23,32.2,16.4,23.5,65,2,1014.7,0.0,0.0,23.7,23.45,43162.56
2024-09-24,33.8,16.7,23.2,67,10,1015.1,0.0,0.0,22.7,23.39,43182.31
2024-09-25,35.1,17.2,25.9,55,11,1012.9,0.0,0.0,17.8,24.11,42567.15
2024-09-26,35.8,18.6,27.8,43,19,1011.5,0.0,0.0,15.2,24.5,43200.0
2024-09-27,27.7,15.8,20.8,76,88,1014.7,1.8,9.0,27.1,16.39,29200.46
2024-09-28,23.5,14.4,17.8,72,65,1019.9,0.0,0.0,23.9,21.08,42074.26
2024-09-29,29.0,15.3,19.4,77,56,1019.6,0.0,0.0,22.6,23.97,39110.85
2024-09-30,32.4,15.1,22.1,71,28,1016.9,0.1,1.0,25.7,24.19,42442.4
2024-10-01,34.3,17.8,26.5,44,25,1012.3,0.0,0.0,19.7,24.93,43200.0
2024-10-02,36.4,18.4,25.9,47,46,1011.0,0.0,0.0,21.7,24.03,43200.0
2024-10-03,23.1,15.0,18.9,82,92,1018.1,7.2,15.0,31.4,13.55,25328.49
2024-10-04,19.0,14.2,15.7,89,98,1021.2,4.5,11.0,23.7,9.17,5044.87
2024-10-05,23.7,14.1,17.2,84,71,1020.0,0.2,2.0,21.5,20.6,34297.59
2024-10-06,25.3,13.7,17.6,84,55,1017.3,0.0,0.0,20.2,25.09,37893.23
2024-10-07,26.5,12.8,17.8,80,51,1015.7,0.0,0.0,18.6,24.98,42091.53
2024-10-08,33.7,13.5,20.2,78,70,1013.3,0.0,0.0,19.8,24.18,43200.0
2024-10-09,23.5,14.3,18.2,84,84,1016.6,0.4,3.0,25.1,20.56,33663.66
2024-10-10,27.4,16.6,20.0,85,98,1015.7,10.7,15.0,19.1,15.0,19873.58
2024-10-11,27.3,18.8,21.8,84,98,1011.9,7.4,16.0,27.9,11.53,11099.89
2024-10-12,26.8,16.2,21.0,80,62,1015.9,2.4,11.0,31.1,23.19,39204.47
2024-10-13,24.9,15.7,18.7,83,94,1023.7,0.2,2.0,25.6,20.21,34160.53
2024-10-14,25.1,15.5,18.6,83,100,1023.8,0.2,2.0,22.7,18.68,26409.78
2024-10-15,27.8,14.6,19.6,78,97,1018.6,0.0,0.0,19.3,25.68,43200.0
2024-10-16,27.5,15.2,21.0,79,41,1014.7,2.6,5.0,21.8,21.35,39634.95
2024-10-17,29.3,16.0,20.6,81,85,1015.1,0.0,0.0,22.8,25.63,42104.59
2024-10-18,28.7,14.9,19.7,83,96,1014.9,0.0,0.0,23.7,23.02,35988.7
2024-10-19,19.6,14.1,17.4,90,100,1014.7,8.7,14.0,23.7,8.58,1235.78
2024-10-20,20.3,14.1,16.8,91,100,1015.5,8.4,16.0,21.3,8.08,2023.79
2024-10-21,25.9,16.7,20.5,83,89,1017.7,0.3,3.0,20.8,17.93,39484.36
2024-10-22,29.4,17.6,22.9,80,71,1017.1,4.4,4.0,14.9,21.15,40839.14
2024-10-23,27.0,18.6,22.3,86,95,1014.0,13.9,12.0,11.2,14.38,22662.61
2024-10-24,28.1,20.2,23.4,80,72,1009.5,8.4,9.0,29.5,21.53,39600.0
2024-10-25,26.0,20.5,22.7,79,77,1009.3,4.7,7.0,41.9,17.02,32400.0
2024-10-26,28.9,17.7,22.1,82,83,1013.9,2.6,4.0,25.0,21.95,36579.32
2024-10-27,19.5,15.8,17.2,87,100,1020.4,1.3,5.0,21.6,10.2,1761.15
2024-10-28,22.2,14.8,18.1,85,97,1019.6,0.0,0.0,17.1,12.0,14470.07
2024-10-29,23.4,15.7,18.8,89,90,1017.4,0.9,5.0,20.0,13.85,16639.15
2024-10-30,25.0,15.7,19.2,83,52,1016.8,0.1,1.0,21.1,25.55,39292.92
2024-10-31,24.8,14.1,18.4,82,36,1017.1,1.8,5.0,21.5,25.75,45239.31
2024-11-01,27.5,14.7,19.8,80,83,1016.5,1.4,3.0,17.0,25.96,44189.19
2024-11-02,29.1,17.3,21.4,82,99,1015.8,13.3,6.0,16.5,17.12,23998.61
2024-11-03,22.0,18.8,19.9,91,100,1015.2,19.9,23.0,17.0,6.05,0.0
2024-11-04,23.3,18.5,20.5,90,96,1014.8,7.0,15.0,16.6,9.91,3736.49
2024-11-05,25.2,18.0,21.1,88,90,1015.1,17.6,13.0,16.4,19.82,35847.11
2024-11-06,25.9,19.1,21.5,88,95,1013.7,25.8,22.0,14.8,14.08,15435.8
2024-11-07,23.6,19.1,20.7,89,100,1010.5,16.3,14.0,28.8,6.24,8415.68
2024-11-08,23.0,17.1,19.7,91,100,1009.0,40.7,23.0,26.3,5.84,0.0
2024-11-09,21.0,15.1,18.0,88,88,1014.2,0.8,8.0,19.2,12.5,5537.15
2024-11-10,22.2,12.6,16.8,86,64,1015.7,0.1,1.0,17.4,21.87,41392.18
2024-11-11,27.6,13.5,20.4,75,21,1012.0,0.0,0.0,19.2,30.13,45765.31
2024-11-12,31.2,14.8,21.9,67,45,1009.8,2.0,6.0,14.7,26.36,42540.66
2024-11-13,21.0,15.0,17.6,84,99,1013.4,11.1,11.0,12.5,11.72,6415.57
2024-11-14,21.3,14.5,17.6,83,97,1016.1,0.1,1.0,12.6,13.42,15144.4
2024-11-15,26.8,16.1,20.0,81,80,1016.0,4.9,6.0,14.3,18.5,32346.38
2024-11-16,24.1,18.5,20.6,87,74,1015.9,18.5,18.0,7.6,14.44,32019.37
2024-11-17,25.8,17.1,20.9,81,48,1015.5,0.4,3.0,10.4,23.67,39955.79
2024-11-18,29.5,16.3,23.1,70,34,1012.9,0.0,0.0,10.0,28.02,44541.47
2024-11-19,30.6,17.1,22.9,67,18,1013.4,0.0,0.0,14.4,30.39,46587.05
2024-11-20,31.1,17.2,23.7,68,78,1013.7,1.9,6.0,11.9,24.7,42944.8
2024-11-21,26.7,19.0,21.9,74,97,1015.8,1.0,5.0,16.1,20.95,39240.13
2024-11-22,23.5,18.6,20.6,76,82,1016.2,2.0,9.0,14.7,14.62,20809.93
2024-11-23,24.1,16.9,20.0,75,72,1016.4,2.5,8.0,17.5,23.25,43631.14
2024-11-24,24.6,14.9,18.8,71,56,1018.5,0.2,2.0,13.8,20.22,41281.64
2024-11-25,29.2,14.6,21.5,64,39,1017.3,0.2,2.0,10.2,23.28,45181.11
2024-11-26,31.4,17.5,25.4,51,48,1014.2,0.0,0.0,13.4,25.32,47287.57
2024-11-27,33.5,20.9,27.8,44,61,1011.4,0.0,0.0,13.6,27.06,47317.56
2024-11-28,33.9,22.0,26.9,54,80,1010.7,5.8,8.0,17.5,26.19,42183.98
2024-11-29,26.6,20.5,23.1,82,97,1012.4,4.2,11.0,14.5,14.91,16407.27
2024-11-30,28.3,20.4,23.0,83,98,1013.3,1.7,10.0,13.2,23.28,44566.31
2024-12-01,30.4,18.9,23.4,78,62,1012.3,0.2,2.0,13.0,28.0,44652.46
2024-12-02,30.7,20.8,24.3,78,100,1009.8,6.2,9.0,21.6,22.54,38297.38
2024-12-03,24.2,19.5,21.4,91,100,1010.8,20.3,22.0,15.6,8.39,4729.36
2024-12-04,20.7,17.2,18.7,86,100,1015.2,2.3,8.0,15.1,10.78,112.64
2024-12-05,27.5,16.9,21.2,84,78,1014.0,15.6,15.0,13.2,18.74,34624.69
2024-12-06,29.7,19.7,24.6,77,62,1012.2,2.6,4.0,17.8,27.26,45577.21
2024-12-07,31.3,21.9,26.2,65,100,1011.9,0.2,2.0,20.2,24.87,38364.6
2024-12-08,28.2,20.6,23.3,77,100,1013.9,4.4,9.0,8.5,12.65,15418.0
2024-12-09,27.3,20.5,23.2,78,99,1013.3,3.5,9.0,12.6,14.36,18615.1
2024-12-10,26.9,17.4,21.9,85,99,1011.3,21.9,16.0,19.2,17.86,24550.89
2024-12-11,23.3,16.1,19.2,83,65,1014.3,1.2,10.0,15.9,24.48,44306.8
2024-12-12,25.5,15.6,19.7,79,48,1015.3,0.1,1.0,14.5,28.56,48358.34
2024-12-13,26.5,16.8,21.4,77,97,1012.8,1.3,6.0,11.7,22.63,41854.85
2024-12-14,25.6,19.2,21.5,83,97,1009.0,4.0,11.0,23.4,12.04,9318.2
2024-12-15,26.3,19.0,21.8,81,59,1008.3,7.0,16.0,22.2,24.32,39354.53
2024-12-16,28.5,18.9,23.3,63,34,1011.4,0.6,5.0,23.4,27.03,38749.97
2024-12-17,30.0,18.0,22.3,63,33,1015.6,0.8,2.0,15.2,27.78,47818.88
2024-12-18,29.4,16.6,21.8,66,34,1016.5,0.2,2.0,13.5,28.71,47553.75
2024-12-19,31.7,17.7,24.8,59,63,1014.4,0.0,0.0,12.0,29.98,46497.35
2024-12-20,31.2,21.0,24.4,70,90,1011.2,8.1,11.0,19.3,19.53,31263.4
2024-12-21,28.0,19.2,22.4,81,96,1013.0,18.0,16.0,15.6,19.76,24240.47
2024-12-22,26.3,18.6,21.7,86,100,1014.0,14.0,13.0,11.8,19.5,30702.83
2024-12-23,24.6,18.8,21.0,86,96,1014.9,4.6,18.0,16.9,17.73,23970.12
2024-12-24,25.9,17.0,21.0,80,73,1015.2,2.8,10.0,14.8,23.16,38585.75
2024-12-25,30.2,18.1,23.2,76,85,1011.7,9.3,6.0,10.5,25.6,36775.1
2024-12-26,25.1,20.2,21.3,91,100,1010.9,37.7,23.0,13.3,7.88,4702.96
2024-12-27,25.5,19.8,21.6,88,98,1012.3,30.1,20.0,15.1,13.6,16100.45
2024-12-28,28.2,19.1,22.4,84,71,1013.8,3.6,9.0,14.0,22.24,42760.74
2024-12-29,27.8,19.3,21.9,82,82,1013.4,4.8,13.0,16.1,22.54,32414.06
2024-12-30,26.6,18.4,21.1,82,71,1013.3,5.9,6.0,15.0,21.41,35689.83
2024-12-31,28.1,17.8,21.9,79,51,1014.0,4.2,4.0,10.5,26.05,46510.96
2025-01-01,28.5,18.1,22.3,79,62,1013.8,5.1,2.0,11.7,26.0,41432.91
2025-01-02,28.6,19.0,23.3,74,66,1012.0,1.4,3.0,15.0,28.51,46799.41
2025-01-03,27.6,19.4,22.5,80,51,1010.7,4.3,6.0,15.6,25.6,44712.74
2025-01-04,27.1,18.6,22.3,80,85,1010.3,14.4,4.0,12.9,21.61,29122.61
2025-01-05,29.6,17.3,22.5,73,57,1011.1,3.6,10.0,16.1,27.71,46423.82
2025-01-06,30.7,18.6,23.2,70,89,1011.4,1.7,7.0,15.3,26.22,46430.87
2025-01-07,29.4,19.2,21.7,79,90,1011.9,9.7,7.0,13.0,19.63,35559.69
2025-01-08,27.5,18.5,21.3,81,83,1012.0,9.1,9.0,15.6,21.53,34956.55
2025-01-09,25.1,17.9,20.5,79,70,1011.8,1.6,5.0,15.5,21.74,41610.29
2025-01-10,27.1,16.7,20.7,71,38,1012.2,0.0,0.0,12.9,24.24,47026.2
2025-01-11,29.7,15.7,21.2,69,34,1011.8,0.7,3.0,15.0,28.31,44665.63
2025-01-12,25.9,17.3,20.5,73,56,1012.3,1.4,4.0,16.1,20.61,44775.55
2025-01-13,25.8,16.0,20.0,70,40,1012.6,0.0,0.0,16.3,21.99,43617.41
2025-01-14,24.5,15.4,19.8,76,65,1012.3,1.1,2.0,14.8,19.51,39261.95
2025-01-15,28.7,17.5,22.2,70,57,1012.8,1.8,7.0,14.8,22.58,42335.76
2025-01-16,29.2,19.5,23.0,81,88,1013.9,11.1,12.0,13.2,22.11,32400.0
2025-01-17,27.2,20.6,23.5,81,100,1014.7,4.6,6.0,17.1,14.49,19076.34
2025-01-18,29.4,20.1,25.1,72,88,1014.1,2.7,5.0,18.1,23.77,44866.24
2025-01-19,31.4,21.3,25.9,70,70,1012.4,3.0,5.0,11.2,26.59,45592.49
2025-01-20,31.2,21.7,26.3,64,74,1011.0,0.0,0.0,16.9,28.34,45857.58
2025-01-21,31.9,22.9,27.2,58,77,1012.4,0.2,2.0,20.4,27.12,46420.98
2025-01-22,33.5,21.7,26.2,65,95,1015.7,8.8,5.0,10.1,24.49,43314.45
2025-01-23,30.5,21.4,23.9,80,77,1016.6,10.4,5.0,12.1,19.86,28540.3
2025-01-24,29.9,20.2,23.5,83,67,1015.8,22.5,7.0,11.0,24.58,43251.78
2025-01-25,30.5,19.3,24.1,78,78,1014.5,13.7,7.0,12.8,27.36,43200.0
2025-01-26,29.4,20.5,22.9,84,96,1014.3,23.2,11.0,11.3,20.5,28800.0
2025-01-27,25.8,18.9,21.8,87,90,1014.5,14.5,11.0,8.3,16.92,32430.16
2025-01-28,26.5,19.2,21.9,88,100,1013.7,13.7,12.0,8.7,16.55,22567.4
2025-01-29,26.2,20.4,22.0,88,98,1013.0,51.8,23.0,8.4,14.78,20779.15
2025-01-30,25.6,20.0,21.6,90,99,1011.9,47.5,24.0,12.7,13.47,14653.58
2025-01-31,25.1,19.5,21.2,89,100,1010.8,24.3,24.0,17.8,12.64,7700.66
2025-02-01,23.7,19.6,21.0,90,100,1010.3,19.6,24.0,13.5,9.05,1198.9
2025-02-02,26.4,19.2,22.0,87,99,1010.8,18.8,18.0,18.1,16.81,30773.85
2025-02-03,25.6,20.5,22.3,82,100,1012.6,6.5,14.0,19.9,10.84,8021.3
2025-02-04,28.2,19.8,23.3,77,98,1013.6,5.4,7.0,16.3,18.0,30766.07
2025-02-05,28.5,19.5,23.6,77,95,1014.3,1.4,5.0,12.3,24.27,44871.6
2025-02-06,29.4,19.4,24.5,73,66,1014.9,1.0,4.0,10.3,26.37,46069.83
2025-02-07,30.9,19.5,24.5,71,37,1015.3,1.7,6.0,9.5,25.05,44115.84
2025-02-08,29.3,20.8,23.6,77,68,1016.7,3.9,9.0,14.4,24.04,44927.54
2025-02-09,32.0,19.3,24.3,68,59,1017.2,1.9,3.0,14.4,27.55,41128.76
2025-02-10,31.1,19.6,24.8,66,61,1015.5,2.2,7.0,7.2,24.55,45447.93
2025-02-11,32.0,19.6,26.0,62,75,1013.6,0.0,0.0,10.6,26.88,44687.55
2025-02-12,32.1,21.1,26.7,55,45,1013.8,0.8,4.0,13.4,27.37,45857.67
2025-02-13,31.8,20.6,24.5,74,70,1015.2,14.2,6.0,11.0,21.3,29920.76
2025-02-14,29.1,20.3,23.3,82,85,1014.3,2.9,7.0,9.1,18.12,20372.64
2025-02-15,28.9,19.4,23.7,81,47,1013.5,1.0,5.0,6.5,24.34,45260.94
2025-02-16,32.0,21.2,26.7,67,82,1013.4,0.1,1.0,13.8,26.82,42065.74
2025-02-17,33.6,21.8,28.5,43,11,1013.4,0.0,0.0,13.9,29.36,45657.75
2025-02-18,33.1,21.9,26.0,62,48,1014.0,10.2,5.0,10.8,22.1,34759.19
2025-02-19,31.0,20.4,25.0,74,84,1014.4,9.3,5.0,12.4,23.89,39110.02
2025-02-20,31.2,20.8,25.1,77,79,1015.8,9.9,2.0,12.1,22.45,44182.91
2025-02-21,29.9,21.8,24.5,81,81,1017.7,2.4,7.0,12.5,22.53,38142.05
2025-02-22,28.2,20.7,23.5,81,61,1017.7,2.8,8.0,10.9,22.96,44630.12
2025-02-23,29.5,20.2,23.6,77,62,1016.9,3.9,5.0,9.9,22.51,43108.77
2025-02-24,30.6,19.9,24.7,70,71,1016.8,2.2,3.0,9.2,24.15,44982.08
2025-02-25,32.8,20.1,25.8,63,36,1017.5,0.3,1.0,12.6,26.52,44720.59
2025-02-26,33.4,20.4,26.0,63,20,1017.4,0.1,1.0,11.2,25.61,44460.39
2025-02-27,33.3,21.0,26.1,61,33,1015.9,0.3,2.0,12.1,24.51,44706.69
2025-02-28,32.1,20.5,25.3,66,19,1016.5,1.1,2.0,11.1,25.37,44196.25
2025-03-01,33.3,20.4,25.6,65,4,1017.3,0.0,0.0,16.1,25.82,44443.69
2025-03-02,34.4,21.1,26.3,61,5,1017.2,0.0,0.0,17.0,26.79,44187.61
2025-03-03,32.8,20.3,25.2,64,10,1017.5,0.0,0.0,16.6,25.41,43932.53
2025-03-04,31.9,20.1,25.3,58,11,1017.0,0.0,0.0,12.7,26.69,43929.79
2025-03-05,30.4,20.0,24.4,67,40,1017.9,0.7,6.0,11.6,24.07,43424.96
2025-03-06,31.1,19.2,23.7,67,6,1019.9,0.8,2.0,14.5,26.2,43172.28
2025-03-07,31.7,18.9,23.8,67,7,1020.1,0.0,0.0,15.8,26.01,43171.22
2025-03-08,32.6,19.0,24.3,66,25,1017.8,0.8,2.0,13.5,23.67,42919.81
2025-03-09,32.8,19.2,25.5,62,28,1014.2,0.0,0.0,14.0,23.63,38091.44
2025-03-10,31.1,20.0,23.2,72,69,1015.1,14.1,8.0,11.2,20.49,37479.48
2025-03-11,30.5,19.9,22.7,81,95,1017.1,14.0,9.0,8.5,18.3,29620.56
2025-03-12,29.3,19.6,23.5,80,77,1017.2,2.6,6.0,11.0,23.73,39055.63
2025-03-13,28.6,20.0,23.0,85,78,1015.1,4.7,10.0,11.5,21.75,38067.83
2025-03-14,27.1,19.1,22.1,86,66,1014.6,6.0,10.0,10.7,20.12,39012.34
2025-03-15,27.8,19.7,22.1,83,74,1015.9,6.1,12.0,15.4,20.85,40436.2
2025-03-16,24.5,18.5,20.8,86,86,1018.5,14.7,12.0,16.4,14.42,21680.39
2025-03-17,26.6,17.9,21.2,84,82,1018.7,1.9,6.0,9.4,16.39,26931.84
2025-03-18,29.8,19.4,22.4,81,82,1015.7,9.1,7.0,8.7,18.91,37865.38
2025-03-19,24.9,18.2,20.5,84,92,1016.1,2.3,11.0,16.0,14.97,34270.58
2025-03-20,25.3,16.9,20.0,79,56,1018.8,0.1,1.0,13.2,21.3,39600.0
2025-03-21,27.9,16.1,20.3,76,75,1019.3,0.1,1.0,16.4,20.86,38651.08
2025-03-22,30.8,18.1,23.1,69,40,1017.1,0.0,0.0,16.1,22.59,42322.9
2025-03-23,27.5,18.6,21.8,81,79,1015.7,8.2,5.0,10.9,13.61,25292.37
2025-03-24,27.1,18.1,21.9,81,59,1014.5,2.8,4.0,9.0,18.4,38676.72
2025-03-25,27.8,18.0,22.0,83,30,1015.5,0.7,4.0,11.4,21.86,41789.2
2025-03-26,25.2,19.0,20.7,88,78,1016.9,10.0,5.0,10.6,11.73,16239.18
2025-03-27,27.3,17.4,21.5,80,18,1016.2,0.4,3.0,12.0,22.05,42207.15
2025-03-28,29.2,18.4,22.5,77,57,1014.8,2.4,4.0,14.1,18.85,35511.58
2025-03-29,29.2,18.5,22.8,79,71,1014.4,1.6,4.0,9.6,20.6,41087.95
2025-03-30,29.6,18.6,22.9,74,77,1014.4,0.4,2.0,11.5,20.49,38508.52
2025-03-31,28.0,19.0,22.0,83,65,1016.2,11.0,8.0,14.4,16.2,38942.87
2025-04-01,28.0,18.9,22.6,84,68,1016.9,2.0,6.0,9.5,20.12,40119.45
2025-04-02,29.8,19.7,23.5,79,73,1015.3,7.7,9.0,10.7,18.62,39600.0
2025-04-03,27.6,19.9,22.8,84,82,1015.0,9.0,14.0,9.7,14.63,39542.68
2025-04-04,27.2,18.9,21.9,83,83,1017.7,6.5,15.0,17.0,15.94,36227.83
2025-04-05,18.6,15.5,17.3,85,93,1024.4,4.0,17.0,18.4,8.79,3160.22
2025-04-06,21.0,14.8,17.3,80,55,1024.8,1.0,4.0,19.3,16.34,33497.76
2025-04-07,22.0,15.6,18.0,80,58,1021.1,0.1,1.0,17.3,14.77,33569.69
2025-04-08,27.5,14.4,20.2,74,37,1017.6,0.3,2.0,9.3,20.43,41624.23
2025-04-09,28.8,17.3,21.8,76,65,1015.3,11.7,8.0,15.7,18.76,37325.2
2025-04-10,25.3,17.5,20.1,86,66,1015.1,6.1,8.0,14.0,14.14,25673.03
2025-04-11,25.5,17.4,20.2,79,65,1015.6,0.6,3.0,12.0,18.27,40030.55
2025-04-12,26.1,17.4,20.7,77,72,1016.3,0.4,3.0,11.5,18.72,39069.42
2025-04-13,28.2,17.9,22.1,71,95,1015.1,3.2,3.0,14.2,15.94,26534.88
2025-04-14,23.3,17.4,19.9,83,70,1016.1,2.5,12.0,13.4,16.12,32498.49
2025-04-15,25.3,16.5,19.8,80,68,1016.8,0.0,0.0,11.2,19.57,35442.61
2025-04-16,25.5,17.4,20.6,82,74,1014.6,2.6,9.0,8.9,14.61,29751.29
2025-04-17,25.9,17.2,20.8,82,64,1016.6,0.5,3.0,10.1,17.46,37144.73
2025-04-18,27.4,17.8,20.8,84,93,1016.6,16.8,6.0,10.2,14.85,25530.73
2025-04-19,25.8,17.3,20.6,85,66,1014.3,5.7,14.0,15.9,15.22,38781.18
2025-04-20,22.9,17.8,19.6,86,78,1015.0,2.2,17.0,13.7,17.45,38301.56
2025-04-21,22.0,15.8,18.2,85,66,1016.1,1.1,8.0,13.1,16.71,33714.99
2025-04-22,22.9,14.2,17.5,83,89,1017.1,0.1,1.0,10.9,15.83,33844.03
2025-04-23,25.3,14.1,18.6,83,89,1016.6,0.0,0.0,13.0,15.25,35371.54
2025-04-24,26.1,16.6,20.0,85,100,1014.2,25.8,9.0,11.1,11.4,22569.37
2025-04-25,22.1,17.7,18.9,93,98,1012.8,20.3,21.0,9.7,5.99,3600.0
2025-04-26,24.8,16.6,19.8,87,67,1013.5,2.0,8.0,9.0,14.78,32890.16
2025-04-27,25.6,17.5,20.9,83,80,1013.1,0.2,2.0,7.6,15.62,31210.75
2025-04-28,24.0,18.0,19.9,88,100,1012.6,6.5,14.0,11.8,10.16,16945.68
2025-04-29,22.2,15.7,18.1,83,86,1015.4,0.3,3.0,11.2,13.67,32282.59
2025-04-30,21.7,14.3,16.8,81,44,1018.0,0.0,0.0,12.4,17.77,38201.22
2025-05-01,22.4,13.3,16.7,83,61,1019.8,0.0,0.0,11.8,17.24,38159.78
2025-05-02,23.5,14.3,17.8,81,58,1020.3,0.0,0.0,10.1,18.06,34629.92
2025-05-03,25.6,13.3,18.5,77,71,1019.7,0.0,0.0,10.4,16.91,35650.9
2025-05-04,24.5,14.5,18.6,78,43,1020.2,0.0,0.0,10.7,18.13,37312.77
2025-05-05,24.4,13.7,18.7,73,40,1020.4,0.0,0.0,8.9,18.24,38409.68
2025-05-06,25.5,14.4,19.6,74,62,1018.6,0.0,0.0,9.0,15.87,33657.75
2025-05-07,28.0,15.4,21.1,68,34,1018.0,0.0,0.0,7.9,17.45,38220.4
2025-05-08,29.0,16.1,22.7,62,48,1017.0,0.0,0.0,9.5,18.03,38258.34
2025-05-09,29.0,19.3,24.1,53,64,1015.3,0.0,0.0,15.6,18.15,38561.57
2025-05-10,27.9,17.2,21.7,69,88,1018.1,7.8,9.0,16.0,10.16,20247.56
2025-05-11,18.0,15.2,16.7,87,100,1023.9,0.5,5.0,14.3,5.51,0.0
2025-05-12,21.4,14.1,16.9,85,76,1024.4,0.0,0.0,15.0,10.65,20281.6
2025-05-13,21.9,14.4,17.3,85,39,1023.1,0.3,3.0,10.7,13.92,36292.32
2025-05-14,22.2,12.9,16.7,83,48,1023.2,0.0,0.0,12.8,15.61,37023.43
2025-05-15,22.2,12.1,16.8,77,7,1023.2,0.0,0.0,9.6,17.01,37432.17
2025-05-16,24.9,13.4,18.4,76,31,1022.6,0.0,0.0,10.0,16.63,30741.65
2025-05-17,26.6,13.5,19.5,73,47,1020.8,0.0,0.0,8.1,16.79,36800.92
2025-05-18,26.6,14.3,20.5,65,72,1019.9,0.0,0.0,9.8,17.24,36715.19
2025-05-19,26.8,14.9,21.1,60,59,1019.4,0.0,0.0,7.6,16.29,36000.0
2025-05-20,26.5,15.1,21.1,61,3,1019.1,0.0,0.0,8.5,16.76,37044.36
2025-05-21,26.1,16.5,20.6,70,28,1019.1,0.3,2.0,9.4,15.75,36256.04
2025-05-22,25.5,17.5,19.7,80,79,1019.9,11.2,5.0,9.9,13.62,28690.73
2025-05-23,21.2,16.4,18.3,83,85,1021.7,0.8,5.0,11.6,11.19,28902.29
2025-05-24,22.1,15.3,17.8,81,65,1023.1,0.8,5.0,14.9,12.8,35617.91
2025-05-25,25.5,13.2,18.8,71,15,1021.8,0.0,0.0,11.9,15.95,36356.32
2025-05-26,26.0,13.5,19.7,69,74,1020.2,0.0,0.0,9.9,15.56,36000.0
2025-05-27,25.6,15.8,20.4,62,98,1018.8,0.0,0.0,16.7,14.69,33639.94
2025-05-28,25.1,18.9,21.0,61,84,1016.6,0.8,6.0,29.4,12.99,28983.65
2025-05-29,18.6,12.0,15.4,66,52,1020.2,2.0,7.0,20.9,13.32,23640.18
2025-05-30,19.7,8.5,13.5,70,10,1022.3,0.0,0.0,9.9,16.84,36388.97
2025-05-31,23.4,11.9,16.8,71,48,1021.1,0.0,0.0,11.5,13.98,35183.69
2025-06-01,23.4,12.4,16.8,77,46,1022.9,0.1,1.0,11.0,13.51,26350.31
2025-06-02,23.6,15.6,18.5,76,61,1024.0,0.0,0.0,12.3,13.41,26983.53
2025-06-03,22.7,14.8,17.8,81,74,1021.5,1.8,5.0,10.9,8.37,14529.45
2025-06-04,25.4,14.6,20.0,70,40,1018.2,0.0,0.0,15.8,15.21,34130.08
2025-06-05,26.0,16.6,19.9,75,99,1017.6,4.8,6.0,17.2,11.13,28084.39
2025-06-06,19.5,16.4,17.6,87,91,1019.3,2.2,8.0,9.8,6.13,12731.69
2025-06-07,20.7,15.3,17.6,87,96,1018.5,0.0,0.0,8.4,6.65,8650.42
2025-06-08,21.9,14.8,17.5,86,99,1015.6,4.0,8.0,15.0,9.2,14205.31
2025-06-09,18.8,14.2,15.6,90,92,1017.2,8.1,17.0,11.4,7.65,16812.8
2025-06-10,17.3,12.9,14.5,87,73,1020.1,1.8,12.0,9.0,11.18,29932.68
2025-06-11,15.8,10.2,12.9,86,74,1022.8,0.4,4.0,12.7,10.97,31504.08
2025-06-12,14.9,9.8,11.7,83,63,1024.5,0.4,4.0,14.0,10.94,34694.15
2025-06-13,17.6,9.0,12.6,83,70,1025.0,0.0,0.0,14.4,15.6,36408.96
2025-06-14,20.5,9.1,13.8,75,83,1024.2,0.0,0.0,13.3,14.87,34849.47
2025-06-15,19.8,12.1,15.4,69,77,1021.2,1.1,3.0,12.8,7.46,18000.0
2025-06-16,22.6,10.9,16.7,77,3,1023.2,0.0,0.0,9.1,15.28,36400.2
2025-06-17,23.8,11.7,17.3,71,0,1022.9,0.0,0.0,9.3,16.11,36675.48
2025-06-18,22.7,11.8,17.4,62,30,1022.2,0.0,0.0,12.9,15.88,36670.68
2025-06-19,24.9,13.0,18.9,61,44,1021.4,0.0,0.0,8.4,15.1,36000.0
2025-06-20,24.9,12.5,19.1,61,5,1018.7,0.0,0.0,13.9,15.33,36379.46
2025-06-21,23.2,16.1,18.7,69,61,1015.8,2.8,4.0,14.1,9.67,25407.55
2025-06-22,23.6,16.0,19.2,72,100,1014.2,1.3,3.0,11.9,8.7,22062.88
2025-06-23,24.7,16.9,19.3,68,62,1012.0,7.9,10.0,23.7,6.7,14400.0
2025-06-24,16.7,7.9,13.5,73,57,1018.7,4.6,5.0,16.9,14.5,36382.69
2025-06-25,17.1,5.5,11.0,76,1,1022.5,0.0,0.0,10.7,16.41,36899.26
2025-06-26,24.9,10.7,17.8,68,4,1018.6,0.0,0.0,15.7,15.62,36610.48
2025-06-27,23.6,15.7,18.2,82,80,1020.9,7.6,8.0,13.5,10.48,25387.7
2025-06-28,24.9,15.4,19.0,81,66,1020.7,0.0,0.0,12.3,12.26,24610.3
2025-06-29,25.4,17.7,21.0,62,83,1017.8,0.0,0.0,21.4,15.09,36301.18
2025-06-30,21.7,14.8,17.0,85,86,1021.7,0.1,1.0,13.2,9.42,22116.69
2025-07-01,14.9,11.4,13.6,89,100,1025.7,0.4,4.0,11.6,4.49,0.0
2025-07-02,12.5,10.7,11.3,89,100,1028.8,0.6,6.0,12.0,4.77,0.0
2025-07-03,14.3,10.6,12.0,88,100,1028.7,2.0,9.0,10.6,4.13,3600.0
2025-07-04,18.5,11.8,13.8,85,73,1027.5,0.4,3.0,11.2,10.6,30287.61
2025-07-05,20.4,11.2,14.8,79,95,1025.2,0.0,0.0,8.4,14.66,35302.91
2025-07-06,19.3,10.1,13.6,81,64,1024.3,0.0,0.0,12.7,15.1,31270.95
2025-07-07,19.5,10.7,14.1,79,64,1025.5,0.0,0.0,9.9,14.12,27655.49
2025-07-08,22.3,11.5,15.9,70,29,1023.7,0.0,0.0,11.8,15.69,33682.31
2025-07-09,20.0,9.1,13.9,78,36,1026.1,0.0,0.0,12.2,14.4,37132.21
2025-07-10,21.4,11.7,15.2,76,59,1027.2,0.0,0.0,12.0,14.36,36369.48
2025-07-11,22.0,12.1,16.6,74,64,1026.8,0.1,1.0,9.1,11.74,27811.45
2025-07-12,22.9,13.6,17.6,66,63,1026.0,0.0,0.0,13.1,14.03,36127.49
2025-07-13,22.5,14.0,16.9,64,67,1026.2,0.0,0.0,12.1,14.04,35249.17
2025-07-14,21.8,11.6,15.8,68,28,1025.5,0.0,0.0,11.0,15.59,37494.52
2025-07-15,22.5,9.3,15.9,63,8,1023.5,0.0,0.0,8.5,16.43,37995.99
2025-07-16,22.9,10.9,16.7,54,0,1022.1,0.0,0.0,9.2,17.11,38022.31
2025-07-17,23.8,10.4,17.6,48,39,1019.4,0.0,0.0,13.4,16.85,38048.79
2025-07-18,24.0,13.6,18.1,57,23,1018.3,0.0,0.0,20.2,14.91,33965.83
2025-07-19,20.5,10.3,14.4,68,29,1023.1,0.0,0.0,9.3,17.16,36590.83
2025-07-20,21.2,9.2,14.3,76,77,1023.1,0.0,0.0,9.4,15.76,35945.59
2025-07-21,24.9,11.7,17.1,73,59,1019.8,0.0,0.0,10.6,15.61,35228.65
2025-07-22,25.3,13.3,18.8,65,29,1018.7,0.0,0.0,13.7,16.21,35794.8
2025-07-23,21.5,13.0,16.7,65,3,1022.1,0.0,0.0,10.1,17.18,38207.63
2025-07-24,22.1,12.5,16.0,79,88,1022.6,0.1,1.0,13.8,14.2,29132.21
2025-07-25,18.6,13.6,15.8,85,74,1020.6,5.1,6.0,8.6,9.0,26393.33
2025-07-26,23.8,12.4,17.4,71,60,1020.1,0.0,0.0,8.4,16.28,38284.55
2025-07-27,26.5,12.6,19.8,58,35,1016.7,0.0,0.0,15.7,17.13,38310.06
2025-07-28,23.3,17.2,20.2,63,62,1014.3,1.7,6.0,30.4,15.01,38335.63
2025-07-29,18.8,10.5,14.4,58,3,1020.1,0.1,1.0,14.5,18.26,38361.24
2025-07-30,16.4,7.6,11.4,69,23,1024.5,0.0,0.0,9.9,15.05,38336.31
2025-07-31,19.8,7.0,12.6,72,5,1026.4,0.0,0.0,10.8,18.04,38412.49
2025-08-01,23.7,9.2,15.8,68,23,1025.8,0.0,0.0,11.1,18.04,38438.08
2025-08-02,26.3,10.5,18.3,55,79,1023.1,0.0,0.0,8.8,18.09,38463.61
2025-08-03,25.3,12.1,18.9,45,76,1021.3,0.0,0.0,14.8,17.89,38489.07
2025-08-04,22.5,12.4,17.2,58,100,1022.3,0.0,0.0,9.4,13.45,35012.43
2025-08-05,20.0,13.4,15.9,79,100,1024.3,0.8,6.0,12.3,8.9,9625.52
2025-08-06,18.9,13.6,15.5,80,86,1023.7,0.5,5.0,12.8,12.78,30944.11
2025-08-07,25.3,12.7,17.6,69,51,1019.0,0.0,0.0,10.0,16.82,38589.7
2025-08-08,25.3,12.4,17.9,73,63,1015.1,6.6,5.0,21.0,13.63,33297.38
2025-08-09,18.3,10.2,14.1,73,51,1017.9,2.3,10.0,15.4,14.85,29842.63
2025-08-10,15.1,8.8,11.3,79,59,1022.3,0.5,5.0,11.0,10.54,25174.33
2025-08-11,17.2,7.3,11.3,80,45,1022.4,0.0,0.0,13.0,17.24,31574.49
2025-08-12,19.4,10.2,13.2,75,53,1020.9,0.0,0.0,10.1,16.97,31113.8
2025-08-13,24.9,9.7,16.6,60,36,1019.8,0.0,0.0,10.3,19.3,35302.11
2025-08-14,19.2,11.7,14.6,70,24,1023.1,0.0,0.0,13.0,19.07,39092.62
2025-08-15,20.7,10.7,14.8,74,56,1025.1,0.0,0.0,14.4,18.63,38831.07
2025-08-16,23.4,12.8,16.3,77,73,1022.5,0.0,0.0,12.2,16.1,31977.59
2025-08-17,25.5,13.6,17.9,75,50,1020.6,0.0,0.0,8.9,17.22,35700.6
2025-08-18,23.6,12.5,16.7,77,42,1022.0,0.0,0.0,13.6,18.53,34123.41
2025-08-19,26.8,12.5,18.6,69,88,1019.3,0.0,0.0,13.9,15.66,31393.71
2025-08-20,28.8,16.5,22.4,49,73,1016.9,0.1,1.0,15.0,15.07,27469.41
2025-08-21,29.8,18.4,23.1,56,37,1017.8,0.4,3.0,12.3,17.11,37026.99
2025-08-22,31.1,17.5,24.2,50,7,1016.5,0.0,0.0,11.0,19.82,39833.28
2025-08-23,31.2,19.2,25.0,34,59,1015.6,0.0,0.0,16.0,20.51,40082.49
2025-08-24,21.7,15.0,18.1,72,83,1020.5,0.1,1.0,13.6,17.42,28800.0
2025-08-25,28.3,14.3,18.2,76,77,1021.9,0.0,0.0,13.3,17.54,35397.63
2025-08-26,23.0,13.6,16.8,80,82,1023.3,3.5,4.0,11.9,13.01,32129.49
2025-08-27,21.5,14.1,16.9,87,79,1023.3,5.0,5.0,11.6,15.12,31193.92
2025-08-28,24.0,15.0,17.5,82,81,1023.1,0.5,5.0,14.4,17.01,28817.09
2025-08-29,21.3,13.9,16.6,86,97,1021.5,8.8,5.0,9.4,8.66,6330.0
2025-08-30,22.5,14.7,17.3,82,52,1022.6,0.3,3.0,12.6,18.24,31899.48
2025-08-31,24.2,13.2,17.3,80,9,1023.2,0.0,0.0,13.5,19.38,41022.07
2025-09-01,24.7,15.0,18.6,79,44,1024.1,0.2,2.0,15.4,18.3,36885.68
2025-09-02,25.0,15.4,19.7,73,51,1023.3,2.2,2.0,14.1,19.09,39159.49
2025-09-03,27.3,14.4,20.4,64,9,1021.3,0.0,0.0,13.3,20.79,41659.76
2025-09-04,27.7,14.5,21.2,51,64,1019.2,0.0,0.0,10.2,21.3,41736.85
2025-09-05,30.3,15.3,20.1,61,42,1018.6,0.0,0.0,12.4,20.12,40168.23
2025-09-06,18.5,15.0,16.2,81,100,1022.4,0.3,3.0,13.6,8.55,2703.39
2025-09-07,21.0,14.7,17.0,82,96,1023.1,0.3,3.0,12.5,10.09,14824.34
2025-09-08,29.3,15.4,21.3,69,69,1019.1,0.0,0.0,12.0,18.14,32602.45
2025-09-09,26.6,19.3,22.8,49,24,1015.6,0.0,0.0,30.4,15.21,33302.11
2025-09-10,26.6,14.1,19.1,64,13,1019.9,0.0,0.0,11.4,22.72,40895.65
2025-09-11,30.3,11.4,19.6,61,32,1019.8,0.0,0.0,9.6,22.45,40881.42
2025-09-12,21.9,13.6,17.0,69,68,1020.9,0.0,0.0,13.5,19.86,35693.52
2025-09-13,22.8,12.2,16.1,73,72,1021.4,0.0,0.0,15.3,16.71,37159.55
2025-09-14,25.5,13.6,17.2,74,74,1020.7,0.0,0.0,15.7,19.75,35787.68
2025-09-15,28.2,14.1,18.8,75,57,1018.7,0.0,0.0,12.9,21.5,36505.94
2025-09-16,25.9,14.9,19.7,74,79,1016.3,1.5,1.0,19.2,16.08,33521.0
2025-09-17,23.9,15.5,18.3,73,60,1018.5,0.1,1.0,16.3,19.02,37386.71
2025-09-18,24.5,14.5,18.2,73,62,1019.5,0.0,0.0,12.6,19.97,37787.25
2025-09-19,31.2,14.8,21.8,65,71,1016.8,0.0,0.0,13.5,20.51,39481.85
2025-09-20,31.2,19.9,25.2,50,36,1014.0,0.0,0.0,15.6,21.5,43020.91
2025-09-21,33.0,20.5,26.2,49,92,1009.6,0.3,2.0,24.6,20.97,36269.36
2025-09-22,24.6,18.3,21.6,77,95,1009.3,9.1,10.0,26.8,11.43,15154.67
2025-09-23,19.4,13.2,15.9,82,77,1020.8,3.1,7.0,13.6,13.67,23024.02
2025-09-24,19.3,13.4,15.5,84,97,1026.8,0.5,5.0,16.5,10.6,10638.24
2025-09-25,17.0,13.0,14.5,82,97,1028.3,0.2,2.0,17.4,9.32,4409.03
2025-09-26,18.0,12.1,14.3,76,75,1025.9,0.5,5.0,17.2,15.21,34500.78
2025-09-27,24.0,10.2,16.0,69,46,1022.8,0.0,0.0,14.7,24.67,43200.0
2025-09-28,29.6,11.4,19.5,62,77,1018.5,0.0,0.0,12.5,22.4,36000.0
2025-09-29,30.2,15.7,22.1,60,37,1018.5,0.0,0.0,12.8,24.2,43200.0
2025-09-30,33.0,16.4,24.1,53,35,1018.4,0.0,0.0,13.2,24.94,43200.0
2025-10-01,28.3,16.4,21.2,69,82,1020.2,0.4,1.0,12.0,19.89,32499.1
2025-10-02,26.7,16.7,19.9,75,93,1021.6,0.0,0.0,12.7,16.88,23166.02
2025-10-03,28.6,16.9,21.1,74,99,1019.3,2.8,3.0,12.5,15.45,25904.81
2025-10-04,23.9,17.4,20.1,77,97,1019.4,2.7,5.0,10.4,9.09,8811.97
2025-10-05,30.7,18.1,24.5,52,12,1015.8,0.0,0.0,9.6,24.19,43200.0
2025-10-06,33.8,20.6,27.5,38,58,1012.0,0.0,0.0,12.4,23.97,39600.0
2025-10-07,22.8,15.5,19.0,79,100,1017.1,1.0,10.0,19.8,12.06,7353.82
2025-10-08,18.5,13.7,15.5,82,100,1021.6,13.8,15.0,16.9,9.53,1190.78
2025-10-09,22.5,12.6,16.4,78,97,1021.6,1.0,6.0,19.6,14.68,21042.48
2025-10-10,22.6,14.4,17.1,88,100,1019.7,18.5,13.0,13.2,11.99,15094.03
2025-10-11,24.7,14.6,18.7,85,76,1016.8,6.6,4.0,8.3,16.01,30388.31
2025-10-12,28.5,16.4,21.5,73,95,1013.2,2.4,4.0,13.8,20.82,35181.67
2025-10-13,24.9,18.0,20.6,80,84,1011.2,5.1,10.0,20.2,16.48,24441.06
2025-10-14,23.6,16.9,19.6,82,71,1016.6,0.6,4.0,15.1,18.58,40103.35
2025-10-15,22.7,14.8,18.1,82,80,1019.7,0.1,1.0,12.5,19.32,40606.93
2025-10-16,30.1,16.2,20.7,78,66,1016.8,0.0,0.0,13.6,25.78,41200.44
2025-10-17,32.3,16.7,23.9,66,71,1012.9,7.9,3.0,8.3,23.43,43473.44
2025-10-18,21.7,16.0,19.6,90,100,1012.7,26.3,21.0,23.1,7.35,7200.0
2025-10-19,15.9,11.2,13.7,85,89,1020.9,2.1,16.0,19.9,10.63,7472.43
2025-10-20,16.8,10.3,13.2,77,43,1025.3,0.3,3.0,17.6,21.31,43200.0
2025-10-21,20.2,9.5,14.1,73,14,1026.5,0.0,0.0,16.6,26.99,43888.43
2025-10-22,22.3,10.5,15.3,71,10,1026.2,0.0,0.0,14.1,27.19,44121.45
2025-10-23,24.0,11.2,16.8,66,22,1024.5,0.0,0.0,14.5,27.85,43200.0
2025-10-24,26.8,12.5,18.9,62,27,1021.6,0.0,0.0,13.7,27.55,43200.0
2025-10-25,28.8,14.2,22.1,52,46,1016.8,0.0,0.0,12.2,21.55,41358.78
2025-10-26,32.2,16.7,24.1,49,74,1013.8,0.0,0.0,10.6,25.02,42381.04
2025-10-27,22.3,18.5,20.2,74,91,1016.8,1.8,6.0,7.6,7.6,1190.22
2025-10-28,22.9,17.6,19.6,88,95,1018.1,13.7,19.0,8.7,12.17,12848.8
2025-10-29,25.6,16.6,20.7,85,86,1015.7,17.6,15.0,19.9,22.11,37394.13
2025-10-30,19.3,15.0,16.4,86,99,1018.9,7.6,14.0,10.5,10.88,7183.08
2025-10-31,22.0,14.6,17.2,89,83,1017.0,18.5,15.0,11.4,14.13,15794.99
2025-11-01,26.9,16.4,20.8,80,84,1015.9,1.1,5.0,10.8,23.28,39297.16
2025-11-02,21.4,17.8,18.9,92,100,1013.7,22.5,15.0,16.4,6.04,526.2
2025-11-03,25.9,18.1,20.6,82,84,1012.8,9.1,7.0,17.0,18.57,29466.5
2025-11-04,28.2,17.3,21.2,84,72,1013.7,3.0,9.0,10.7,21.53,35398.9
2025-11-05,28.4,18.9,23.0,78,89,1013.5,4.8,3.0,19.0,20.23,28804.79
2025-11-06,21.1,15.6,18.1,77,83,1017.0,1.3,6.0,14.6,18.64,32523.44
2025-11-07,28.9,13.9,20.0,72,67,1011.5,0.8,3.0,12.9,25.37,44448.08
2025-11-08,25.5,16.2,21.3,78,96,1007.8,7.2,13.0,25.6,14.84,19355.9
2025-11-09,21.1,14.2,16.6,76,82,1018.4,0.4,4.0,15.1,19.35,37268.37
2025-11-10,22.6,12.2,16.4,70,46,1021.0,0.0,0.0,14.5,26.9,45773.05
2025-11-11,26.8,12.0,18.0,67,11,1019.8,0.0,0.0,14.3,29.9,45506.68
2025-11-12,31.1,14.0,21.8,60,51,1016.6,0.0,0.0,13.6,28.92,45786.26
2025-11-13,28.1,18.6,22.5,61,99,1016.8,1.3,3.0,9.2,15.87,13836.2
2025-11-14,22.8,17.7,19.1,75,96,1019.3,13.2,5.0,11.7,13.83,16041.44
2025-11-15,25.3,16.7,20.4,73,97,1017.2,0.0,0.0,11.9,16.16,19281.21
2025-11-16,24.2,18.2,20.9,84,87,1013.2,11.0,13.0,15.4,11.58,18154.57
2025-11-17,26.5,19.0,21.6,85,95,1011.4,21.6,13.0,13.8,14.42,18246.66
2025-11-18,25.0,17.7,20.7,83,73,1008.8,12.5,19.0,23.6,18.81,35233.04
2025-11-19,24.4,14.8,18.5,70,23,1012.1,0.1,1.0,13.7,24.15,45461.25
2025-11-20,23.3,14.4,17.8,74,48,1016.4,0.2,2.0,15.1,24.12,46853.84
2025-11-21,30.4,13.5,21.7,57,9,1014.4,0.0,0.0,14.2,29.61,46848.44
2025-11-22,29.4,18.6,23.2,63,70,1013.5,2.0,4.0,10.9,24.59,46543.17
2025-11-23,25.5,17.6,20.1,81,86,1015.2,13.1,8.0,14.6,17.42,31237.89
2025-11-24,23.1,16.7,18.8,85,98,1013.9,27.0,20.0,12.8,15.13,22608.99
2025-11-25,22.7,15.1,18.0,80,47,1014.7,1.0,9.0,12.5,24.08,43644.38
2025-11-26,22.4,14.5,17.9,72,24,1016.8,0.0,0.0,13.7,30.46,47837.71
2025-11-27,26.6,12.0,18.0,73,36,1016.9,0.0,0.0,14.3,29.98,46508.53
2025-11-28,30.3,16.1,22.4,65,42,1013.3,0.9,3.0,13.9,27.66,44887.56
2025-11-29,31.6,17.3,24.2,50,14,1011.3,0.0,0.0,13.2,29.89,47966.73
2025-11-30,34.0,18.4,24.8,53,29,1011.2,0.1,1.0,11.3,30.08,47805.96
2025-12-01,33.6,19.3,23.8,68,76,1010.6,0.3,1.0,11.9,24.87,36830.13
2025-12-02,28.4,20.6,23.0,75,94,1009.4,16.5,9.0,14.4,18.35,28643.42
2025-12-03,29.3,18.6,22.5,76,92,1010.6,5.6,7.0,13.4,25.92,43200.0
2025-12-04,25.0,17.3,20.0,75,82,1013.3,0.4,4.0,15.3,19.92,35924.57
2025-12-05,30.4,16.0,21.1,70,56,1014.4,0.2,2.0,16.9,27.47,46867.54
2025-12-06,32.1,17.4,23.5,66,53,1014.3,0.9,2.0,12.5,27.48,47798.34
2025-12-07,32.1,19.9,25.0,63,74,1013.9,1.6,3.0,10.8,25.02,46932.56
2025-12-08,27.5,19.7,22.8,76,89,1012.9,16.8,13.0,17.0,19.09,36044.62
2025-12-09,21.7,18.9,20.4,89,100,1007.2,15.4,23.0,28.7,9.12,903.76
2025-12-10,26.7,19.2,22.8,69,73,1003.0,4.0,8.0,38.6,26.63,45727.19
2025-12-11,29.3,20.1,24.1,53,28,1006.8,0.0,0.0,21.6,31.71,48336.08
2025-12-12,29.9,18.2,23.3,63,80,1009.3,3.5,8.0,16.8,21.89,29520.89
2025-12-13,26.9,18.9,21.6,85,99,1009.5,24.5,23.0,19.2,18.27,16430.73
2025-12-14,26.6,19.4,22.2,82,95,1010.9,7.5,14.0,18.5,19.18,29576.25
2025-12-15,28.4,20.2,24.2,76,81,1009.9,2.2,5.0,14.5,25.73,45417.53
2025-12-16,29.7,19.3,23.3,83,89,1010.1,10.8,11.0,16.1,23.46,33168.82
2025-12-17,19.0,15.2,17.0,84,90,1016.3,7.4,13.0,19.1,11.45,4981.46
2025-12-18,23.8,14.6,18.5,82,76,1015.4,0.0,0.0,13.0,17.3,24677.54
2025-12-19,24.6,17.5,20.2,85,93,1015.0,0.4,3.0,12.9,17.6,20754.65
2025-12-20,27.1,17.8,21.5,80,67,1015.5,0.5,5.0,12.4,23.59,39933.85
2025-12-21,33.2,18.3,24.5,63,55,1014.3,0.3,2.0,13.3,28.88,47403.01
2025-12-22,31.9,20.7,26.4,52,81,1012.9,1.1,4.0,11.6,27.82,48273.89
2025-12-23,32.9,22.8,27.7,47,65,1013.3,0.2,2.0,12.5,26.89,48114.51
2025-12-24,33.5,23.1,28.3,47,60,1012.8,1.6,6.0,9.4,27.08,48423.03
2025-12-25,33.8,23.0,28.7,51,72,1012.3,1.4,4.0,9.3,26.88,46910.76
2025-12-26,34.0,23.1,28.0,55,80,1013.3,0.4,2.0,12.1,24.66,47899.24
2025-12-27,35.1,22.7,27.1,66,51,1013.6,4.4,2.0,9.7,26.75,47943.35
2025-12-28,35.0,23.2,27.9,61,48,1012.0,13.2,6.0,12.6,27.64,48255.21
2025-12-29,33.3,22.6,26.2,71,69,1012.0,5.0,7.0,13.6,27.59,46254.16
2025-12-30,31.3,21.0,24.9,78,71,1013.0,8.0,7.0,12.2,27.12,46018.42
2025-12-31,29.5,20.2,23.9,81,80,1013.9,8.0,10.0,14.9,22.06,37814.08
